PrincipalComponent,coi,c1i,a1i,c2i,a2i
1,1.2862258611005204,1.4697426746765616,100.0,4.7945484379673385e-17,212.21095130170875
2,0.0008839389776783657,3.903127820947816e-18,43.18036170680012,1.451938960355265e-18,227.57260471040138
