PrincipalComponent,coi,c1i,a1i,c2i,a2i
1,1.1915971403709178,1.2822336974714432,89.96327246774744,0.019451562573337522,219.78941816039227
2,0.013492259069852167,0.10592069860107592,43.17212944162861,0.0646071065363813,227.39585611421748
