PrincipalComponent,coi,c1i,a1i,c2i,a2i
1,1.26818053565193,1.4571369701136798,100.0,0.056277131791977485,203.63620248803196
2,0.024844551181819927,0.03693653593338526,40.99857691460642,1.2758819408231576e-18,225.0185870532481
