PrincipalComponent,coi,c1i,a1i,c2i,a2i
1,0.6419710692525451,0.7319131717799747,100.0,1.1336574778422681e-17,226.3081537157912
