PrincipalComponent,coi,c1i,a1i,c2i,a2i
1,1.2769700694240531,1.4560673638370898,100.0,0.04380590218906865,204.18598819243027
2,0.012959367874477976,0.015208498610822975,41.03463695255151,0.0,225.1807343429262
