PrincipalComponent,coi,c1i,a1i,c2i,a2i
1,1.2329259777741686,1.468797568338845,100.0,0.0636710717748624,202.74361428674385
2,0.032943820354678306,0.05610991667505508,41.07218011900737,0.005726378620793507,224.79840172249652
