PrincipalComponent,coi,c1i,a1i,c2i,a2i
1,1.2779287567205293,1.460119540144401,100.0,0.045442052637507065,204.25924614525078
2,0.01746061453653001,0.023607064347705976,40.99862600096442,0.0,225.18584451041443
