PrincipalComponent,coi,c1i,a1i,c2i,a2i
1,1.2535376686581194,1.4414113016235388,100.0,4.634758835744897e-17,210.95940993629355
2,0.03475982873644615,0.06440609179095937,43.04157227768161,0.047517612858717063,227.12645583302455
