PrincipalComponent,coi,c1i,a1i,c2i,a2i
1,1.2369533141403501,1.2770131824417144,94.4417747408366,0.0,217.7544520949481
2,0.018870120810748434,0.0959767189394626,43.61945669087989,0.06236022737981953,227.87764401404874
