PrincipalComponent,coi,c1i,a1i,c2i,a2i
1,1.263284918388439,1.4435521871843207,100.0,0.07398528431691627,202.78392856395823
2,0.02749316689794118,0.04132661820181003,40.9158272251172,2.3100367909177343e-18,224.79722084995527
