PrincipalComponent,coi,c1i,a1i,c2i,a2i
1,1.208669428540354,1.5286814091115644,100.0,0.0,209.27447762039472
2,0.04281795203263998,0.04875142511286643,42.71546344422306,0.02869444540097042,226.66880538269172
