PrincipalComponent,coi,c1i,a1i,c2i,a2i
1,1.1747672933635247,1.3890617896950253,91.22552870385901,1.2339500094514616e-17,218.89647824606158
2,0.023300458743860396,0.09034096834687114,43.410664696321184,0.05630249199535774,227.43558574690238
