PrincipalComponent,coi,c1i,a1i,c2i,a2i
1,1.2503628220799805,1.4396427921987802,100.0,0.08481901104637807,201.90721089469213
2,0.03086919480223444,0.05165370288986921,40.818612356391476,5.886606699946101e-18,224.56619419133497
