PrincipalComponent,coi,c1i,a1i,c2i,a2i
1,1.2278032515203856,1.381352940541276,98.43127634016834,3.831457382166774e-18,214.29290653206485
2,0.03380362408388531,0.05709608057166616,43.58986847878485,0.07940430783982558,227.78263731126054
