PrincipalComponent,coi,c1i,a1i,c2i,a2i
1,1.2834636321229815,1.47680220795064,100.0,0.0,209.88128258791602
2,0.003934516912637619,0.0030559452773885496,42.58750027187808,2.183536303750357e-18,226.88707205636513
