PrincipalComponent,coi,c1i,a1i,c2i,a2i
1,1.2807431972192282,1.4702254661710836,100.0,1.5659995487421727e-17,210.09681335776872
2,0.006656444102782144,0.005419032092809987,42.63216844215771,0.0,226.95015589305777
