PrincipalComponent,coi,c1i,a1i,c2i,a2i
1,0.6434026373802223,0.7262313319465745,100.0,0.0,227.48043685425122
