PrincipalComponent,coi,c1i,a1i,c2i,a2i
1,1.2051083277372205,1.518546007258869,100.0,1.5337820528363884e-17,209.55457843110707
2,0.04420773704179181,0.05830741798541736,42.8766207986523,0.02605423890718129,226.76568902298624
