PrincipalComponent,coi,c1i,a1i,c2i,a2i
1,1.2502978628927157,1.431221121662004,100.0,0.0,211.24862160382784
2,0.0356999885400954,0.07393126501229151,43.180584160340956,0.04501960094548918,227.22409241103875
