PrincipalComponent,coi,c1i,a1i,c2i,a2i
1,1.2842201340481763,1.4579332245892622,100.0,5.833479724383624e-17,213.04167195650555
2,0.0008424490688935381,0.0005030349064784592,43.397075721587456,6.091168580503181e-19,227.82657310571233
