PrincipalComponent,coi,c1i,a1i,c2i,a2i
1,1.2739575234742713,1.4408656317392845,100.0,0.05168634169981364,204.3602613185225
2,0.016282542222255517,0.019457473407343023,40.97422420769021,1.8186304898286043e-17,225.22046390093462
