PrincipalComponent,coi,c1i,a1i,c2i,a2i
1,1.2299036077698966,1.4529379116389527,100.0,0.06999220857297235,203.01322253482178
2,0.034710215340408045,0.06536462408730707,41.25231259492954,0.0030531663022434837,224.8980210479203
