PrincipalComponent,coi,c1i,a1i,c2i,a2i
1,1.233743946171528,1.2681063177637781,94.52169741720498,5.645636826429559e-17,217.8766971136226
2,0.021940958464123566,0.10106709997334228,43.74585969864913,0.06209567774926403,227.9445146945517
