PrincipalComponent,coi,c1i,a1i,c2i,a2i
1,1.2748163898359923,1.4440164823846928,100.0,0.053617425462433296,204.17678637044241
2,0.020511760845253385,0.028716056102861123,40.97870757396194,0.0,225.16400113086394
