PrincipalComponent,coi,c1i,a1i,c2i,a2i
1,1.1887403079391976,1.2771461754910505,90.25748229179244,0.014979862490841106,219.96704491311144
2,0.015351751042668085,0.11416706979588459,43.34981705051326,0.061141120319242126,227.5415768552814
