PrincipalComponent,coi,c1i,a1i,c2i,a2i
1,1.2602802281196421,1.4270710592148108,100.0,0.08143061554053103,202.8734052799129
2,0.030499799926394774,0.04724185338478056,40.98043640501209,1.5422139591517131e-18,224.83228839015942
