PrincipalComponent,coi,c1i,a1i,c2i,a2i
1,1.2256015817585018,1.370966147725447,98.56382401804434,0.0,214.37665407352995
2,0.0343107899385478,0.06700753327811995,43.70469486915565,0.0763276754506873,227.84650946946877
