PrincipalComponent,coi,c1i,a1i,c2i,a2i
1,1.274841064677379,1.4806235724140102,100.0,0.001058740441584412,207.31646472164869
2,0.011451627415396704,0.01106164018199595,41.89330841571951,4.8921121712145225e-18,226.12255801359086
