PrincipalComponent,coi,c1i,a1i,c2i,a2i
1,1.2473350672431078,1.4229876481952388,100.0,0.09213451253753148,202.18091030625163
2,0.03372273459113505,0.0581381865946865,40.98733017301203,2.982480810011397e-18,224.65801911548476
