PrincipalComponent,coi,c1i,a1i,c2i,a2i
1,1.1721951505754702,1.3795333586699479,91.30978584283014,7.620569969788164e-17,219.01100407421373
2,0.02561750504499338,0.09622464143815329,43.56254663843463,0.056104104029893236,227.50570850560698
