PrincipalComponent,coi,c1i,a1i,c2i,a2i
1,1.2650541204918768,1.4409310176389927,100.0,0.06374133980216387,203.72445489691765
2,0.027957180854262957,0.04269941243729627,41.07646965666589,3.526160390990731e-18,225.05872544126754
