PrincipalComponent,coi,c1i,a1i,c2i,a2i
1,1.179671506765567,1.399336352760592,90.75371888107391,0.0,218.94914026083484
2,0.020528143450939174,0.08669197126474834,43.22326901296247,0.05506617907227493,227.31576906711945
