PrincipalComponent,coi,c1i,a1i,c2i,a2i
1,1.2612318521928523,1.4508287868466763,99.99980567460172,0.0,211.30336170090877
2,0.03458542821396071,0.053449740422299996,42.97052695534121,0.05242843731714064,227.20142448359235
