PrincipalComponent,coi,c1i,a1i,c2i,a2i
1,0.6453064831350633,0.7376229723543138,100.0,4.0036607793086053e-17,225.84835852675198
