PrincipalComponent,coi,c1i,a1i,c2i,a2i
1,1.231676260018357,1.3923859696389398,97.75003947561356,0.0,214.47669841084843
2,0.033813182306182334,0.0467736476343335,43.42161873971258,0.08391943909600012,227.6722638406923
