PrincipalComponent,coi,c1i,a1i,c2i,a2i
1,1.2897267998624196,1.4828718060926422,100.0,4.3822991592865974e-18,210.08212979006464
2,0.002171655760270788,0.0014793770213154319,42.63209534800991,4.969200369643329e-19,226.93824275982894
