PrincipalComponent,coi,c1i,a1i,c2i,a2i
1,1.2859024980865905,1.4949279707786354,100.0,5.094521840383008e-17,207.6431629805004
2,0.0057988029248455435,0.005402300117702886,42.01049446788296,0.0,226.2152286932347
