PrincipalComponent,coi,c1i,a1i,c2i,a2i
1,1.2165878264773131,1.537992672145058,100.0,2.7392390901737078e-17,209.59063025806225
2,0.042391928490679645,0.038232297154114046,42.631877804689076,0.033261300586948116,226.72011563130872
