PrincipalComponent,coi,c1i,a1i,c2i,a2i
1,1.2680162958464016,1.476225931190088,100.0,0.048959278749508034,203.45034174265322
2,0.024618965595325778,0.03633362053627714,40.97093186716883,0.0,224.96485003532223
