PrincipalComponent,coi,c1i,a1i,c2i,a2i
1,1.2419022100015,1.2873937784006673,93.94153322265358,8.508846133150687e-17,217.97119942775518
2,0.016567155330476042,0.09187229781539137,43.48477089011888,0.0610690763730255,227.8051912141223
