PrincipalComponent,coi,c1i,a1i,c2i,a2i
1,1.2550691219140304,1.472961280106799,100.0,0.059463832909222705,202.66884107283494
2,0.028286806035871886,0.04586656568184509,40.86092412479567,0.000473436245361377,224.7471620983221
