PrincipalComponent,coi,c1i,a1i,c2i,a2i
1,1.2374483663226366,1.5015203122575134,100.0,0.03902732534379774,203.3184680916496
2,0.03202600424182495,0.04621240314958705,41.080588143711445,0.010025822424038842,224.93283110315363
