PrincipalComponent,coi,c1i,a1i,c2i,a2i
1,1.2730131480950384,1.4894387936520221,100.0,0.03134818061785884,204.26742537753535
2,0.02200890789843939,0.032062802915392735,41.13611185125164,0.0,225.19514896181428
