PrincipalComponent,coi,c1i,a1i,c2i,a2i
1,1.2813660833261875,1.4874281219886163,100.0,0.018590717276131877,205.25055652973194
2,0.009936823824346935,0.011964716041821168,41.41887002391022,6.14875709542455e-18,225.51486056437855
