PrincipalComponent,coi,c1i,a1i,c2i,a2i
1,1.1956314387629894,1.2875684574076844,89.12477036990606,0.02589716043154093,219.78860416595586
2,0.012748064718767708,0.09727860548997976,42.954942521713505,0.06816009724831897,227.19485658650322
