PrincipalComponent,coi,c1i,a1i,c2i,a2i
1,1.2825615326834736,1.4922316430892,100.0,0.019977468831395437,205.10050599639996
2,0.014094331941034365,0.01991353550766169,41.16686310783707,0.0,225.40906225307722
