PrincipalComponent,coi,c1i,a1i,c2i,a2i
1,1.1906209697204666,1.4171502574309809,90.91580428375062,8.874848653347015e-17,218.47453831253227
2,0.01859799838273948,0.06994325614304728,42.978136861516674,0.05664654051442147,227.20276937870003
