PrincipalComponent,coi,c1i,a1i,c2i,a2i
1,1.267885285484577,1.492239183072504,100.0,0.05651672893391272,201.55536791800768
2,0.02446212558884967,0.02760683007723017,40.423929242529184,0.005383439386864149,224.38590178609672
