PrincipalComponent,coi,c1i,a1i,c2i,a2i
1,1.2536842036469573,1.3042158881680133,94.14869792901109,0.0,217.47471229451872
2,0.013974158329797816,0.07585749153837079,43.304119738853366,0.06293890620144835,227.69922161199054
