PrincipalComponent,coi,c1i,a1i,c2i,a2i
1,1.2721352597323423,1.470177188191824,100.0,0.0,210.2965793636927
2,0.031981075400558855,0.035758692886404896,42.63313527238446,0.05438772273767273,226.89215611931695
