PrincipalComponent,coi,c1i,a1i,c2i,a2i
1,1.2806807036727184,1.4949124386002084,100.0,0.045647683536610875,202.618084680802
2,0.01932601695790502,0.023479971354806707,40.614599704911505,0.0004092400525053289,224.68963603341075
