PrincipalComponent,coi,c1i,a1i,c2i,a2i
1,1.2070486359688661,1.3036386124342914,89.42035221031074,0.0262603434754393,219.34576353343755
2,0.010223849537320523,0.08196698073590608,42.84446625755179,0.07017733147988296,227.13314804898985
