PrincipalComponent,coi,c1i,a1i,c2i,a2i
1,1.2855910231042935,1.5071881737325272,100.0,0.028465320637279783,203.50909068863038
2,0.016072502541343337,0.020787505901600414,40.83594688854221,0.0,224.93965799894832
