PrincipalComponent,coi,c1i,a1i,c2i,a2i
1,1.2926716557969697,1.4997865885366792,100.0,0.017067643914519978,204.26724093739304
2,0.00463124901987348,0.005184918848657537,41.1762001683326,1.31448617269558e-18,225.2213604667811
