PrincipalComponent,coi,c1i,a1i,c2i,a2i
1,1.249794043315217,1.5209582529355818,100.0,0.03694789641460577,202.26805059419763
2,0.028573672809349544,0.028380107209002522,40.66836932587463,0.013398194271614856,224.59987196671807
