PrincipalComponent,coi,c1i,a1i,c2i,a2i
1,1.2280937822543256,1.5568188195438097,100.0,0.0,208.49240710376213
2,0.03984518681395893,0.01970473896698677,42.21467950045869,0.03618126697746168,226.37661678108378
