PrincipalComponent,coi,c1i,a1i,c2i,a2i
1,0.6476581015226,0.7455867528304965,100.0,0.0,222.2044015728518
