PrincipalComponent,coi,c1i,a1i,c2i,a2i
1,1.2795519675620513,1.5049426522929878,100.0,0.06496212365598304,200.66611314200927
2,0.02056393958868948,0.016023649728140982,40.11212064581122,0.006148050637506657,224.10842823460277
