PrincipalComponent,coi,c1i,a1i,c2i,a2i
1,1.2623449174247567,1.3267497243143775,94.5812058743315,0.0,216.86229469750714
2,0.014304248912841844,0.05957049634086122,43.17106077816731,0.06608631213005003,227.61621984395586
