PrincipalComponent,coi,c1i,a1i,c2i,a2i
1,1.2172408324138773,1.3315130643248023,90.54673093681889,0.01782338388527488,218.9190046952251
2,0.008846922529603193,0.072243879138668,42.93598247487021,0.06747151084853394,227.27870187582093
