PrincipalComponent,coi,c1i,a1i,c2i,a2i
1,1.3048231616871204,1.5136629096018404,100.0,0.028679465077105254,203.02569797718382
2,0.004666559845029859,0.0050758318625853385,40.85292806052194,0.0,224.83245050030317
