PrincipalComponent,coi,c1i,a1i,c2i,a2i
1,0.6498943328264986,0.7590360627785202,100.0,0.0,218.62188349922292
