PrincipalComponent,coi,c1i,a1i,c2i,a2i
1,1.2922935248162644,1.5041864639822145,100.0,0.05674681924499524,201.24872335650147
2,0.015286412353954375,0.013401655052806495,40.3000810499036,0.00101567370002242,224.27252433230055
