PrincipalComponent,coi,c1i,a1i,c2i,a2i
1,1.1993314948506766,1.439564239197468,91.34437657867049,0.0,217.92439187964723
2,0.019716036547781614,0.052982473624659736,42.88581473019772,0.05952715818366891,227.138569634292
