PrincipalComponent,coi,c1i,a1i,c2i,a2i
1,1.302076752056946,1.5033895336107859,100.0,0.028902071141606575,203.06808207203818
2,0.001304667930636238,0.001583738589332976,40.88345403966115,1.7613564400810214e-19,224.86430914106327
