PrincipalComponent,coi,c1i,a1i,c2i,a2i
1,1.2612864379684665,1.531586106105464,100.0,0.0486412983843352,200.97288239993657
2,0.02480261685325863,0.017333340429052733,40.23312171440631,0.012706440318834927,224.20119587367742
