PrincipalComponent,coi,c1i,a1i,c2i,a2i
1,1.296988641833819,1.5149318253915711,100.0,0.04059501782996544,202.49173902888987
2,0.012298532895116263,0.01175576026724221,40.70471104378965,0.0,224.65628891002072
