PrincipalComponent,coi,c1i,a1i,c2i,a2i
1,1.2363142886640883,1.5806388153547506,100.0,3.8794580197511344e-17,207.27528706895737
2,0.03729659965745991,0.008565501130516448,41.8318584632092,0.033631287185515925,226.00369510396249
