PrincipalComponent,coi,c1i,a1i,c2i,a2i
1,1.2798724762042943,1.4944505262390892,100.0,0.0,209.16710439500233
2,0.03007865903000755,0.024199381236441338,42.27648461875634,0.051632781740366604,226.55735507158332
