PrincipalComponent,coi,c1i,a1i,c2i,a2i
1,1.2908799221452774,1.4972668187950682,100.0,0.09509872219522088,198.67108032969426
2,0.01509540130898879,0.009620827591702389,39.747876817968255,0.00327804442727219,223.53703825800045
