PrincipalComponent,coi,c1i,a1i,c2i,a2i
1,0.6531363333726826,0.7520633828458253,100.0,0.022523912282778946,214.22235921947598
