PrincipalComponent,coi,c1i,a1i,c2i,a2i
1,1.3072537635767232,1.507077871642642,100.0,0.06890267333563801,200.5556833249429
2,0.007812803976259946,0.005057982866480431,40.23128113509709,4.007599570999416e-19,224.09788799003346
