PrincipalComponent,coi,c1i,a1i,c2i,a2i
1,1.2603377760664014,1.4574417122992818,99.81043213875789,0.0,211.23124120485525
2,0.028217834299810934,0.013368512958506036,42.83315994554816,0.0739903479290489,227.18985856306045
