PrincipalComponent,coi,c1i,a1i,c2i,a2i
1,1.3132446276395018,1.5022135058217632,100.0,0.05831706534725254,201.1864367269504
2,0.0018114226300387872,0.0010033039516698509,40.4037493864375,6.168500830685925e-19,224.29352014331474
