PrincipalComponent,coi,c1i,a1i,c2i,a2i
1,1.2698858927325192,1.34873962489816,95.4365814874638,3.118669892190019e-17,215.7861912933301
2,0.015185689221017153,0.04247534084273238,43.07659211932487,0.07108795646963344,227.51983952071234
