PrincipalComponent,coi,c1i,a1i,c2i,a2i
1,1.2065457961740986,1.4619168147604118,92.16439040120333,0.0,217.18955314738017
2,0.021150538511850416,0.03558538101225458,42.822693481463595,0.06409593567100569,227.11750392271313
