PrincipalComponent,coi,c1i,a1i,c2i,a2i
1,1.226100575997238,1.3656915668256127,92.40532418580139,0.002306238452615636,218.17424583343168
2,0.006643197349584615,0.06601489669460213,43.11687537623829,0.061763771930344144,227.5110777100368
