PrincipalComponent,coi,c1i,a1i,c2i,a2i
1,1.2723245370644392,1.5240718699365041,99.99999999999999,0.08000372047812031,198.64086208186305
2,0.01939223541603223,0.010908718283934415,39.54699983361345,0.008701338343391709,223.4952619768102
