PrincipalComponent,coi,c1i,a1i,c2i,a2i
1,1.3030701882163365,1.4963313277049155,100.0,0.08578003950716864,199.7204387506638
2,0.010446500668282338,0.006736162590577847,40.04702179529324,6.562282336705169e-19,223.8551085629595
