PrincipalComponent,coi,c1i,a1i,c2i,a2i
1,1.2837359496900733,1.520388898545331,100.0,0.0,207.41171254745024
2,0.02589129845915171,0.019221388407748355,41.819409967512705,0.04342810906440275,226.04146863020915
