PrincipalComponent,coi,c1i,a1i,c2i,a2i
1,1.2703589508690152,1.4803232915237035,99.90726550474659,1.1067812900243726e-16,211.14602980274307
2,0.025561987453923022,0.010696487466140304,42.80638426381769,0.06453861819521563,227.16694107161706
