PrincipalComponent,coi,c1i,a1i,c2i,a2i
1,1.303245941418228,1.5230422383661923,100.0,0.08633182742718333,199.26020795732765
2,0.010047412766880565,0.006084295566491613,39.931183693495456,0.0003927769597034606,223.70769247809744
