PrincipalComponent,coi,c1i,a1i,c2i,a2i
1,1.2844861073590987,1.5499058481220471,100.0,0.07276610217840813,199.66658389633767
2,0.013990295520633363,0.007958426091919745,40.03207971207155,0.004230597349187706,223.81694802780066
