PrincipalComponent,coi,c1i,a1i,c2i,a2i
1,1.2790097795891868,1.3712741892778317,95.27439392487854,6.047192233739046e-18,215.7015136918516
2,0.015460715520245309,0.03041902573689942,42.98626526071057,0.07187174801881521,227.4387591576907
