PrincipalComponent,coi,c1i,a1i,c2i,a2i
1,0.6598167852616531,0.7697649531722016,100.0,0.016764370301088304,214.835892054899
