PrincipalComponent,coi,c1i,a1i,c2i,a2i
1,1.3184113542676401,1.5347462805595762,100.0,0.055719510282755534,201.20679329443203
2,0.003867071931441959,0.0011477145947741967,40.38505254688707,0.0,224.26848543367518
