PrincipalComponent,coi,c1i,a1i,c2i,a2i
1,1.2940911319127557,1.5432867970379918,100.0,0.0,207.5084283327163
2,0.022847959669784066,0.01582733514143503,41.79299433128642,0.034758577633936305,226.05137813341614
