PrincipalComponent,coi,c1i,a1i,c2i,a2i
1,1.2346663113787864,1.3904556534818309,92.43020446030987,0.0,218.01587870744538
2,0.0072714224429331,0.05497301375560547,43.06064041880908,0.06112017192770783,227.464595876049
