PrincipalComponent,coi,c1i,a1i,c2i,a2i
1,1.2144167246597732,1.4857176590620351,91.98916432536058,7.919000952985618e-17,217.15987321298948
2,0.022656766818817026,0.02221624605222018,42.739058366536426,0.06467583341343833,227.0445275375211
