PrincipalComponent,coi,c1i,a1i,c2i,a2i
1,1.2532131430807807,1.6267161904082346,100.0,0.0,205.81143879445636
2,0.027932358142511847,0.0,41.35537264809269,0.020022750646963152,225.56025354051474
