PrincipalComponent,coi,c1i,a1i,c2i,a2i
1,1.2964043357605797,1.5749694706416315,100.0,0.0,206.98367967193724
2,0.019917576911411335,0.011880847991812273,41.592304401814495,0.023189608429825766,225.87380934845206
