PrincipalComponent,coi,c1i,a1i,c2i,a2i
1,1.2146058097588204,1.5178585795716986,91.98295073537065,4.4335768388683864e-17,216.9277762461818
2,0.026262113365161648,0.0040579537364161785,42.65405843168563,0.06641260679628128,226.9739279015011
