PrincipalComponent,coi,c1i,a1i,c2i,a2i
1,1.2798727438156883,1.4028904277471066,95.22487816324485,0.0,215.38231129840986
2,0.018166692691036455,0.012914391231426998,42.887693691360134,0.07372717537375174,227.32037732337162
