PrincipalComponent,coi,c1i,a1i,c2i,a2i
1,1.2922641720297174,1.5729666504873718,100.0,0.07360190154850613,199.41451610886384
2,0.007559425942851207,0.003468256242480107,39.98588261243663,0.0011086195689587826,223.74744274136964
