PrincipalComponent,coi,c1i,a1i,c2i,a2i
1,1.23525615945527,1.4218289371627222,92.58325542002342,1.240462504974316e-18,217.586475565368
2,0.010667270314355848,0.0373863191223104,42.9750390506609,0.06351467849086759,227.3712378306208
