PrincipalComponent,coi,c1i,a1i,c2i,a2i
1,0.6602068500563365,0.7853155310079606,100.0,0.019211243664971435,214.20077984950606
