PrincipalComponent,coi,c1i,a1i,c2i,a2i
1,1.3207980240902941,1.5447728696191425,100.0,0.07170736458538234,200.1941366897816
2,0.0007675128235202696,5.421010862427522e-19,40.14303539475928,0.0,223.965415206737
