PrincipalComponent,coi,c1i,a1i,c2i,a2i
1,1.3108141187073277,1.5449607763949549,100.0,0.08619089383918886,199.1045683063006
2,0.0035428813148728616,0.0018111058458402456,39.889390663242494,1.3734033939448712e-19,223.65331234077698
