PrincipalComponent,coi,c1i,a1i,c2i,a2i
1,1.2587358780687943,1.6544868950802052,100.0,3.7239690909674425e-17,205.38195474793937
2,0.02051062676063536,0.0,41.393197006830825,0.009904281251901818,225.43934639017553
