PrincipalComponent,coi,c1i,a1i,c2i,a2i
1,1.2719477803082335,1.5122768967315756,100.0,0.0,210.63938768909566
2,0.02291906637074206,0.008631174216935263,42.66367818252797,0.050962233907992587,227.02286637097512
