PrincipalComponent,coi,c1i,a1i,c2i,a2i
1,1.2124302715136421,1.5287658405210254,92.40509891315764,0.0,216.54630192379705
2,0.026979965451372476,0.0,42.648645645242595,0.06574020636367575,226.96404324848402
