PrincipalComponent,coi,c1i,a1i,c2i,a2i
1,1.233050089362928,1.4325170191378787,93.03899317878877,1.8972477451726357e-17,217.17980796116692
2,0.01341786689626065,0.029313490925572037,42.97440805827201,0.06602427604963085,227.35415436845304
