PrincipalComponent,coi,c1i,a1i,c2i,a2i
1,1.2677951161719263,1.5243258719228618,100.0,5.637707058120422e-17,210.08833119857934
2,0.02217889158343936,0.008861629287014887,42.51597017937671,0.045698932379475435,226.86513965978298
