PrincipalComponent,coi,c1i,a1i,c2i,a2i
1,1.2775955813419722,1.4138177000986702,95.61581437980296,0.0,214.9645189973363
2,0.020557963410290453,0.004955183181287726,42.865762615457236,0.07618498070275263,227.29291864458187
