PrincipalComponent,coi,c1i,a1i,c2i,a2i
1,0.6588096987839207,0.7776572913458145,100.0,0.03477424185929473,212.2688023764133
