PrincipalComponent,coi,c1i,a1i,c2i,a2i
1,1.311123468622615,1.5384523008129762,100.0,0.10099146007883794,198.30185757077797
2,0.001834631628135785,0.001005525010594502,39.702425418714085,7.644068915429533e-19,223.42360390226682
