PrincipalComponent,coi,c1i,a1i,c2i,a2i
1,1.2929290375470441,1.5665775576567436,100.0,0.08906089856319331,198.54970287117513
2,0.005619416750707901,0.0023101315900645354,39.78217879128934,0.0004996417815761794,223.4992860397109
