PrincipalComponent,coi,c1i,a1i,c2i,a2i
1,1.2563106567777245,1.6647965833747038,100.0,0.0,204.83611398555522
2,0.01856424197181395,0.0,41.320420032094475,0.00660102723660288,225.30344779605818
