PrincipalComponent,coi,c1i,a1i,c2i,a2i
1,1.2926390103986753,1.5867977877295338,100.0,1.29593201216106e-16,206.23985791444207
2,0.019776506520263214,0.010711773771911147,41.40415369740519,0.018832947197408564,225.66029364317583
