PrincipalComponent,coi,c1i,a1i,c2i,a2i
1,1.2899986962423775,1.5742776736262107,100.0,0.09861174112970966,197.61523807492367
2,0.00248145930399288,0.0,39.57040258571849,0.0,223.23323680546304
