PrincipalComponent,coi,c1i,a1i,c2i,a2i
1,1.2260475665011887,1.4561445716144212,93.4868205748753,0.0,216.64085790917588
2,0.01652198006332041,0.01615479885926744,42.921152915792824,0.06932325976104774,227.30276621910673
