PrincipalComponent,coi,c1i,a1i,c2i,a2i
1,0.6519862004378225,0.7829613512145228,100.0,0.0450496548034262,210.18584927557518
