PrincipalComponent,coi,c1i,a1i,c2i,a2i
1,1.2064051170470125,1.5519326102755964,92.99801824975249,0.0,216.06956110333883
2,0.025665398736078975,0.0,42.6327835539259,0.055641946162897464,226.95978419189623
