PrincipalComponent,coi,c1i,a1i,c2i,a2i
1,1.2712231574154806,1.4375856675577514,96.06887311181619,0.0,214.40509934995242
2,0.020837535633433244,3.062025640386291e-18,42.807190854429265,0.07036498744493962,227.23477172375704
