PrincipalComponent,coi,c1i,a1i,c2i,a2i
1,1.2589262875059413,1.5493140834024062,100.0,0.0,209.29152596596128
2,0.021620383251828502,0.007272846829534952,42.30597975207839,0.03658856129888379,226.62681695044958
