PrincipalComponent,coi,c1i,a1i,c2i,a2i
1,1.2516966053048721,1.6850564879431318,100.0,0.0,203.58970240732492
2,0.013704722156055353,0.0,41.03456331829142,0.0014410378184450704,224.9505741203568
