PrincipalComponent,coi,c1i,a1i,c2i,a2i
1,1.2845238524195393,1.6110639489210952,100.0,0.0,205.11696801114235
2,0.01773378684046904,0.010572914467672853,41.12902313485525,0.009663076138803761,225.33995601753725
