PrincipalComponent,coi,c1i,a1i,c2i,a2i
1,1.1534542721695182,1.6209725287586012,88.73379453526174,4.6596745500823916e-17,217.44399000733978
2,0.02226627403753475,0.00010555251195413724,42.07717280280937,0.036035848615924175,226.32490908563605
