PrincipalComponent,coi,c1i,a1i,c2i,a2i
1,1.2052953804927127,1.6205243493369015,95.8937259972937,1.4032568170124182e-16,213.8048996413535
2,0.026356271774296412,0.0,42.59154718396095,0.015818801953500095,226.94725482703797
