PrincipalComponent,coi,c1i,a1i,c2i,a2i
1,1.253734869603283,1.6686127009168794,97.66310722676127,0.0,210.32470471086023
2,0.012827247854016788,0.0,42.18174257735083,4.778802282237769e-18,226.31887216374284
