PrincipalComponent,coi,c1i,a1i,c2i,a2i
1,0.6140718774217352,0.8631783785796343,97.74104006670179,0.0,220.5851289614517
