PrincipalComponent,coi,c1i,a1i,c2i,a2i
1,1.166806979088575,1.5322268874838765,88.69845122614839,0.0,217.84134359075313
2,0.02101189898114102,0.004800620744143816,42.2512633814622,0.05375126746885298,226.48919982128714
