PrincipalComponent,coi,c1i,a1i,c2i,a2i
1,1.1961412125361317,1.5727516750706199,89.5727880785467,0.0,218.08812555657022
2,0.02006642773656554,0.0070680409878234995,42.34758593640419,0.015204299365231084,226.70805118116525
