PrincipalComponent,coi,c1i,a1i,c2i,a2i
1,0.6534153928850137,0.8046575772218928,97.76299290120454,7.735018340468217e-17,225.24041603707565
