PrincipalComponent,coi,c1i,a1i,c2i,a2i
1,1.2553449958865264,1.5693260580575257,96.89259342914502,6.78548943148943e-17,214.28731187249335
2,0.02011098595961384,0.0006251486135589122,43.04831138659991,0.002897125414422563,227.3564180917567
