PrincipalComponent,coi,c1i,a1i,c2i,a2i
1,1.2111938448495707,1.4854504936195974,89.5623212003572,0.0,218.2686930423448
2,0.01821897940752832,0.0067028075007937475,42.4390721324521,0.03678099027019852,226.808801935389
