PrincipalComponent,coi,c1i,a1i,c2i,a2i
1,0.6377692015555525,0.8122091420150532,100.0,0.033564448087741595,210.62740714349263
