PrincipalComponent,coi,c1i,a1i,c2i,a2i
1,0.5616248125175042,0.7902755950172684,82.29334687842703,2.5139851967062726e-18,231.13059705758272
