PrincipalComponent,coi,c1i,a1i,c2i,a2i
1,1.1682643337248273,1.476867281160554,84.77127618603909,2.6455148108855193e-16,220.7238603675308
2,0.015620716632214659,7.538669525568156e-18,42.32343929515469,0.0,226.4919163618189
