PrincipalComponent,coi,c1i,a1i,c2i,a2i
1,0.6220367202435652,0.7677152382016873,96.09864737568769,6.260492556579149e-17,228.87171925094137
