PrincipalComponent,coi,c1i,a1i,c2i,a2i
1,1.179687338623137,1.4686120713999358,89.16427593845751,1.723229089558854e-16,219.39953420217356
2,0.019754406680990176,0.0008356662858072256,42.68111024068601,0.018891746223123448,227.09674376007828
