PrincipalComponent,coi,c1i,a1i,c2i,a2i
1,0.6241319989898011,0.6848129080827107,87.91317085124145,3.0987502000881677e-17,231.4248218937195
