PrincipalComponent,coi,c1i,a1i,c2i,a2i
1,1.1834295463179207,1.3980904855235385,85.61920527141496,0.0,220.7744261460823
2,0.016555143704384344,0.0051151023999273446,42.48957167772649,0.0016709687056168196,226.74354432969812
