PrincipalComponent,coi,c1i,a1i,c2i,a2i
1,0.5759717336888919,0.719613478092571,83.24373102731293,0.0,231.72580387520478
