PrincipalComponent,coi,c1i,a1i,c2i,a2i
1,0.192595603657038,0.33129779260891273,40.80989732384778,1.1363873467744001,210.5583468049752
2,0.08251379384708048,0.09746013257384746,32.13311909540543,0.49828868216492717,212.95882213397257
