PrincipalComponent,coi,c1i,a1i,c2i,a2i
1,0.18268055445620593,0.49014240804484105,55.632422625589655,0.9948927906903152,213.67301260283452
2,0.07209889366438325,0.07468250130078578,36.083794507882516,0.5260850753209003,217.79206907849496
