PrincipalComponent,coi,c1i,a1i,c2i,a2i
1,0.17615902575890277,0.5911821339949443,58.290725234436565,0.8802090372693028,215.91650171287336
2,0.05803791442545214,0.04447849226503933,37.0496508765256,0.4395325543570749,219.3523361107177
