PrincipalComponent,coi,c1i,a1i,c2i,a2i
1,0.164879357595539,0.2822326586556345,28.880920068363977,1.1789437336752806,210.19875993839474
2,0.07355456929792521,0.12034185701234178,28.8048705037576,0.4629634446875101,209.7826692260064
