PrincipalComponent,coi,c1i,a1i,c2i,a2i
1,0.18118793414676748,0.5755496854875327,56.53930643282984,0.9094853753158688,215.5452867534971
2,0.053164415772939004,0.042647032154195866,36.5559131016378,0.3974821576885576,218.7517033716534
