PrincipalComponent,coi,c1i,a1i,c2i,a2i
1,0.17186388431150793,0.5386124175956655,53.6945485107414,0.9442377262605723,214.88726595962405
2,0.06778107339962779,0.05847441616841882,35.76853052720836,0.5129012228560941,217.78982321846357
