PrincipalComponent,coi,c1i,a1i,c2i,a2i
1,0.16858145227990107,0.2680831190041208,28.83891574349066,1.1166264670970807,210.1835463114031
2,0.05441161512330327,0.17414278251317922,28.76612866798771,0.386637587234974,209.78005112879694
