PrincipalComponent,coi,c1i,a1i,c2i,a2i
1,0.17935626838091087,0.5045885086014312,54.76664322538958,0.9768195435562609,214.06262951494804
2,0.06941603459386034,0.07356621079695277,35.97369248682958,0.5226556654167248,217.69891643836283
