PrincipalComponent,coi,c1i,a1i,c2i,a2i
1,0.1721214791832816,0.5618486969528977,55.31929619816485,0.9138915527498873,215.40676900281358
2,0.0660512380038204,0.04925196233081748,36.23870696118708,0.49956999529627183,218.4496130733912
