PrincipalComponent,coi,c1i,a1i,c2i,a2i
1,0.17288150401721336,0.2467781444826221,28.88094253613396,1.1842305127127877,210.22286384582335
2,0.06819599405528191,0.14068735595547757,28.805912149215278,0.4258605129733032,209.8075215358517
