PrincipalComponent,coi,c1i,a1i,c2i,a2i
1,0.20091065990182896,0.41280083797629663,56.111213311331916,1.0564154468595643,211.09977666833726
2,0.08196749308389228,0.08629802574625271,35.774492537827776,0.5201718512224662,217.12618534604053
