PrincipalComponent,coi,c1i,a1i,c2i,a2i
1,0.18259093729939047,0.5750086082239986,55.745384324885606,0.9111937064565752,215.57508889943293
2,0.05126974486182996,0.040898269235261984,36.39106556093019,0.383793662821831,218.52437030924443
