PrincipalComponent,coi,c1i,a1i,c2i,a2i
1,0.18852079359920695,0.5725779245572865,56.02318433120659,0.9228852177154246,215.36259766341968
2,0.04925948653603105,0.04303035666444135,36.393281216811246,0.3604090517445887,218.5294956044783
