PrincipalComponent,coi,c1i,a1i,c2i,a2i
1,0.17385257525728728,0.2803153940600491,28.82792857751575,1.0488285947424314,210.17012992780943
2,0.062004989193377796,0.15898947631953272,28.75624356302252,0.4241828342786366,209.76717511416734
