PrincipalComponent,coi,c1i,a1i,c2i,a2i
1,0.19100957274760083,0.45930622911491953,56.97008662696841,1.020489038129548,212.67393687672325
2,0.07692894845218409,0.06974798429625947,36.14135495920189,0.538809328773123,217.8491968185856
