PrincipalComponent,coi,c1i,a1i,c2i,a2i
1,0.17466947995386403,0.5823021879506523,57.66188122925198,0.8925494946094753,215.7119139318125
2,0.06193270558792409,0.04927452319990314,36.840363439419654,0.46636995911660656,219.14624757574182
