PrincipalComponent,coi,c1i,a1i,c2i,a2i
1,0.16102848223107744,0.49258148839434296,50.411790252462886,0.9158773974277612,215.45281574587437
2,0.08908944593697044,0.021321076893979163,35.27181131443432,0.6240431725553762,218.3726718224767
