PrincipalComponent,coi,c1i,a1i,c2i,a2i
1,0.16230287382876926,0.5026082604985482,51.792961939278825,0.9058325800837824,215.5581241720916
2,0.0843205617042477,0.02374587462134169,35.558041201672694,0.591211069454742,218.692244946891
