PrincipalComponent,coi,c1i,a1i,c2i,a2i
1,0.17203319791000116,0.22912248728482398,28.83100680546528,1.1003245589982347,210.16315971908114
2,0.07457181092617575,0.15029493052632045,28.758603244529713,0.4692264488472247,209.75293622588507
