PrincipalComponent,coi,c1i,a1i,c2i,a2i
1,0.16904243034230235,0.24332147908939886,28.873115217408447,1.1546455224957983,210.17538317420363
2,0.09347938512654143,0.09586708104958065,28.79484745497311,0.5536988115093847,209.75131524613437
