PrincipalComponent,coi,c1i,a1i,c2i,a2i
1,0.16354477435506548,0.5046198144051621,51.94690105820344,0.9010715011701247,215.59739709578366
2,0.07994628444176267,0.021369883215904214,35.61355188941403,0.5627567522264681,218.62763411263808
