PrincipalComponent,coi,c1i,a1i,c2i,a2i
1,0.17764491626429219,0.3939050908363215,49.22346718884884,1.0337977705280925,213.23843339568447
2,0.09935786579765676,0.03505541636943377,34.3386564449603,0.6597229856640469,217.7144788178774
