PrincipalComponent,coi,c1i,a1i,c2i,a2i
1,0.1680665255715218,0.28188603855350874,28.896173501828578,1.156368680052172,210.17333660735886
2,0.10105700199194866,0.0661706603628663,28.811103321709798,0.602401714344206,209.7410964634874
