PrincipalComponent,coi,c1i,a1i,c2i,a2i
1,0.16987610610492584,0.4275059711995185,49.28975647381727,0.9997759659816853,213.91205237177854
2,0.09511193612000725,0.04029696460237612,34.45979183853634,0.6496626640678409,217.67888953236417
