PrincipalComponent,coi,c1i,a1i,c2i,a2i
1,0.1746869044017632,0.4790336383798605,48.627574562361275,0.9548473858043222,214.71695463856966
2,0.06910955130422414,0.02630982800283299,34.50071611204237,0.47627230551826466,217.1240698151895
