PrincipalComponent,coi,c1i,a1i,c2i,a2i
1,0.1873168262380441,0.3459904875649399,46.50259589817759,1.079578606235235,211.96388815357793
2,0.10192258078514854,0.05238627855744104,33.190773151235184,0.6355128084271917,216.56155888528167
