PrincipalComponent,coi,c1i,a1i,c2i,a2i
1,0.17033806201027055,0.48747425119149834,49.426323866507815,0.9326322469528849,215.07950166586778
2,0.07207147202140872,0.02248427656829073,34.82869150602447,0.5022347988607554,217.50461739238148
