PrincipalComponent,coi,c1i,a1i,c2i,a2i
1,0.168385744225757,0.4876855758276352,49.97193883245092,0.931781030540826,215.09446361846142
2,0.07404250975973319,0.023256885910382604,34.960491396994186,0.5172746859924074,217.74816446423034
