PrincipalComponent,coi,c1i,a1i,c2i,a2i
1,0.17559134057806905,0.20841866852425078,28.873249796700765,1.1666116565242044,210.20290098071322
2,0.08907856817973986,0.1162224040044833,28.797571293950174,0.5098316055164414,209.78066267724685
