PrincipalComponent,coi,c1i,a1i,c2i,a2i
1,0.1734815865334898,0.24966502165539875,28.81953218605366,1.0249284156741545,210.1442578333129
2,0.08617638145376329,0.12663311317480064,28.74543690624836,0.5143846291520122,209.7357726106301
