PrincipalComponent,coi,c1i,a1i,c2i,a2i
1,0.16825583668213,0.37047696256608853,47.861785020343866,1.0213970083006885,215.18370513727248
2,0.08640883592504106,0.007609867075573903,35.12836874617364,0.6595017592208078,219.70584632610425
