PrincipalComponent,coi,c1i,a1i,c2i,a2i
1,0.16527464043824455,0.40054840546416315,51.68716767016553,0.9777649504167236,217.01665376343684
2,0.10477956624992707,1.995763075726814e-18,37.06191194806412,0.7971951310551081,223.38070526392477
