PrincipalComponent,coi,c1i,a1i,c2i,a2i
1,0.17763528681381652,0.2128841374431071,28.92431908403777,1.1936111207719895,210.17349967756041
2,0.1169922683604695,0.02249486131634575,28.84068043224386,0.7482264851474822,209.73244969180263
