PrincipalComponent,coi,c1i,a1i,c2i,a2i
1,0.165422627711593,0.4041358895558611,52.427723700759515,0.9702979749464994,216.66356697414454
2,0.09803680731651458,0.0,36.999495449567526,0.7449612698900202,222.76045486619546
