PrincipalComponent,coi,c1i,a1i,c2i,a2i
1,0.16939246537281127,0.36700290393128965,46.72286368274605,1.0273866526384785,214.99846457468715
2,0.08400302761086272,0.008785844202541962,34.70180131676988,0.6414629474817055,218.97277792023988
