PrincipalComponent,coi,c1i,a1i,c2i,a2i
1,0.16489444622561752,0.3971035310292486,51.40431250319655,0.9776498234948733,216.31740317866
2,0.09335584419430998,0.0008917245330963313,36.56635619229366,0.7121280268392655,221.87684182972652
