PrincipalComponent,coi,c1i,a1i,c2i,a2i
1,0.18836024620955355,0.14220994649531232,28.87312612099049,1.1661356212695828,210.18105185211147
2,0.08426943184487626,0.1240504517243889,28.798801099063404,0.586626249052624,209.76769254943414
