PrincipalComponent,coi,c1i,a1i,c2i,a2i
1,0.19226248290470166,0.12480634470869288,28.908462209725318,1.22817257073122,210.2064631388251
2,0.09750407791636867,0.08776294436873923,28.832187826988342,0.6311999400446339,209.78533323635722
