PrincipalComponent,coi,c1i,a1i,c2i,a2i
1,0.19995813381792246,0.2927100303855146,55.45927507000583,1.093036310826933,214.59894332377695
2,0.11811712691195995,0.0180157240456607,38.08229402845415,0.7965021575003715,228.4747507420153
