PrincipalComponent,coi,c1i,a1i,c2i,a2i
1,0.1855440816617858,0.16910708952273226,28.848253944534,1.085640738678852,210.1387003007548
2,0.09920070367670351,0.09510326746882207,28.773829179583974,0.6365669649657086,209.7282601041329
