PrincipalComponent,coi,c1i,a1i,c2i,a2i
1,0.20277616933177203,0.37027077670868325,68.45347807354065,0.9989461994428719,218.219639093996
2,0.11865570124045091,0.008301582643658871,43.14360209987724,0.8305660976211962,237.69230551889893
