PrincipalComponent,coi,c1i,a1i,c2i,a2i
1,0.17398266112420382,0.3553108920590205,45.541414973873195,1.0537715812345323,214.32951917625235
2,0.08038404432296804,0.015303483342614568,34.01290982844828,0.6112750775025743,218.24744869370244
