PrincipalComponent,coi,c1i,a1i,c2i,a2i
1,0.19659926020885557,0.37922245078677275,66.97358253068828,0.9907228738359165,218.79606128000526
2,0.11707237266499836,0.005377142756611971,42.65927435262363,0.831169208501235,235.93749556971028
