PrincipalComponent,coi,c1i,a1i,c2i,a2i
1,0.165376498132149,0.40872701926755595,52.52889648063548,0.9625260873474097,217.30849380252602
2,0.10000339183227354,1.4198401803436612e-18,37.32689413057733,0.7790204879433403,223.643532753812
