PrincipalComponent,coi,c1i,a1i,c2i,a2i
1,0.17347899106721693,0.3790896448099765,53.692736853091574,1.001579238486956,216.59317267648612
2,0.11014892119362973,0.0034726677566551205,37.615062635546785,0.8123608851879658,224.79791053218474
