PrincipalComponent,coi,c1i,a1i,c2i,a2i
1,0.1721518196766359,0.38722659146650057,61.147475160883275,0.9900454202772326,214.43613559612743
2,0.10745472600986596,0.0014424096594000428,39.138935894733955,0.8613397289062932,227.77249544827148
