PrincipalComponent,coi,c1i,a1i,c2i,a2i
1,0.1935252298356866,0.419305436811666,76.10700276274926,0.9415126132610511,212.47778992013403
2,0.09730492972326407,0.017132552109209432,42.50417414422098,0.7721595358109167,233.24306054014252
