PrincipalComponent,coi,c1i,a1i,c2i,a2i
1,0.19609123337612214,0.0883798283067013,28.94772084941671,1.3129180571343928,210.21013813500852
2,0.11213147520706059,0.07135116151533454,28.875615528696734,0.7186637943204167,209.79698121287393
