PrincipalComponent,coi,c1i,a1i,c2i,a2i
1,0.19876380149030562,0.4342638252632024,79.55284055965126,0.9220755018544983,212.5047774700289
2,0.09539640056725428,0.019567382989469792,43.24521846121623,0.7529146149605894,234.201619315827
