PrincipalComponent,coi,c1i,a1i,c2i,a2i
1,0.16539408788181664,0.3668467273055021,53.96994209791838,1.0255317174421028,214.81404886415936
2,0.1111748957003595,6.760260457455143e-18,37.420134352477085,0.9146606021644598,225.240760228758
