PrincipalComponent,coi,c1i,a1i,c2i,a2i
1,0.1667391867224336,0.37526578923445725,55.84715572522454,1.0087096146033143,215.09491953210804
2,0.10792392300111377,0.0,37.98620545750979,0.8956483290575593,226.0881750594097
