PrincipalComponent,coi,c1i,a1i,c2i,a2i
1,0.171986974254796,0.32884894310426765,53.837242918895925,1.077064205859068,212.9064661395138
2,0.11732763501266241,0.0,37.14016535508253,0.9367883212482828,225.9332189522931
