PrincipalComponent,coi,c1i,a1i,c2i,a2i
1,0.18331082303312554,0.28686992047411997,53.79561829469709,1.1260910911696023,211.1355655961178
2,0.1203684155957558,0.0,37.24303544032948,0.941877804143524,228.3725372705714
