PrincipalComponent,coi,c1i,a1i,c2i,a2i
1,0.17810033872105396,0.39976069723004387,66.35362134465242,0.9669179856742817,213.93502155118358
2,0.1023907781991821,0.007061311749014537,40.33151398918899,0.825317790549897,229.58057361099227
