PrincipalComponent,coi,c1i,a1i,c2i,a2i
1,0.16920016300690285,0.3407090135465728,53.29069727660052,1.0591924784622457,213.3136273305316
2,0.11571555869072743,0.0,36.958482922972806,0.9318366808128782,225.09279613315158
