PrincipalComponent,coi,c1i,a1i,c2i,a2i
1,0.1891453047490346,0.12267557024553606,28.894709301223283,1.181430961733117,210.15441334955435
2,0.11329164868842233,0.08979975435250115,28.82214122794532,0.7125367282938572,209.75280720086712
