PrincipalComponent,coi,c1i,a1i,c2i,a2i
1,0.1936346077454267,0.26001058044280595,56.360000803317114,1.1473000140735723,208.44740141102736
2,0.13169780759460073,6.963421758903105e-18,37.47840000743326,0.9195071645099423,230.11352995010301
