PrincipalComponent,coi,c1i,a1i,c2i,a2i
1,0.18363493299386535,0.13372032575930776,28.944052882765806,1.2799796036864888,210.1791476973166
2,0.12136068299653766,0.041850366188512796,28.86844098151886,0.7830764851249955,209.76149351440677
