PrincipalComponent,coi,c1i,a1i,c2i,a2i
1,0.17879633015944973,0.2974776030701409,53.85425180255172,1.1130398050593464,211.89154473593405
2,0.11833055251403027,3.563962595406568e-18,37.30369253415741,0.9428079822428437,227.80614035255186
