PrincipalComponent,coi,c1i,a1i,c2i,a2i
1,0.18977931257718805,0.10555900636622975,28.914403528733715,1.256694833910987,210.18486161803466
2,0.09986881667885657,0.10977861487219763,28.84150187019262,0.6675404985213123,209.78237847883432
