PrincipalComponent,coi,c1i,a1i,c2i,a2i
1,0.1740686527931529,0.18964959372175644,28.955292426208313,1.251426749180238,210.16574299189543
2,0.13443471142525687,0.0,28.875897956686167,0.8591015410504976,209.73153923207875
