PrincipalComponent,coi,c1i,a1i,c2i,a2i
1,0.2081566608770708,0.1663721877184809,28.978651829490893,1.3522405474224755,210.24768450841762
2,0.10019263824873027,0.02479827426092018,28.905237725647137,0.6289865605273156,209.85507867573168
