PrincipalComponent,coi,c1i,a1i,c2i,a2i
1,0.2288606715640434,0.04401702312536788,28.96420708316053,1.3594402068954479,210.2372283486785
2,0.15150850114428804,0.026550979462718807,28.89050112372841,0.7393019792436826,209.82835715299555
