PrincipalComponent,coi,c1i,a1i,c2i,a2i
1,0.1969309584734154,0.17623631173534415,28.978952883592797,1.3266534063423656,210.21544507008053
2,0.10705361584222302,0.014281801645141111,28.901059739961454,0.6821990266717348,209.82650255383678
