PrincipalComponent,coi,c1i,a1i,c2i,a2i
1,0.19983022465862754,0.1590863128680294,28.98642008007704,1.32327552446064,210.19290661031906
2,0.1344515566891703,5.653694151092831e-18,28.907362410062145,0.8717836192832369,209.7575799524307
