PrincipalComponent,coi,c1i,a1i,c2i,a2i
1,0.21509800463422873,0.2788322249701769,69.07185969624416,1.125832761760309,205.65468051758236
2,0.13178554227265707,0.0028326601925077804,40.05740832654179,0.8465531799439129,234.5467837179617
