PrincipalComponent,coi,c1i,a1i,c2i,a2i
1,0.21153324439430282,0.28133954738090083,65.40332700527959,1.1293869208373228,207.86118291280602
2,0.13562755114411984,3.910874240572819e-18,39.654455036051075,0.8757522698825592,233.55245589071504
