PrincipalComponent,coi,c1i,a1i,c2i,a2i
1,0.21532552413051817,0.18572180934665397,56.389576333851565,1.24318884374017,202.91309653803089
2,0.1419528917741063,0.0,37.04694175490194,0.9113901028408511,233.7196721219433
