PrincipalComponent,coi,c1i,a1i,c2i,a2i
1,0.2294120914759683,0.055600702440234476,28.933420219706292,1.3051264184783173,210.224755355789
2,0.13356538765928921,0.06910279896216455,28.860845621950187,0.6867340767910867,209.81705086391665
