PrincipalComponent,coi,c1i,a1i,c2i,a2i
1,0.20130340511924197,0.1738119031909948,28.989950337859554,1.3304406233139128,210.24045922192448
2,0.10324387927268956,0.01822448486535384,28.909725804756402,0.6610093531758027,209.852478567795
