PrincipalComponent,coi,c1i,a1i,c2i,a2i
1,0.22226923143279026,0.24160995519658388,75.18083248808814,1.1546282965601133,196.26751792682433
2,0.1228388666791997,0.0181573285212164,38.93738984508405,0.7911489457005177,233.14133007228193
