PrincipalComponent,coi,c1i,a1i,c2i,a2i
1,0.22935323611033645,0.1888918875531695,79.42053618935685,1.1944583565203584,187.31749143295966
2,0.11452867483971693,0.025376234802483525,37.41482389275505,0.7461784519180598,230.97535904926113
