PrincipalComponent,coi,c1i,a1i,c2i,a2i
1,0.21051745670329386,0.23073520044704132,60.06456786962719,1.1936569655331168,204.86927912301633
2,0.1415377032384914,0.0,37.86980532473559,0.9033311180667284,232.4983459060974
