PrincipalComponent,coi,c1i,a1i,c2i,a2i
1,0.20995818291890023,0.2472820736274513,61.11525671726198,1.1700976818838535,205.5966446601185
2,0.13994349616548052,1.6539419235031558e-18,38.08910617678197,0.8971161807551723,231.89510036708208
