PrincipalComponent,coi,c1i,a1i,c2i,a2i
1,0.21282779419744755,0.13430530595972598,28.966781733937925,1.3197847934807816,210.19206976012575
2,0.1459740500342362,0.0,28.888531696918616,0.8412775291026441,209.7631325186395
