PrincipalComponent,coi,c1i,a1i,c2i,a2i
1,0.21115652392052187,0.09374142207559409,28.96526691372535,1.3376512561244271,210.21565131991295
2,0.16144694971468704,0.0,28.888846663045573,0.7887807265354525,209.79899534890703
