PrincipalComponent,coi,c1i,a1i,c2i,a2i
1,0.21801021303141932,0.17611477636741188,54.868045119085224,1.2548885650269865,202.30504543262748
2,0.14327389937754426,1.188007331931655e-18,36.66680713199729,0.912719964524421,233.84355509608733
