PrincipalComponent,coi,c1i,a1i,c2i,a2i
1,0.23471327396205718,0.1456647497236006,28.836982916831698,1.1525960290348032,210.16243346273862
2,0.09791895968326862,0.17475685929752308,28.768503920524136,0.502006750012402,209.76102306517421
