PrincipalComponent,coi,c1i,a1i,c2i,a2i
1,0.2001540649868804,0.2271260320960501,28.9399043872993,1.274658701633685,210.1843989474028
2,0.11523733880159791,0.0825411812811396,28.85832858287884,0.6511195065155561,209.76639962089223
