PrincipalComponent,coi,c1i,a1i,c2i,a2i
1,0.1811976863538568,0.2913831049751307,28.924881377020373,1.2344578753949111,210.20468375611364
2,0.08127078594535982,0.10122275748871216,28.84901795167641,0.5308603237596697,209.80739114514162
