PrincipalComponent,coi,c1i,a1i,c2i,a2i
1,0.19582342108790174,0.233198202459052,28.94086045443612,1.272977383910197,210.1842172973378
2,0.11143110198181487,0.08533714751992089,28.859675727117914,0.6442578458150029,209.76869378310894
