PrincipalComponent,coi,c1i,a1i,c2i,a2i
1,0.23324879512639315,0.12118370768528325,28.89014361958396,1.2690036936243771,210.21597358067294
2,0.1045302666878683,0.14745230578621069,28.8190132652217,0.5227042583512792,209.8050140689501
