PrincipalComponent,coi,c1i,a1i,c2i,a2i
1,0.22582448418963022,0.18838509421380395,28.905715629188062,1.2596708838185862,210.18264417464724
2,0.11649946279387487,0.10343025787042943,28.828567934747824,0.61452381706102,209.76195215021355
