PrincipalComponent,coi,c1i,a1i,c2i,a2i
1,0.21033111989457748,0.21067135811502893,28.939652666476572,1.275590575318857,210.19836073417588
2,0.11592432294406267,0.09314889227385338,28.85788205417768,0.6387024807212884,209.77707941845577
