PrincipalComponent,coi,c1i,a1i,c2i,a2i
1,0.17942160673937052,0.2881153751757523,28.916736011554182,1.2258431863362946,210.15988491023228
2,0.0939740632077272,0.09679208159573352,28.837883241732854,0.5960108071759602,209.7573276423726
