PrincipalComponent,coi,c1i,a1i,c2i,a2i
1,0.18462304822933703,0.2676297084559063,28.929668304048455,1.243101271313145,210.17235170099275
2,0.09988583679004452,0.09948605226839942,28.849021357203195,0.618069573070393,209.76278310333447
