PrincipalComponent,coi,c1i,a1i,c2i,a2i
1,0.19491257070227963,0.2822391032273853,28.92530976245238,1.2672814533821275,210.24192189864058
2,0.06687566081847994,0.10579228582586821,28.85162753567051,0.4349947198212773,209.85020004563523
