PrincipalComponent,coi,c1i,a1i,c2i,a2i
1,0.21478098661294298,0.30784538155262714,46.43295220098896,1.1488393739320473,207.51389249998022
2,0.09173131179463002,0.10121898069636737,34.23165998180923,0.5680597815321283,213.53523966828735
