PrincipalComponent,coi,c1i,a1i,c2i,a2i
1,0.1874365947531443,0.2562863649301223,28.928424459688138,1.2575449714077802,210.16656516246775
2,0.10396207346283057,0.09653746980655738,28.84852687424586,0.6254570855567699,209.75472007984877
