PrincipalComponent,coi,c1i,a1i,c2i,a2i
1,0.18536448152711812,0.28772421474697935,28.919234440220237,1.2445070017161404,210.2075682788843
2,0.07361595073249719,0.10411657971299751,28.84455854962742,0.4890971371537136,209.8143626983886
