PrincipalComponent,coi,c1i,a1i,c2i,a2i
1,0.23602340109598666,0.13334493653154078,28.864230328584526,1.210690744827345,210.21043794162725
2,0.08389462364158075,0.18990891796161308,28.793084999381318,0.4741707752368843,209.8020479101312
