PrincipalComponent,coi,c1i,a1i,c2i,a2i
1,0.21941681916057482,0.16384538317905786,28.89062216395626,1.2532608846680255,210.19309756929857
2,0.11616312324408909,0.11939582750391084,28.817211467314067,0.5703070110845003,209.77921136004582
