PrincipalComponent,coi,c1i,a1i,c2i,a2i
1,0.19785152862674896,0.28447995236263723,28.923780557892265,1.2645025196258326,210.2481301412596
2,0.06453920400007156,0.10504224480447674,28.850757924983245,0.4202339474370822,209.85630500049177
