PrincipalComponent,coi,c1i,a1i,c2i,a2i
1,0.22845140087672963,0.8379020205600388,84.42071678206686,0.6277683573119078,217.1584772395175
2,0.0786179276193475,0.056627697439494896,43.79536025162704,0.3109448355185693,226.14963816772612
