PrincipalComponent,coi,c1i,a1i,c2i,a2i
1,0.22488769945471626,0.9292462840981828,92.35614043778999,0.5026019151303578,218.3052240094894
2,0.08995911209652582,0.06746343288041365,45.96955200251029,0.3831286330292223,228.5968756604759
