PrincipalComponent,coi,c1i,a1i,c2i,a2i
1,0.2375014460455486,0.8703920207701566,87.01042635103818,0.5875368882457975,217.4005507106257
2,0.07694091115254904,0.0546624130218202,44.404069975920045,0.28502963489135286,226.93243210435566
