PrincipalComponent,coi,c1i,a1i,c2i,a2i
1,0.16657438062536628,0.31813588235153406,28.86012786080206,1.1586479135272296,210.17614794139809
2,0.10901522417962439,0.11432100835753203,28.78535505685451,0.4486773260562576,209.77325052143763
