PrincipalComponent,coi,c1i,a1i,c2i,a2i
1,0.1741325318806595,0.30199746172776415,28.821149749485993,1.0929425744784795,210.16479245580163
2,0.08604599882450994,0.1699980419616111,28.74904263684503,0.3758625355545427,209.77382328479285
