PrincipalComponent,coi,c1i,a1i,c2i,a2i
1,0.23551809174088023,0.7614594520365615,100.0,0.6379479535312175,204.8011049203705
2,0.1199699984212352,0.11023535565486221,46.661640051071245,0.46065526239534815,225.99907496883193
