PrincipalComponent,coi,c1i,a1i,c2i,a2i
1,0.22879833713696088,0.8138251171167328,81.46566548609351,0.653375301996091,217.15173912877202
2,0.07692760316417158,0.05247416465437163,43.064176394322224,0.3037692750897863,225.37979744357347
