PrincipalComponent,coi,c1i,a1i,c2i,a2i
1,0.22075904855014722,0.8629418740043184,88.14601279090978,0.5644792546806017,217.95159148816202
2,0.09522478939004217,0.07026423930241091,44.9114168460288,0.4250750637014607,227.41194250817358
