PrincipalComponent,coi,c1i,a1i,c2i,a2i
1,0.2538891469517855,0.6662670288793948,100.0,0.6872950997635966,200.21664380527577
2,0.12362783915162451,0.11448058108115229,46.84661717757013,0.45183729696474767,224.71717354180424
