PrincipalComponent,coi,c1i,a1i,c2i,a2i
1,0.2214854902091723,0.8379830601160644,88.33702818762585,0.5896853966736765,217.08748207363897
2,0.09840852265258063,0.08327112311439198,45.096323105613656,0.4381811727922886,226.98262617202073
