PrincipalComponent,coi,c1i,a1i,c2i,a2i
1,0.22921596523468257,0.8934891632488515,100.0,0.5220733270547607,213.66541838264715
2,0.10619251141421272,0.10293983011880839,48.03973149767539,0.44941165621210666,228.5325842443345
