PrincipalComponent,coi,c1i,a1i,c2i,a2i
1,0.17888188773162042,0.306116670101164,28.805303199435123,1.0388067181976026,210.1388285896964
2,0.09404055786816677,0.1630775523340718,28.733075050282782,0.39977764008051664,209.75377464120137
