PrincipalComponent,coi,c1i,a1i,c2i,a2i
1,0.22577678754211358,0.9069729582475937,90.10709921969496,0.5346879524851864,217.92246324027474
2,0.08342868230485785,0.06235160838378692,45.359914793036296,0.3502046659933845,227.8247858018581
