PrincipalComponent,coi,c1i,a1i,c2i,a2i
1,0.22892620732479055,0.8341032726083738,100.0,0.5842183608782179,209.67630350289284
2,0.11296394415186932,0.09547860141065696,46.858918867127414,0.4670661688401704,227.36081452169404
