PrincipalComponent,coi,c1i,a1i,c2i,a2i
1,0.229910904545187,0.9221522690049689,100.0,0.48448636308908005,215.4741938722674
2,0.10295232405237853,0.10331783912443573,48.477159794250504,0.4443245291261674,229.16523243401204
