PrincipalComponent,coi,c1i,a1i,c2i,a2i
1,0.229648765332656,0.8120789166767777,100.0,0.6018818232393796,207.3065734096662
2,0.1169959479236478,0.09621541879812341,46.27535417650355,0.4736066826873807,226.7339437509463
