PrincipalComponent,coi,c1i,a1i,c2i,a2i
1,0.2387506070844871,1.179438102408772,100.0,0.33287290670405295,222.4132090287811
2,0.08092243222480414,0.19331152813120922,54.07733366720473,0.25265477471974485,231.19275558102086
