PrincipalComponent,coi,c1i,a1i,c2i,a2i
1,0.2202033917229251,1.0806683689924872,82.06193400304575,0.5050942019465048,221.310046337618
2,0.06461823314749658,0.11206993742030139,45.192843355945804,0.21417939603113906,226.5888082433539
