PrincipalComponent,coi,c1i,a1i,c2i,a2i
1,0.24871160756766528,0.5778705756560448,67.92499978955634,0.7608948724427881,222.51899763365802
2,0.08396557247083072,0.3404110979366397,62.43555330194115,0.11770348549136135,224.9547967906082
