PrincipalComponent,coi,c1i,a1i,c2i,a2i
1,0.26524861348575557,0.8173908349500097,100.0,0.5449658068725559,216.21181840731742
2,0.09845641195826019,0.31955229411577235,72.89560474864696,0.1250447588900098,230.89298464994698
