PrincipalComponent,coi,c1i,a1i,c2i,a2i
1,0.22884760349326144,1.0901963535153714,80.72635573320899,0.4903593171325578,221.437546017016
2,0.05557100186639022,0.08704703407126423,44.39910886328681,0.160820531084662,226.40175235384365
