PrincipalComponent,coi,c1i,a1i,c2i,a2i
1,0.22763995108355073,1.0929151277437585,81.55120189337643,0.49362808668106944,221.31474618714222
2,0.056635695746262586,0.09169882428364298,44.686155757368745,0.1645892385621055,226.578484159961
