PrincipalComponent,coi,c1i,a1i,c2i,a2i
1,0.23941825830919258,1.0703012584287241,100.0,0.4220171942841641,218.9207638201194
2,0.09998401486497703,0.20844953460227736,55.12246174217624,0.2646625002520302,230.31175104409553
