PrincipalComponent,coi,c1i,a1i,c2i,a2i
1,0.21572485968099397,1.0107729765492026,78.77292357184133,0.5726648891464501,220.61759363779714
2,0.0691996568713302,0.12296480453354612,44.53307094364265,0.24843917173907817,225.47987957848352
