PrincipalComponent,coi,c1i,a1i,c2i,a2i
1,0.24037567101167184,1.204818568922128,99.97885186086239,0.29981641331998515,223.211376169496
2,0.07722715314359888,0.19101244013607394,54.004863982351345,0.24751545533370595,231.44533518763686
