PrincipalComponent,coi,c1i,a1i,c2i,a2i
1,0.22287746353188398,1.103087863424342,82.7158533908499,0.479456528446708,221.56421846020547
2,0.0597828079854998,0.10198190346424953,45.22342451198994,0.1903247075178611,226.8768378536052
