PrincipalComponent,coi,c1i,a1i,c2i,a2i
1,0.24588447433871954,0.6043982608864421,72.11210272065046,0.7660093145741604,219.80812588851364
2,0.08435502636411542,0.34283987482639283,65.53594336048177,0.09599997046726803,225.544398173267
