PrincipalComponent,coi,c1i,a1i,c2i,a2i
1,0.21775035493342998,0.9805712231960547,79.18884962865761,0.5954518838733318,220.37460828197274
2,0.0709494207370337,0.14612278144104557,45.423278405668256,0.25933238569806,225.4588413519061
