PrincipalComponent,coi,c1i,a1i,c2i,a2i
1,0.23730003101485,1.1498554354286612,84.82447316689098,0.4161990030081869,221.98127822497403
2,0.05604367082141356,0.08636779648747595,45.48574560169111,0.14854480110568566,227.65450251585037
