PrincipalComponent,coi,c1i,a1i,c2i,a2i
1,0.23726300333413441,1.128614947982219,100.0,0.38309015916044004,220.64287384017845
2,0.08830771735649802,0.18813587972978776,53.74785835293745,0.27446840031880854,230.6027983022489
