PrincipalComponent,coi,c1i,a1i,c2i,a2i
1,0.25829963635242487,0.9826406543743107,100.0,0.4615345527162463,218.25803946329603
2,0.10339625201584952,0.2267011801948517,58.05284161750302,0.24606754798453134,230.2563948848771
