PrincipalComponent,coi,c1i,a1i,c2i,a2i
1,0.17109411435357458,0.9490977239156239,53.02842331903794,1.0005672721417915,216.94216126038907
2,0.04590982667699052,0.033005106028709104,36.14089436609373,0.0647470133128681,218.0470703930984
