PrincipalComponent,coi,c1i,a1i,c2i,a2i
1,0.1795296055865398,0.8075661458318623,56.72278192963994,1.0596375204710218,216.43846782797004
2,0.09394934953157193,0.10034521502283837,37.01892283191168,0.21920917250542019,218.80205256140724
