PrincipalComponent,coi,c1i,a1i,c2i,a2i
1,0.1854393496602005,0.7302855926646723,50.11086069012995,1.095877172545956,215.18959126668642
2,0.08820072417745477,0.10573493569223845,35.117326271640486,0.23470665884859757,216.7844919551141
