PrincipalComponent,coi,c1i,a1i,c2i,a2i
1,0.16769817406857154,0.9531144179365327,53.31992669314195,1.0169924775429215,216.94401716466643
2,0.047334009944151045,0.0364490444322313,36.223719850449825,0.07451631713739669,218.11251755824372
