PrincipalComponent,coi,c1i,a1i,c2i,a2i
1,0.1740661306814168,0.8302738176271741,56.54314511402693,1.0827697081769647,216.50670066790713
2,0.08942927352131619,0.08696352029728437,36.96936495647651,0.20207414271928503,218.7619475729956
