PrincipalComponent,coi,c1i,a1i,c2i,a2i
1,0.17320092545939533,0.6564704486107724,44.942119132857385,1.1125445799597566,213.87632983530133
2,0.07838977690233587,0.1308878989531061,33.72524632186012,0.23407617674639128,215.11545337853835
