PrincipalComponent,coi,c1i,a1i,c2i,a2i
1,0.1726343613865304,0.9526731727942401,53.10448188621057,0.9824904557143979,217.03813036617666
2,0.04563523788388136,0.031833016398261194,36.176892688452554,0.06319674429937946,218.0979013409463
