PrincipalComponent,coi,c1i,a1i,c2i,a2i
1,0.17571863622066836,0.9546730838284473,53.3392560411215,0.9698563817994567,216.89094588006813
2,0.04656066798594953,0.0315907990425085,36.17730365574759,0.06148726688894484,218.1156875260189
