PrincipalComponent,coi,c1i,a1i,c2i,a2i
1,0.17088037113901716,0.8353430235155087,55.01985112953734,1.1045628342976508,216.41421239188796
2,0.08259630895166255,0.0806685571023688,36.61912363574634,0.18599981913914979,218.34674438897648
