PrincipalComponent,coi,c1i,a1i,c2i,a2i
1,0.16666120416835362,0.8591261011173915,53.28236775796698,1.1098075981402065,216.31228310187183
2,0.07158041457578777,0.08143576119574467,36.21890436518312,0.1567026708152029,217.87753233457175
