PrincipalComponent,coi,c1i,a1i,c2i,a2i
1,0.16867268100313934,0.6353044033720017,43.886672612732745,1.0900691048288425,213.7941003383507
2,0.08099345514883978,0.13017684269460603,33.522836032524,0.23869361921898075,214.8102930726573
