PrincipalComponent,coi,c1i,a1i,c2i,a2i
1,0.16399811472952838,0.921703346303224,51.79795848464132,1.0734206152579442,216.51037331098664
2,0.0548957776791172,0.04766052141915021,35.788084995803196,0.1073917448831661,217.57611826869552
