PrincipalComponent,coi,c1i,a1i,c2i,a2i
1,0.16609109482293388,0.9435290797909509,52.7139261890695,1.0458692028343488,216.74184541052324
2,0.05052132591662655,0.04101406758825009,36.040709551808035,0.0870788355675584,217.88785087543343
