PrincipalComponent,coi,c1i,a1i,c2i,a2i
1,0.16521067415425203,0.8725713589391658,52.613781981360425,1.100018358193809,216.30650113563837
2,0.06678808136783021,0.07835161178710784,36.055229151882955,0.1483149845964474,217.70927799800432
