PrincipalComponent,coi,c1i,a1i,c2i,a2i
1,0.16332089421992413,0.8998427194130617,51.37113798290514,1.094746171799651,216.30702282273572
2,0.05837398431476829,0.061236066843236195,35.684460151606295,0.12213558627240179,217.40001713315542
