PrincipalComponent,coi,c1i,a1i,c2i,a2i
1,0.16088139568082074,0.6630849657819095,42.57574933345254,1.0180763485515811,214.02101370180776
2,0.07160104097063515,0.15265033771221712,33.65674574354832,0.20786676810753443,214.58028529433406
