PrincipalComponent,coi,c1i,a1i,c2i,a2i
1,0.24530446154906646,1.1937297107722586,72.96842444516514,1.0959152128642045,218.49983687939115
2,0.02586844293031732,0.019768013683790227,41.171023752457835,0.03125350910179657,223.43615374960459
