PrincipalComponent,coi,c1i,a1i,c2i,a2i
1,0.2847113578074527,1.230492587815727,83.19004484354531,0.9898602269547073,218.48158925422118
2,0.03092602045644129,0.032767443504644465,43.49935802820818,0.058457127129209106,226.0114526410385
