PrincipalComponent,coi,c1i,a1i,c2i,a2i
1,0.22175457700299536,0.7966754000999569,53.63801347786664,1.3331388200361725,214.24438618922014
2,0.04843095271618371,0.06540443602803483,35.73810337136316,0.14008258792119807,217.32113321578908
