PrincipalComponent,coi,c1i,a1i,c2i,a2i
1,0.22066143053506748,0.7663311089877342,53.197257548973,1.3109052682726703,214.11187184608713
2,0.04818256076912222,0.07386768047504967,35.66206022676845,0.14344902919828992,217.18355774477925
