PrincipalComponent,coi,c1i,a1i,c2i,a2i
1,0.207658623628865,1.1090255331536703,66.56915616680159,1.0017547940849518,218.71382385733574
2,0.03060287091726874,0.04202506618529914,39.83076385004095,0.061440380836552164,221.9457226536511
