PrincipalComponent,coi,c1i,a1i,c2i,a2i
1,0.21208444148193747,1.135012466786538,67.09065060396489,1.0860894864124413,218.41737142741678
2,0.028966612870827725,0.030657010001920736,39.83533893320533,0.0408098078093575,221.9575462602549
