PrincipalComponent,coi,c1i,a1i,c2i,a2i
1,0.2818964899557301,1.2611332434969975,84.13845925418254,0.9952818386068966,218.53354172017555
2,0.024949688726692013,0.030416785880612907,43.75358879115693,0.03526153865113589,226.26520419267715
