PrincipalComponent,coi,c1i,a1i,c2i,a2i
1,0.26305348972762405,0.9544417085774015,65.31019946329948,1.2430236858473698,216.15407677797356
2,0.04006752056241066,0.04050472479284433,38.774904999544326,0.10012862925170622,220.82073982479147
