PrincipalComponent,coi,c1i,a1i,c2i,a2i
1,0.2711933214086724,1.22291616622888,80.34888718700927,1.0531501002412071,218.42595705616858
2,0.024216433500170772,0.02587978531658836,42.854843926354086,0.031963703641225465,225.27740765355554
