PrincipalComponent,coi,c1i,a1i,c2i,a2i
1,0.21728398564032525,1.122800607028436,66.29412702979168,1.1396643590862234,218.1335240036327
2,0.027797231554304868,0.0258540768692399,39.56355753714745,0.034633676475874925,221.66018954003687
