PrincipalComponent,coi,c1i,a1i,c2i,a2i
1,0.2272012725654166,0.8014775328584189,53.20622802863173,1.2155965266928346,214.68437962097764
2,0.030372613472644375,0.09748656509160707,35.96683197114554,0.11845326331116161,217.39727427648245
