PrincipalComponent,coi,c1i,a1i,c2i,a2i
1,0.22546810319041663,0.7436662675217988,47.87811278983066,1.251777470252623,214.48738818810077
2,0.026909805726193288,0.11774944347495188,35.22363397235889,0.1172889413216702,216.0370534926078
