PrincipalComponent,coi,c1i,a1i,c2i,a2i
1,0.20723654842536776,1.113079338513679,66.81474258268938,1.0179649628721448,218.6456331797692
2,0.030566837830054094,0.040129735456481144,39.86274649539464,0.058357489662057796,221.98346744608256
