PrincipalComponent,coi,c1i,a1i,c2i,a2i
1,0.20860535862330232,1.139993624444446,67.9495392921405,1.0343993740436772,218.69300833148935
2,0.02940865097444271,0.03601442480886801,40.134669118347496,0.04678865656273405,222.27569753879953
