PrincipalComponent,coi,c1i,a1i,c2i,a2i
1,0.2529372650852983,1.1998372326548499,74.88850593155483,1.0927011063904204,218.4767433391893
2,0.02536752794893221,0.021096464813045945,41.60915334805369,0.030891632246044003,223.91063160096607
