PrincipalComponent,coi,c1i,a1i,c2i,a2i
1,0.22579885135976166,1.1414668521033862,67.52076218706551,1.1439737335184015,218.16586343120136
2,0.02718042514513485,0.02098526280423603,39.83818098234385,0.03350311799475139,221.96906260171346
