PrincipalComponent,coi,c1i,a1i,c2i,a2i
1,0.20914367390976238,1.107388462878716,66.53490500167513,0.9859406976816857,218.7078504109723
2,0.03243498353817216,0.04254456369296135,39.81682414481736,0.06774072558791454,221.93715854788326
