PrincipalComponent,coi,c1i,a1i,c2i,a2i
1,0.1632312689128292,0.8778581683492029,47.577093568082816,1.3516766045770787,214.7659232836134
2,0.054540499412599995,0.03875934253287386,34.35177961560449,0.11140132511054097,215.9522153656171
