PrincipalComponent,coi,c1i,a1i,c2i,a2i
1,0.1497603726015853,0.9774562531690816,47.041849726722745,1.1612933376160133,215.44484655169947
2,0.031887436252200606,0.012762864944654473,34.374975699622134,0.053337415179141236,216.05033464735973
