PrincipalComponent,coi,c1i,a1i,c2i,a2i
1,0.1547423733864643,0.9294598312588969,46.748329907484525,1.3231400497898482,214.8871885308098
2,0.043976205962057736,0.03356445775862664,34.19596052993251,0.08136617330843401,215.77724335039315
