PrincipalComponent,coi,c1i,a1i,c2i,a2i
1,0.14739999274752524,0.9671207714280564,46.46792714525317,1.279137107162654,215.09534417253636
2,0.03735515061064297,0.016845214689959302,34.17156483731415,0.05623911539786067,215.78102679736784
