PrincipalComponent,coi,c1i,a1i,c2i,a2i
1,0.14690908882114276,0.980200937463704,47.01884619268649,1.2446406521761688,215.26670294097158
2,0.0345545258963097,0.014518989662619932,34.33629996622344,0.04967376730326195,215.97404624953163
