PrincipalComponent,coi,c1i,a1i,c2i,a2i
1,0.1488136067166407,0.955345064923586,46.15199612385645,1.3032175604235696,214.9578845941969
2,0.03908062462246987,0.023178656347349127,34.06368282760765,0.0642211499188786,215.65196499437496
