PrincipalComponent,coi,c1i,a1i,c2i,a2i
1,0.1468590005692266,0.9828780281001139,47.403159121237245,1.2102199993861515,215.40679168193535
2,0.0328103988658481,0.013458274235146162,34.458057903085745,0.0471982812324323,216.12005405922264
