PrincipalComponent,coi,c1i,a1i,c2i,a2i
1,0.1486509848990149,0.9764730681933155,47.06366754532529,1.1802319009903184,215.38573817680796
2,0.03220613720381047,0.012791691887681441,34.36826236769203,0.05157321491988382,216.03680382850965
