PrincipalComponent,coi,c1i,a1i,c2i,a2i
1,0.15241556329198855,0.9743496198206998,46.9202235728713,1.1489771374298727,215.3770636113213
2,0.03219382533980566,0.014481136226410424,34.327350908264236,0.056834755587550315,216.0041563990903
