PrincipalComponent,coi,c1i,a1i,c2i,a2i
1,0.15655052959106028,0.9125876426157412,46.879791289176005,1.3411543465291917,214.82026570489464
2,0.04749367251831833,0.03591474923465412,34.21181113623065,0.08763990835014218,215.7894878156778
