PrincipalComponent,coi,c1i,a1i,c2i,a2i
1,0.15977836233993659,0.8149691959421873,45.22379317668181,1.241309029159209,214.30587722182068
2,0.08350191057210492,0.05048021283975714,33.571844983935065,0.22088517826938592,215.28402111189092
