PrincipalComponent,coi,c1i,a1i,c2i,a2i
1,0.1636483542040202,0.8598755479051975,48.92403888608365,1.2743308832907352,214.96944560018602
2,0.07588383859206002,0.04840047036989914,34.654755582706265,0.1751552642556168,216.37308763611932
