PrincipalComponent,coi,c1i,a1i,c2i,a2i
1,0.1484097277309042,0.7408382394830516,39.46533436161876,1.2743355861919072,213.00210546737807
2,0.06482464975363618,0.07837748117065635,31.967872904910315,0.2112867891789779,213.4175518599032
