PrincipalComponent,coi,c1i,a1i,c2i,a2i
1,0.14624720046608897,0.7163068879657916,38.509050301954424,1.243115001859241,212.91044995855094
2,0.06404142392921228,0.08309430600435973,31.73934915701049,0.22343747626231644,213.13527675982337
