PrincipalComponent,coi,c1i,a1i,c2i,a2i
1,0.1345516343523823,0.762673516361287,38.862096746827305,1.138111510006168,213.13574578414946
2,0.06353460798124334,0.09349113668462634,31.883563064791936,0.21135431256425805,213.29750191810137
