PrincipalComponent,coi,c1i,a1i,c2i,a2i
1,0.14851629634363114,0.7377931112047886,38.02398262383653,1.1350291094216347,213.22193926321452
2,0.05657132881445596,0.11373555025504774,31.971283183406058,0.1939993063284001,213.12388341213605
