PrincipalComponent,coi,c1i,a1i,c2i,a2i
1,0.24628997429312185,0.7676035170946307,51.52432820173549,1.337126100141397,214.96592130882286
2,0.052152129558254136,0.030383596295053168,35.23410310807635,0.13519219809059474,217.03120386292593
