PrincipalComponent,coi,c1i,a1i,c2i,a2i
1,0.2997872284233569,0.7096281203912269,51.24422180022556,1.6775626988210501,213.26159007952094
2,0.036282424729552905,0.004769558460471883,34.76929678428025,0.04946966341655048,216.4103021836687
