PrincipalComponent,coi,c1i,a1i,c2i,a2i
1,0.24864507751211615,0.7814010324958132,50.82641801860645,1.4489055901906271,214.64649031419688
2,0.05003577314286397,0.016371282047680066,35.01414087229682,0.10779903383551905,216.73838497867183
