PrincipalComponent,coi,c1i,a1i,c2i,a2i
1,0.2610657573791227,0.7786387881944588,50.227603756819114,1.5410011736779052,214.34044712156137
2,0.046861821159601934,0.006347722268066623,34.813529864250924,0.080438102383728,216.48782288801937
