PrincipalComponent,coi,c1i,a1i,c2i,a2i
1,0.2844364122314016,0.7529986266596914,51.34900983975292,1.6190065025772495,213.82702537061766
2,0.04064480187820006,0.0027416214257424717,34.94140200322445,0.0601714339132929,216.6056458765895
