PrincipalComponent,coi,c1i,a1i,c2i,a2i
1,0.24844832879792397,0.7641296775254142,51.38219805356541,1.3243981632817512,214.89892762556818
2,0.05343148183061822,0.03129889474150075,35.1811740286,0.14004064042108458,216.97605525755404
