PrincipalComponent,coi,c1i,a1i,c2i,a2i
1,0.2535582120649271,0.7741118432846104,49.977504634430815,1.506694878226871,214.47648012165322
2,0.04816650317681949,0.01211689121634551,34.7825152845443,0.09202128563099207,216.46697323873053
