PrincipalComponent,coi,c1i,a1i,c2i,a2i
1,0.27753055637225044,0.7687589220141982,51.30077746927883,1.5893179015594503,214.0505819302531
2,0.042332360718161224,0.003252337002150427,34.98516731378627,0.06384731854713309,216.66226596990523
