PrincipalComponent,coi,c1i,a1i,c2i,a2i
1,0.24610464227092485,0.7694239104534882,51.60160256794935,1.356793384082516,214.91590979873365
2,0.052389829979160196,0.027287879945146337,35.24052318540982,0.13204771792011347,217.0322472228399
