PrincipalComponent,coi,c1i,a1i,c2i,a2i
1,0.24550024368336168,0.781491905763563,51.73867490602145,1.3964538637487824,214.8643799432218
2,0.05104377182756722,0.021866271581596673,35.27185540740563,0.11926713627339228,217.04023422992205
