PrincipalComponent,coi,c1i,a1i,c2i,a2i
1,0.31108034068877416,0.694135056105065,51.307231849898756,1.6983392318537125,212.92718374590288
2,0.03212724549777327,0.008143285759287359,34.690993821744776,0.04164906105585612,216.32748645195994
