PrincipalComponent,coi,c1i,a1i,c2i,a2i
1,0.32044934058144736,0.6091780542768074,43.501440697889464,1.7335270642458906,212.24816931043117
2,0.029363593950498323,0.02435574065219549,32.701459942044856,0.04259652467048367,214.17479704287058
