PrincipalComponent,coi,c1i,a1i,c2i,a2i
1,0.32321168512359477,0.6722089404976289,50.10508271650528,1.708038743858682,212.72278849340736
2,0.027089124581328037,0.014350907030152252,34.35275342178889,0.03683395507745724,215.96689667664398
