PrincipalComponent,coi,c1i,a1i,c2i,a2i
1,0.2820839008284481,0.5685148522345803,38.6003592863674,1.6893317889712733,211.6804903871952
2,0.046315467908247414,0.03302280490851585,31.438701169667468,0.08305370829246458,212.78375641509655
