PrincipalComponent,coi,c1i,a1i,c2i,a2i
1,0.2622909516079609,0.5915745586468426,39.10577374367528,1.5122859777446234,212.03945436113835
2,0.05491649002575865,0.05184139876424126,31.60998824997855,0.11381554254446412,213.02337937428243
