PrincipalComponent,coi,c1i,a1i,c2i,a2i
1,0.2921006061059411,0.5735515861855643,38.60917092839244,1.5009092066011667,212.54845372244563
2,0.034040511171300226,0.06834722159643142,31.789629834528473,0.09961491901631253,213.05146111629026
