PrincipalComponent,coi,c1i,a1i,c2i,a2i
1,0.2736090696912433,0.510128878500574,40.33252320192934,1.8161845150119462,211.47487287725693
2,0.06237120342519947,8.051937959441099e-19,31.901161941486254,0.23476210038311227,213.41297833094777
