PrincipalComponent,coi,c1i,a1i,c2i,a2i
1,0.26307316164160216,0.5208995271605956,40.94562883895973,1.7458127621878516,211.82059983915738
2,0.07077658940884135,0.0,32.133951773759385,0.2650086532168687,213.70177201502375
