PrincipalComponent,coi,c1i,a1i,c2i,a2i
1,0.2548536148652179,0.49026041396066317,42.8054525373214,1.5606937748185146,211.44468021218603
2,0.07326027086893293,0.03417261116409498,32.09881954094516,0.3063719308075924,214.19471721654133
