PrincipalComponent,coi,c1i,a1i,c2i,a2i
1,0.2928181397022005,0.45656319904932385,38.59210713674589,1.9270898970072214,210.91138589868294
2,0.05566830334886019,8.082857584407576e-18,31.35509428237685,0.1970731661446841,212.7591351643534
