PrincipalComponent,coi,c1i,a1i,c2i,a2i
1,0.25563113831063045,0.5182074887642096,42.59482979942833,1.6477900676484978,211.7541129927379
2,0.07368855968127924,0.011485407721124465,32.37042250147476,0.29692704494316674,214.1790299999265
