PrincipalComponent,coi,c1i,a1i,c2i,a2i
1,0.25372538824775365,0.5105755088593705,43.33678672939556,1.604011698662939,211.5875563621316
2,0.0731831661858071,0.019914125833994108,32.402826130063225,0.30511911704313427,214.35692380179893
