PrincipalComponent,coi,c1i,a1i,c2i,a2i
1,0.25974794606144924,0.5146537798567535,41.42038384420386,1.703438960949003,211.85411114355693
2,0.07236246592522166,0.005813315051118573,32.185144073564686,0.28129966485769076,213.85476297113306
