PrincipalComponent,coi,c1i,a1i,c2i,a2i
1,0.25344976854779705,0.495691435863202,42.83927149470945,1.5746935582208428,211.4191388691584
2,0.07425813245956808,0.027820878546580833,32.16193860472515,0.308929971464668,214.2095818569575
