PrincipalComponent,coi,c1i,a1i,c2i,a2i
1,0.3147931533646648,0.4270648586957095,35.52216272255741,2.013962360829259,210.98013261429892
2,0.04782881034435697,0.0,30.64021875179005,0.13271450817578287,211.85264271706166
