PrincipalComponent,coi,c1i,a1i,c2i,a2i
1,0.302208612977317,0.4436003225455174,37.70243565381634,1.966814783243243,210.71531169420305
2,0.052002064693699425,5.028904985235047e-18,31.091287731715656,0.17334877876577676,212.42873838366634
