PrincipalComponent,coi,c1i,a1i,c2i,a2i
1,0.3162491031838703,0.4011844662368814,29.115285390804736,2.0446800101346625,210.50363921733057
2,0.044471908920261684,0.0,29.040344254564186,0.10136520309175424,210.05267112063615
