PrincipalComponent,coi,c1i,a1i,c2i,a2i
1,0.3094808907080163,0.36562296156116536,29.080051940697647,1.9429585214579492,210.49529846585853
2,0.048907955891175976,0.008394249138210855,29.008871758828555,0.12274171482860456,210.04433788516695
