PrincipalComponent,coi,c1i,a1i,c2i,a2i
1,0.21857331458308477,0.5144870498987162,28.960501344624284,1.4181694241735139,210.35503962508486
2,0.05047216759384486,0.15325894926909786,28.892655536103188,0.297560641801666,209.96362681913644
