PrincipalComponent,coi,c1i,a1i,c2i,a2i
1,0.24650615754250424,0.5440175409592519,29.064321169033935,1.716692144342733,210.49778265564026
2,0.06483156121988493,0.05329413763505001,28.993033675971787,0.24173417005887227,210.04390320277662
