PrincipalComponent,coi,c1i,a1i,c2i,a2i
1,0.21457257717177047,0.57917348641464,29.027823839525357,1.5693503235486066,210.414858706039
2,0.06255997474679914,0.08471619254107417,28.95310697322123,0.2935063487630316,210.00932188373616
