PrincipalComponent,coi,c1i,a1i,c2i,a2i
1,0.20927994835790864,0.5434178153866555,28.986171105993538,1.4611329662334622,210.36778042433195
2,0.05309710699266517,0.1269844257915112,28.91585317270878,0.3140280011741736,209.97899053488354
