PrincipalComponent,coi,c1i,a1i,c2i,a2i
1,0.2101655159168249,0.5573478675551433,29.002146313282903,1.4940862580838024,210.38853931046063
2,0.05578344768029976,0.11402144211857773,28.931116936593085,0.31259793571963546,209.9921841659971
