PrincipalComponent,coi,c1i,a1i,c2i,a2i
1,0.23046432261777647,0.5716819037291657,29.061023096871796,1.6559052986437535,210.49537381280803
2,0.06495273644838104,0.060093613247088985,28.988692478226792,0.2680888882004162,210.04099295262307
