PrincipalComponent,coi,c1i,a1i,c2i,a2i
1,0.2235217579319188,0.5808242057638668,29.057044461748823,1.6275116206139004,210.493768383829
2,0.06501894201741935,0.06517283221371947,28.984535001869954,0.2746825490923279,210.03923364667205
