PrincipalComponent,coi,c1i,a1i,c2i,a2i
1,0.21543838178281666,0.5184889258328998,28.956880199111016,1.4240513955323257,210.3369662477137
2,0.05030776292893122,0.14900616555724802,28.88691468433427,0.3027499759597591,209.9394338866375
