PrincipalComponent,coi,c1i,a1i,c2i,a2i
1,0.21363028475411688,0.5250520406783769,28.96918352143944,1.4359429112166462,210.35625879261087
2,0.051250905862461914,0.1417006460212432,28.901301261788504,0.3078792403819615,209.96572056289418
