PrincipalComponent,coi,c1i,a1i,c2i,a2i
1,0.21319755019999234,0.5656765718903378,29.012044347615685,1.5333089715489827,210.38898558927085
2,0.058775027058799424,0.10034366845243921,28.938438841328036,0.30410155409308876,209.99422028806646
