PrincipalComponent,coi,c1i,a1i,c2i,a2i
1,0.25642851463274247,0.5388670062554373,29.062477036837706,1.7499598234262939,210.50003980369382
2,0.06287603556054253,0.04985614703641185,28.992981579720094,0.21689998684047157,210.04571977772983
