PrincipalComponent,coi,c1i,a1i,c2i,a2i
1,0.2665965770859408,0.5383551579010566,24.444881785468592,1.8158870184808988,210.23336386565566
2,0.04645086759250758,0.0428096097975454,27.880769170660592,0.12834369006061638,208.8375511527546
