PrincipalComponent,coi,c1i,a1i,c2i,a2i
1,0.27474221316446834,0.5343897107082228,29.064428071699677,1.7836960606332988,210.49207588094382
2,0.05571554840395252,0.04791231803321454,28.989366949623907,0.1719301603650596,210.05072359734478
