PrincipalComponent,coi,c1i,a1i,c2i,a2i
1,0.2544932529825218,0.530085311805109,21.689380864776513,1.7867310798041294,209.79269128249325
2,0.027882432994583674,0.0426063043754802,27.080787719671008,0.08833341556593466,208.00908207203318
