PrincipalComponent,coi,c1i,a1i,c2i,a2i
1,0.24955393914318613,0.5425882912021602,22.058628449746795,1.8114588379835093,209.8916478665201
2,0.03326886718111898,0.04301700244237567,27.240358614710207,0.09468827297034743,208.13136310035037
