PrincipalComponent,coi,c1i,a1i,c2i,a2i
1,0.23139318319934404,0.5880649526168419,21.885027333532893,1.676515803095969,209.34208021460248
2,0.030533532276698683,0.037760898314490005,26.997111884836137,0.09563594629173705,207.93074909360885
