PrincipalComponent,coi,c1i,a1i,c2i,a2i
1,0.15885116083137116,0.7029899944324302,30.624920628020043,1.187106101953085,229.9538303469779
2,0.04547622833193924,0.39843964464931886,69.43127609689053,0.15144358110629472,220.12778820385248
