PrincipalComponent,coi,c1i,a1i,c2i,a2i
1,0.1737172503464539,0.7391298064482561,32.06944971506049,1.262107453972497,225.88621958274123
2,0.043834295421608,0.2924824857523947,58.97475478200812,0.23675039123903296,218.5693583655498
