PrincipalComponent,coi,c1i,a1i,c2i,a2i
1,0.20731553516858878,0.6874788754839686,32.311111695976464,1.3902426401602967,212.00510620822737
2,0.020909772782639693,0.1891113662248669,31.503090517233897,0.3095718389465934,211.4485557233048
