PrincipalComponent,coi,c1i,a1i,c2i,a2i
1,0.15510384667385693,0.6824329016913996,29.144410890412917,1.1685177355381469,233.18952376436675
2,0.0519407583364308,0.4696621978050453,76.33945099811503,0.05708524296093679,221.53762389620067
