PrincipalComponent,coi,c1i,a1i,c2i,a2i
1,0.1966453979242584,0.7090496466019929,32.600281190962285,1.3310429610002976,212.02904687903032
2,0.01843340281078606,0.2024167832009953,31.53226136364266,0.33016636498473095,211.4815107595537
