PrincipalComponent,coi,c1i,a1i,c2i,a2i
1,0.15623758773192262,0.6805973010395662,29.575152036921377,1.1691861600803728,230.95502606309685
2,0.048930107951275295,0.44052229357090744,71.96854228146034,0.09796223959171264,220.636127337193
