PrincipalComponent,coi,c1i,a1i,c2i,a2i
1,0.16895763471909003,0.7264898895267322,31.57926849895453,1.2365992915775634,227.9800508971072
2,0.044021329967351544,0.3281346541552812,62.65476467871082,0.2146369976229193,219.32513677946662
