PrincipalComponent,coi,c1i,a1i,c2i,a2i
1,0.15670855208192985,0.687180691852801,29.85361927800878,1.175317071997888,230.91914117339397
2,0.04817625325928353,0.42576222367602506,71.35347750085774,0.11755848300977918,220.50817532288136
