PrincipalComponent,coi,c1i,a1i,c2i,a2i
1,0.15840411140964578,0.6754829102995182,28.944155365395076,1.2248488288797341,210.23269288810906
2,0.0006307936655186465,0.2667251821547669,28.900581276143974,0.3600877265090526,209.87003703089238
