PrincipalComponent,coi,c1i,a1i,c2i,a2i
1,0.2138648876969437,0.6867698476037561,32.12292549399353,1.4223207625348098,211.9368224398363
2,0.021072621141528896,0.18052629845212279,31.41318754837938,0.28828765770498715,211.3584897129216
