PrincipalComponent,coi,c1i,a1i,c2i,a2i
1,0.22575552353155168,0.6923226971807404,31.826662377022338,1.4601716535725224,212.27858533718643
2,0.018137683322157275,0.1700417092274813,31.60761683253441,0.24123662138751692,211.4155050063475
