PrincipalComponent,coi,c1i,a1i,c2i,a2i
1,0.22428255434865405,0.694979279359852,29.024794185487494,1.4990293504017156,210.45579072020254
2,0.01495983505289447,0.14766936594942234,28.955612728063425,0.1936687891728266,210.0381557725742
