PrincipalComponent,coi,c1i,a1i,c2i,a2i
1,0.20244288512374656,0.7054288864582775,25.472393319039554,1.5360714108072735,210.35006729479952
2,0.000547905844664496,0.12197541963636868,28.498072288752386,0.10490002865809636,209.1789906409851
