PrincipalComponent,coi,c1i,a1i,c2i,a2i
1,0.19756012469751533,0.7132125282414846,25.901947564106052,1.5340900397890307,210.48111627964695
2,0.00681186561528457,0.12843367448370563,28.720844849579674,0.1349987950481984,209.33033046853743
