PrincipalComponent,coi,c1i,a1i,c2i,a2i
1,0.21075677963657827,0.7694423732777309,28.951738554239995,1.403646428815251,210.47206414690046
2,0.005383262779265291,0.10496045834917499,28.882693845627177,0.1000312553791548,210.02025617244533
