PrincipalComponent,coi,c1i,a1i,c2i,a2i
1,0.19998558174421285,0.7921326014679485,28.935799260195388,1.35373882745743,210.35867258155207
2,0.02900188678339947,0.07896204700400224,28.860446434943686,0.11995690974710208,209.99104256618784
