PrincipalComponent,coi,c1i,a1i,c2i,a2i
1,0.6683848041905383,0.8577163706105354,94.4026502961247,0.2677083294436124,227.45019174244032
2,0.20314000084181869,0.38199394956122135,60.24650997724146,0.2911025083834201,232.2416846628248
