PrincipalComponent,coi,c1i,a1i,c2i,a2i
1,0.6359280431894715,0.7168820203733902,78.89467204631362,0.2996885045967204,228.73477499505137
2,0.18130771493662173,0.4335563420386325,59.69402056147071,0.202720098463185,229.47552314850162
