PrincipalComponent,coi,c1i,a1i,c2i,a2i
1,0.6811739171184769,0.8385993279878069,71.99064780910449,0.4284576481251142,221.87918048043272
2,0.1411070369341676,0.18754864658232523,42.91828579641268,0.2866439432029014,224.14927304248152
