PrincipalComponent,coi,c1i,a1i,c2i,a2i
1,0.6751297225416304,0.8418744595164139,73.86637711341392,0.4107952072274659,222.4077722700044
2,0.14637184184251625,0.20773602192912521,44.04490180912436,0.2848647815962955,224.83301101608401
