PrincipalComponent,coi,c1i,a1i,c2i,a2i
1,0.6751430974028004,0.8530840980582954,94.00458377803854,0.2860035175793312,227.31204234795058
2,0.20550146625516805,0.3622503448254179,58.97621917036484,0.27523628220904456,232.121121159544
