PrincipalComponent,coi,c1i,a1i,c2i,a2i
1,0.6892309022996993,0.8116359192563968,88.9755420383062,0.26709312864232565,227.2002552620415
2,0.18800017067579194,0.4088358609578977,58.00229555881418,0.27887466495004914,230.85230206255068
