PrincipalComponent,coi,c1i,a1i,c2i,a2i
1,0.6708966278543308,0.849680071248109,81.80235455962641,0.3605128797879395,224.35670918691693
2,0.16737186844684057,0.272378871325055,49.18387649170082,0.2637806098331439,227.73827391545802
