PrincipalComponent,coi,c1i,a1i,c2i,a2i
1,0.67147091515905,0.8455435155391468,85.58738215502056,0.34683854012553045,225.26174992574076
2,0.17905381478290694,0.303520992739779,52.23284069499418,0.25828900393566645,229.1793461960281
