PrincipalComponent,coi,c1i,a1i,c2i,a2i
1,0.6761529092631062,0.7723580438209511,91.62640796562337,0.22388391485579046,232.33293025043744
2,0.19630003612150532,0.48268763807476844,69.23508411899675,0.11411337955262178,234.51591163651332
