PrincipalComponent,coi,c1i,a1i,c2i,a2i
1,0.6744653314056022,0.8436526780545577,76.44562464548244,0.39639262152779775,223.0162655397528
2,0.15226871015917812,0.23008713711242387,45.59044876833605,0.27661267032746456,225.75686796572742
