PrincipalComponent,coi,c1i,a1i,c2i,a2i
1,0.6472800008092695,0.834213035782552,84.76715995055132,0.3025540545710005,226.14032235548373
2,0.1847720185280789,0.3931764547908328,55.90028674429478,0.30761233800808413,229.35026868702255
