PrincipalComponent,coi,c1i,a1i,c2i,a2i
1,0.6711780523993974,0.8620148975889055,96.08654777657932,0.26453534305072784,227.66362004506874
2,0.2081903875546827,0.37543488418160537,60.957745770747586,0.28379025726010776,232.7382852879608
