PrincipalComponent,coi,c1i,a1i,c2i,a2i
1,0.6746086269801419,0.8412589857543429,90.80410183397238,0.3177955115810589,226.51842645777404
2,0.19785031176547008,0.3393683821942295,56.21408302303299,0.2717495058505604,230.99579822967698
