PrincipalComponent,coi,c1i,a1i,c2i,a2i
1,0.6894379022577686,0.8271408205889061,97.96787142877082,0.21310547291256654,231.2827170416533
2,0.20465769735143408,0.4463158296939218,69.29161738601776,0.18295381216996998,235.3770469016932
