PrincipalComponent,coi,c1i,a1i,c2i,a2i
1,0.6350273231483228,0.6777403652602816,74.49441732295733,0.42388688020279686,227.07153987999877
2,0.17342731141901319,0.458325236972376,59.99713030713453,0.183730542511501,228.271925431651
