PrincipalComponent,coi,c1i,a1i,c2i,a2i
1,0.6712840115225317,0.8351297163278367,88.37399725691743,0.3392923762394273,225.92622907792463
2,0.18935210762440657,0.3230584722877912,54.566458473391734,0.2661427102903604,230.17510707877443
