PrincipalComponent,coi,c1i,a1i,c2i,a2i
1,0.6737320554939622,0.8500046451334656,94.4296670037214,0.2863572678505636,227.30527663857472
2,0.20712445302236848,0.3649743456988727,59.36563644558778,0.280472839330302,232.19119572440442
