PrincipalComponent,coi,c1i,a1i,c2i,a2i
1,0.6592793652857023,0.6854241512120287,88.41371781038832,0.40256356665231247,230.59315440503858
2,0.22089700503580204,0.4702656176376425,69.9199594281501,0.1977024448999304,232.76583495752092
