PrincipalComponent,coi,c1i,a1i,c2i,a2i
1,0.645684918570232,0.6691625541463136,84.82267648510694,0.37337536895270196,232.03144051450076
2,0.21453679435043901,0.5106653046263465,70.62604493142786,0.11862128028179325,232.82485656512418
