PrincipalComponent,coi,c1i,a1i,c2i,a2i
1,0.6406926572346014,0.7277564927083405,81.31765976009196,0.4707611572153084,225.24801406725484
2,0.20521509432239762,0.3370330730606781,54.392302028696335,0.31187904098290714,228.19523781062193
