PrincipalComponent,coi,c1i,a1i,c2i,a2i
1,0.6442379936706047,0.7616811049565225,69.73221936814903,0.5065881743620835,221.74132952309947
2,0.1620552443129246,0.22828967121137791,43.89695760589559,0.3283562313224965,223.64261257698826
