PrincipalComponent,coi,c1i,a1i,c2i,a2i
1,0.6435014697982662,0.721201386954263,85.55571376212212,0.4462131702970865,226.53161066540207
2,0.22203728944484882,0.3773171060766111,59.09586036814724,0.3243389013576369,229.6367167968367
