PrincipalComponent,coi,c1i,a1i,c2i,a2i
1,0.6502089647076019,0.7618232456908692,67.85293251329438,0.5222276795116204,221.13754894224593
2,0.15605996418357626,0.2068300935910166,42.58835025521575,0.33054589146268365,222.91267000088334
