PrincipalComponent,coi,c1i,a1i,c2i,a2i
1,0.6442484829211056,0.7270285125926452,83.21489391768765,0.45790554769590336,225.82234223073678
2,0.21347675578744524,0.35239578991239506,56.05793618324263,0.31772897152789764,228.8435383810399
