PrincipalComponent,coi,c1i,a1i,c2i,a2i
1,0.6387211407233371,0.7282561098677661,85.62819479215683,0.43101971004419726,226.80313558589813
2,0.21803100900445968,0.39685375287371627,60.454963025655054,0.3286606701240667,229.74555070835143
