PrincipalComponent,coi,c1i,a1i,c2i,a2i
1,0.6411275881103233,0.7231559758849786,86.49817161107653,0.43741204845530385,226.86191032116818
2,0.2225851530868048,0.388242936164972,60.68457712762461,0.32593227557574594,229.96334918921883
