PrincipalComponent,coi,c1i,a1i,c2i,a2i
1,0.6074408588343844,0.6424673624815761,74.30195934920309,0.4123547407723438,228.67877641817446
2,0.19808632101822995,0.46141031335264276,61.32228337241598,0.21008916441424336,228.40176875195652
