PrincipalComponent,coi,c1i,a1i,c2i,a2i
1,0.6410507392726253,0.7424475489794469,79.13155069015129,0.4717893403685682,224.5702467288951
2,0.19430075193839105,0.31927096525909965,52.09146145279492,0.30442228238974767,227.3797714161293
