PrincipalComponent,coi,c1i,a1i,c2i,a2i
1,0.6172673144025318,0.7247981448411069,77.15695311576172,0.4467681016008191,225.32990116111904
2,0.19882702051926832,0.40910697510657923,56.03041109735986,0.34246447930158463,227.13766672734837
