PrincipalComponent,coi,c1i,a1i,c2i,a2i
1,0.6050901875943274,0.6013575309621706,68.77425799818725,0.540184921804108,226.93381309491642
2,0.1897803648514188,0.48542560004724655,61.38631253552617,0.1931066770893683,226.92343181107577
