PrincipalComponent,coi,c1i,a1i,c2i,a2i
1,0.6645178884198435,0.8090575665599405,91.58401395941998,0.2828875362194661,229.502279901941
2,0.21254433116384838,0.44118681192670667,63.89860722216296,0.2796598293936296,232.31253846584698
