PrincipalComponent,coi,c1i,a1i,c2i,a2i
1,0.6432171481806838,0.7587233231477987,71.93749068267944,0.4974920398643631,222.356093803123
2,0.1683219298392859,0.2505279796694943,45.529682310583134,0.3204616599379579,224.49115832531282
