PrincipalComponent,coi,c1i,a1i,c2i,a2i
1,0.6450177230755658,0.726496301343345,85.4372071298793,0.44227298581085817,226.55292591496277
2,0.22065781868701312,0.3753897286695185,58.78137463530917,0.31879008189565294,229.6723683984469
