PrincipalComponent,coi,c1i,a1i,c2i,a2i
1,0.6951967872636174,0.9379253598552904,89.61930257667298,0.24306094143901802,224.95679801255878
2,0.1711371053361073,0.26186796506073245,50.375346471637464,0.26168274598836183,229.63927296732746
