PrincipalComponent,coi,c1i,a1i,c2i,a2i
1,0.6989289001471531,0.8346134355910165,90.48508318715672,0.1532001355625405,229.40324637147057
2,0.1705018642296426,0.3958321459240351,59.86039826652652,0.17338874411549296,232.2052286822303
