PrincipalComponent,coi,c1i,a1i,c2i,a2i
1,0.6876564149985345,0.855353387015293,88.47075914850817,0.29762591241564584,224.0850902613009
2,0.1840614661822428,0.3014820915326038,51.29361818337563,0.30699303282272633,229.0486812393097
