PrincipalComponent,coi,c1i,a1i,c2i,a2i
1,0.6972811031320264,0.9642298437686052,88.04398191820017,0.23194122530959393,224.80551134861568
2,0.16119050415653863,0.24405153121631457,49.15166303739398,0.2491732361801508,229.16229678142977
