PrincipalComponent,coi,c1i,a1i,c2i,a2i
1,0.6623281517978915,0.8267429233640207,82.5093940950843,0.24606179205261078,227.28584891808794
2,0.15745448885045008,0.39201126369201916,56.91254704786052,0.20574873000666244,229.579002696994
