PrincipalComponent,coi,c1i,a1i,c2i,a2i
1,0.7086168922810947,0.8201009415668465,90.56782183557809,0.23073983917244045,226.85525712505853
2,0.17621582423530377,0.35446330890926425,56.827012271817765,0.24659614072183328,231.0508095729797
