PrincipalComponent,coi,c1i,a1i,c2i,a2i
1,0.6943774690349982,0.885091050425601,89.52280891012516,0.2736182441968006,224.66546011443748
2,0.18343634925643815,0.2932111645954443,51.35314255944875,0.28787399075106146,229.52339794871511
