PrincipalComponent,coi,c1i,a1i,c2i,a2i
1,0.7088601543323346,0.9523605894164616,75.68518649387636,0.3134860206644504,222.51944111388198
2,0.1276151986445596,0.1393780929329481,42.73447318434958,0.26183680986172836,225.16870183567002
