PrincipalComponent,coi,c1i,a1i,c2i,a2i
1,0.70316565148818,0.7901473155715578,79.94858002572396,0.31439437133455334,223.45349668652742
2,0.16299541463016146,0.33585344008389195,48.62178719322909,0.31026766594164434,226.79743968271123
