PrincipalComponent,coi,c1i,a1i,c2i,a2i
1,0.6922388411713197,0.874587710095674,89.33433577533333,0.28258655700406143,224.46779697062965
2,0.18451129417004108,0.2952467384955327,51.31786027460175,0.2954239605852695,229.38774749261012
