PrincipalComponent,coi,c1i,a1i,c2i,a2i
1,0.6965417130853692,0.9146868461453973,89.74073655076752,0.2565731239450029,224.8851562151238
2,0.17808105887730538,0.2755207673106425,50.75941829054966,0.27367400313770185,229.64051356286677
