PrincipalComponent,coi,c1i,a1i,c2i,a2i
1,0.6985628281415374,0.9740104710837328,84.89830188965824,0.2381108550733197,224.35104259399316
2,0.1504817501999136,0.214716075052612,47.1759059151995,0.2497678155710972,228.13256289677608
