PrincipalComponent,coi,c1i,a1i,c2i,a2i
1,0.6605825765959409,0.8308466083178729,77.69007880250416,0.33348886836579783,222.73414581139255
2,0.1611154274270962,0.32552104587528274,47.441782854003485,0.3270317592562334,225.94269898071175
