PrincipalComponent,coi,c1i,a1i,c2i,a2i
1,0.7026759244458118,0.9566805559076907,77.18017344696312,0.2975235405109528,222.86027975692866
2,0.1320557834228998,0.15632321350415884,43.45361018369446,0.262050076005755,225.63863880439254
