PrincipalComponent,coi,c1i,a1i,c2i,a2i
1,0.6560148753647337,0.7737762533696277,77.71200879816642,0.23936264147855774,226.3439282085024
2,0.15916379011076287,0.3623587046565899,52.723311723726006,0.23812700866326136,227.65918322389433
