PrincipalComponent,coi,c1i,a1i,c2i,a2i
1,0.7025302747809979,0.9637977237584592,79.81748270009138,0.2779709957638882,223.35279620849204
2,0.1372929065568462,0.17564674008024359,44.61334724943792,0.2566266134572215,226.4700448310321
