PrincipalComponent,coi,c1i,a1i,c2i,a2i
1,0.7002223226880846,0.9034644513827562,77.81591085314234,0.2193654630834237,223.6101469023348
2,0.11644601103166899,0.29852846085996104,47.093309552908536,0.21897482285023115,226.30039891607024
