PrincipalComponent,coi,c1i,a1i,c2i,a2i
1,0.7439875191964097,1.0512371157168379,85.89949725183178,0.2025052476057065,223.14966539020455
2,0.13040078986143114,0.17699022711189952,45.23692394660089,0.21903692724386672,227.75937662021985
