PrincipalComponent,coi,c1i,a1i,c2i,a2i
1,0.7568444204718514,1.1119157597261977,79.2337474416545,0.19338686684656684,223.13056241014104
2,0.09628427166389086,0.09038461638936819,42.777515160372474,0.20043994606819884,226.17027847040322
