PrincipalComponent,coi,c1i,a1i,c2i,a2i
1,0.7365419263613715,0.8470535672815606,79.91222183680956,0.19923011392628154,224.19133853076153
2,0.1244702762057722,0.2978600446119215,47.56728054830769,0.20100354937324116,226.95822690055303
