PrincipalComponent,coi,c1i,a1i,c2i,a2i
1,0.738411523540319,0.9979753524757522,86.4897392614334,0.23021341580213606,222.81655739166624
2,0.1465337804834548,0.21335854458789652,45.82758321326631,0.24436100576382283,227.72591323471755
