PrincipalComponent,coi,c1i,a1i,c2i,a2i
1,0.7630881998490922,1.1180216348626908,79.0707076700409,0.19146386144697702,223.15727633453366
2,0.09335436389600345,0.07810037096913096,42.70092736528012,0.19847486659185615,226.15412980150256
