PrincipalComponent,coi,c1i,a1i,c2i,a2i
1,0.7557422103019446,1.1101272031484006,80.37965170413156,0.1894056203983,223.20492130145948
2,0.09992740989077682,0.10481290166157156,43.1482158108707,0.19841218649223846,226.4700343347894
