PrincipalComponent,coi,c1i,a1i,c2i,a2i
1,0.7404876096605021,0.8820609524652125,76.32558434730919,0.28544547388344305,221.6449358357224
2,0.13053867396630145,0.25753766823537166,43.37492388478748,0.27941215200511105,224.92777163436278
