PrincipalComponent,coi,c1i,a1i,c2i,a2i
1,0.7235617338538464,0.9520925003050417,83.38772665142459,0.2691496397319147,221.99006203376763
2,0.1458130173214205,0.22978081919308332,44.9564470499279,0.27381184588440827,226.69489886498764
