PrincipalComponent,coi,c1i,a1i,c2i,a2i
1,0.6935897962990724,0.8256042781444752,71.6484323562301,0.24261873279379345,222.70438109332585
2,0.11832984589459311,0.28300621096916256,44.428212180809176,0.23499312349488916,224.3677940059679
