PrincipalComponent,coi,c1i,a1i,c2i,a2i
1,0.7480246947598281,1.080032639946268,84.67473703768862,0.18847335429443984,223.31072828802584
2,0.12029829858830172,0.15947386171983738,44.74521619184726,0.20433695335247962,227.546138838348
