PrincipalComponent,coi,c1i,a1i,c2i,a2i
1,0.728714419794709,0.9657353918910646,85.49762072441065,0.2555803490716742,222.24103292531578
2,0.14963465225020475,0.22247061769755588,45.56963762446814,0.26490615793967615,227.28323463402438
