PrincipalComponent,coi,c1i,a1i,c2i,a2i
1,0.7436148398677865,1.0292890971766553,86.39537120757468,0.21341563921588985,223.05154742593507
2,0.1388920673263071,0.1931441223206777,45.51109184688774,0.22958364293715453,227.8016397242369
