PrincipalComponent,coi,c1i,a1i,c2i,a2i
1,0.6980237944495348,0.9418038154695588,75.96170216714371,0.28975210143323876,221.3346030107719
2,0.13170301296310913,0.2479136787516138,43.00181973711733,0.2840279974846437,224.70719180651983
