PrincipalComponent,coi,c1i,a1i,c2i,a2i
1,0.7354799807443511,0.9882861483471292,86.5222586851818,0.23753293768803857,222.65553596143138
2,0.14855513228646772,0.2167594980848456,45.821119818099284,0.25086033013731424,227.6648110466786
