PrincipalComponent,coi,c1i,a1i,c2i,a2i
1,0.7459346306701906,0.8610063668009925,81.85979200163652,0.25027317817900246,222.97572530094587
2,0.13534249471607412,0.26304989992432,46.55721796161156,0.2518016628089131,226.890351215729
