PrincipalComponent,coi,c1i,a1i,c2i,a2i
1,0.7501682727734102,1.0940486902195123,82.40655832066521,0.18750800347454452,223.30360801983636
2,0.11016415771799182,0.1352707828751362,43.928829683723336,0.19964869628862197,227.00077560000074
