PrincipalComponent,coi,c1i,a1i,c2i,a2i
1,0.7376848660849731,0.909739118111856,72.4031320931349,0.21086240157742484,222.3850242075313
2,0.08774738534440855,0.23981524614378874,42.87182460307119,0.20518681770808594,224.32896676953817
