PrincipalComponent,coi,c1i,a1i,c2i,a2i
1,0.7769999977625356,1.1047672640756687,88.19599055695282,0.18460047653197922,222.46009942810105
2,0.11781457041635793,0.1772857985196239,44.90016914062422,0.20836894503306624,228.00340449929845
