PrincipalComponent,coi,c1i,a1i,c2i,a2i
1,0.7913415149205518,0.9594010195849841,82.9203306479855,0.20714477847379908,222.7246377157571
2,0.1032759501177725,0.22156098003910452,44.886189293184174,0.21456547728374234,226.94329741861495
