PrincipalComponent,coi,c1i,a1i,c2i,a2i
1,0.769704559846345,1.089254306534364,86.36202692268687,0.19872764661027048,222.26682695027282
2,0.11678583882377899,0.1856435936919886,44.47045218097835,0.21695378121522196,227.49008739937534
