PrincipalComponent,coi,c1i,a1i,c2i,a2i
1,0.8081807511830766,1.2356981231039377,83.13268188209905,0.1222974795889615,223.74412343384003
2,0.0656236396101764,0.06705086278776488,43.58655415456427,0.14273899846282875,227.3313288469604
