PrincipalComponent,coi,c1i,a1i,c2i,a2i
1,0.7907836830996304,1.137224910928963,88.84801671232853,0.16059500334447557,223.0633939284729
2,0.11097517645138215,0.16537356743010037,45.14370580102795,0.18905399104049303,228.35969756369974
