PrincipalComponent,coi,c1i,a1i,c2i,a2i
1,0.7404492759926352,1.0706735670523377,78.97597215641987,0.22664972627598806,221.72356482922166
2,0.1079657845392061,0.20164264869551393,42.77016980724234,0.2296951743323085,225.54247237905068
