PrincipalComponent,coi,c1i,a1i,c2i,a2i
1,0.7865231280075388,0.998361179803465,78.88496489259522,0.22959597010464017,221.89987437782077
2,0.10153466907728158,0.21462895311331087,42.890874408240144,0.23091159844759349,225.5809578834317
