PrincipalComponent,coi,c1i,a1i,c2i,a2i
1,0.8031076872860676,1.2119862665524492,86.52155816251259,0.12409531277816481,223.65953136433
2,0.08248207822804794,0.11121300817540597,44.410393614900414,0.15171990409461966,228.07899389127516
