PrincipalComponent,coi,c1i,a1i,c2i,a2i
1,0.7863050740438335,1.1275815027658824,88.90656889113404,0.1677912917471505,222.86703216900264
2,0.11430222482389185,0.1691343743566109,45.11853605995673,0.1954645508736838,228.3034128807659
