PrincipalComponent,coi,c1i,a1i,c2i,a2i
1,0.7986260061684173,1.1672749744184696,88.47945148315357,0.14541124826297713,223.37366240218336
2,0.10095592780633014,0.14392691633289204,44.93180997255873,0.17515791928131885,228.4042436577489
