PrincipalComponent,coi,c1i,a1i,c2i,a2i
1,0.7799495191623173,0.9259484439863477,79.3802196258772,0.17396171725288212,223.43325141053043
2,0.091790560071768,0.2520285500369723,44.995792435340626,0.17726658794579303,226.4021521684892
