PrincipalComponent,coi,c1i,a1i,c2i,a2i
1,0.7994429715467128,1.1868217463252488,87.80995472412786,0.13652548959666932,223.51137528947174
2,0.09217811829107697,0.1272377194145638,44.767602952899864,0.16582155961512832,228.32962704316677
