PrincipalComponent,coi,c1i,a1i,c2i,a2i
1,0.8143048948887155,1.2410836912949998,82.55316599069096,0.12000534814863106,223.8002389687324
2,0.06048560243430287,0.049180489620492686,43.430180760162344,0.13942672038088788,227.21470739659463
