PrincipalComponent,coi,c1i,a1i,c2i,a2i
1,0.8041807621777786,1.2228296257390465,84.57694688415059,0.12272513027366562,223.6804528405875
2,0.0739716131455319,0.0906818382996323,43.92815930043411,0.1460441667323716,227.6334848663851
