PrincipalComponent,coi,c1i,a1i,c2i,a2i
1,0.808641844201404,1.2364519681654536,82.38378749675576,0.12421066711603741,223.73645358399656
2,0.06280970074151483,0.05670463014071907,43.397857248135175,0.14296020729887288,227.1448638927614
