PrincipalComponent,coi,c1i,a1i,c2i,a2i
1,0.7423807816752884,0.988396016744136,77.7622934809336,0.19079502401856563,222.98417089537193
2,0.08615434906312334,0.2505700499328718,44.70887254561452,0.19258153073771642,225.8889640283359
