PrincipalComponent,coi,c1i,a1i,c2i,a2i
1,0.8345890999460799,1.2748443329440495,93.25022167301594,0.08522219761453118,223.44447646518987
2,0.08404251096230152,0.1392734235456764,45.809901421558024,0.13750730302314246,229.5621994274627
