PrincipalComponent,coi,c1i,a1i,c2i,a2i
1,0.8190065958108801,1.0104752988087602,81.0158864686714,0.13980743740622242,223.57669584274112
2,0.06679160420758676,0.22164103359694123,44.45105754985346,0.1487846379153661,226.8079195489255
