PrincipalComponent,coi,c1i,a1i,c2i,a2i
1,0.848534627355008,1.3492982858966234,88.50068743908824,0.05118715212711263,224.2980867144536
2,0.047231438541086426,0.06767956469928849,44.80101349270523,0.09318279071817194,228.77300349898283
