PrincipalComponent,coi,c1i,a1i,c2i,a2i
1,0.780091081679549,1.1989321757713667,83.09100168259677,0.15975073612364832,222.47784481356385
2,0.08779003215382657,0.17052726878155783,43.58161770598233,0.17673594142338778,226.79964529190582
