PrincipalComponent,coi,c1i,a1i,c2i,a2i
1,0.8144927067487425,1.2310507448751498,90.77439285854732,0.1200999209620658,222.92034798190232
2,0.0900544874779738,0.15666474083141835,45.220524312516915,0.16007549761778372,228.7924327733877
