PrincipalComponent,coi,c1i,a1i,c2i,a2i
1,0.8503421199058394,1.356304353370255,87.23283550201265,0.05158846707074255,224.35535413473548
2,0.0407631435703079,0.049305928662162116,44.50335925373879,0.0899055857677872,228.49673507671983
