PrincipalComponent,coi,c1i,a1i,c2i,a2i
1,0.825498558834072,1.1139772213276293,82.59965091543383,0.170241873397796,222.53975942064204
2,0.0801450286771461,0.1869707409237241,43.516633093480756,0.18326068256878064,226.6999450207888
