PrincipalComponent,coi,c1i,a1i,c2i,a2i
1,0.8491454892409797,1.3445682660110936,90.35240201560542,0.05022059052758123,224.2295789986556
2,0.05399865449615121,0.08486266228711284,45.22010590142591,0.09810276150572324,229.18762722965334
