PrincipalComponent,coi,c1i,a1i,c2i,a2i
1,0.8392101395184552,1.283604669214324,93.07607806041138,0.07917262800435747,223.61267761318598
2,0.08028332579072843,0.135118740086527,45.79520615324397,0.13171586425854098,229.5791299385704
