PrincipalComponent,coi,c1i,a1i,c2i,a2i
1,0.847055097148631,1.3107093314807687,92.55566440027907,0.06557543414616193,223.9349800818878
2,0.07029768850203438,0.1143860111949233,45.68497226219998,0.11855096082825058,229.58239550156296
