PrincipalComponent,coi,c1i,a1i,c2i,a2i
1,0.7763771309221201,0.9943571339761967,74.54288500630253,0.17601994064545065,222.7393029759717
2,0.06463559360619288,0.20983219742547365,42.68808206807454,0.1746073254547817,224.94398010780006
