PrincipalComponent,coi,c1i,a1i,c2i,a2i
1,0.8548407257584846,1.3561783210221994,86.85119405160394,0.050011310477694984,224.41728888598615
2,0.03707811863234864,0.0362916029906883,44.43618895813134,0.08721843794015516,228.44280637454662
