PrincipalComponent,coi,c1i,a1i,c2i,a2i
1,0.847248916493945,1.3270391271573008,91.89111637991077,0.05767799655390299,224.11744033850087
2,0.06236252070516834,0.09946399054316041,45.57053406812978,0.1096082713386937,229.50612381375984
