PrincipalComponent,coi,c1i,a1i,c2i,a2i
1,0.8239953785689286,1.2510582403341708,92.70106664912211,0.10238635342608288,223.09535068438356
2,0.089019305352792,0.14803052219517887,45.671526996991844,0.15045695895360028,229.32009799294246
