PrincipalComponent,coi,c1i,a1i,c2i,a2i
1,0.850173419197086,1.3545768591362142,86.65092911145241,0.05353955882224325,224.37016616932576
2,0.03883525326304259,0.04143218981424073,44.381292804046375,0.08995125564253771,228.37270284375418
