PrincipalComponent,coi,c1i,a1i,c2i,a2i
1,0.7798596140329997,1.0796417109792331,79.6837695517254,0.15321728046014155,223.25697745052798
2,0.06414250458612156,0.21739307261982574,44.31512648183652,0.16118391833589527,226.41587584167002
