PrincipalComponent,coi,c1i,a1i,c2i,a2i
1,0.8334138292359962,1.0641384885409437,85.95826176477784,0.1548114303435212,223.14115316350535
2,0.0764913982513955,0.19581377667847538,45.00167328483456,0.17377909975015765,227.8078410783164
