PrincipalComponent,coi,c1i,a1i,c2i,a2i
1,0.8624160426848139,1.4030806200814534,96.17941402386191,0.025467592662791107,223.8141674998605
2,0.06349248932833977,0.10808617360655863,46.36456102669069,0.09993738331051524,230.39938504127596
