PrincipalComponent,coi,c1i,a1i,c2i,a2i
1,0.8516488805171275,1.3801355036332736,95.69146850122576,0.041987005634186766,223.46433190780022
2,0.06830878807466513,0.11734076570605295,46.20983476760571,0.11202580307028015,230.17821500029345
