PrincipalComponent,coi,c1i,a1i,c2i,a2i
1,0.8374662389883639,1.0897303092380353,81.89933482636262,0.11987410237984301,223.66557900235884
2,0.05225115791021229,0.18851038753354135,44.106089248699334,0.13331029186363338,227.02883978262486
