PrincipalComponent,coi,c1i,a1i,c2i,a2i
1,0.8695589392825812,1.4565711699702528,90.18570737568285,0.0028423516949587003,224.75165216083366
2,0.027580175526642898,0.0330337074325953,45.18570596374957,0.05744698052041988,229.32123281837903
