PrincipalComponent,coi,c1i,a1i,c2i,a2i
1,0.8729084266527208,1.4330270438002615,95.28520524187374,0.009206843108204276,224.29762880693013
2,0.05125952425694223,0.08499916710174496,46.2241099411901,0.08261928410108373,230.35491243036947
