PrincipalComponent,coi,c1i,a1i,c2i,a2i
1,0.8545638662239269,1.158667463797818,88.01711240059744,0.11947185867509545,223.39682559144558
2,0.06086071639650158,0.16753516518836317,45.103533831141554,0.1486825324714546,228.3789539414955
