PrincipalComponent,coi,c1i,a1i,c2i,a2i
1,0.866627351242088,1.4105435374349113,95.91842434444395,0.020343916532760867,223.98894218135734
2,0.060045190599498977,0.10405724323087444,46.356528030204785,0.0944627991768517,230.39658387613534
