PrincipalComponent,coi,c1i,a1i,c2i,a2i
1,0.8716531953693448,1.455139562542133,92.9794031880977,8.131516293641283e-18,224.54674220043958
2,0.038370830126002564,0.05902931187077987,45.76586496802444,0.06555695379372073,229.9079710699431
