PrincipalComponent,coi,c1i,a1i,c2i,a2i
1,0.8412972401027097,1.3576800140119447,93.80396042276789,0.06202490877752372,223.3065332778607
2,0.07050780261390388,0.12550499297565987,45.79135537406828,0.12218958994344924,229.6623926992667
