PrincipalComponent,coi,c1i,a1i,c2i,a2i
1,0.8045341579887468,1.3155248807077842,86.17631200953633,0.10970939356456587,222.93717454869255
2,0.07161337569281377,0.1393042794812455,44.19177296983996,0.14057002483936676,227.71276579551832
