PrincipalComponent,coi,c1i,a1i,c2i,a2i
1,0.8686166445407022,1.4536241220334578,89.75133912567173,0.004065920153846129,224.7885097324725
2,0.026105065906172852,0.02778311926078486,45.10683728915971,0.056870791708040026,229.23576072735187
