PrincipalComponent,coi,c1i,a1i,c2i,a2i
1,0.800158111282555,1.1645457159182027,81.04974478613414,0.12894305613215093,223.41584821590644
2,0.04909651122084634,0.1837893513474585,44.06822520179925,0.14243014165922624,226.75663427604468
