PrincipalComponent,coi,c1i,a1i,c2i,a2i
1,0.8692057678571518,1.4548625877441768,91.22378956816088,0.0020682344931696422,224.57579841334254
2,0.032764636442931046,0.04628073205872486,45.383196466820166,0.06057975093883434,229.50567715256645
