PrincipalComponent,coi,c1i,a1i,c2i,a2i
1,0.8463008618280762,1.2201763127798562,85.38750960171664,0.1268417503940326,222.9339556205292
2,0.06631937830223561,0.15794559755761725,43.99960152508737,0.15140276311340584,227.51169437733427
