PrincipalComponent,coi,c1i,a1i,c2i,a2i
1,0.8810592312314157,1.5178844146751675,97.04345893282834,4.762740992719007e-17,223.01641192948767
2,0.048975936726295105,0.06726325867960685,46.24344002341956,0.08736449730255257,230.360887117314
