PrincipalComponent,coi,c1i,a1i,c2i,a2i
1,0.8899872900030091,1.5411215857453562,93.26463620077867,0.0,223.93701775034995
2,0.027127468323272078,0.025335317989619185,45.613157989645885,0.04312409514285811,229.76440647369674
