PrincipalComponent,coi,c1i,a1i,c2i,a2i
1,0.8739731002378236,1.5117182215069849,96.48979144208272,6.019454484887442e-17,223.1618757222839
2,0.04685077762685536,0.0874355704131183,46.18608302995622,0.08448644840795379,230.26146855086864
