PrincipalComponent,coi,c1i,a1i,c2i,a2i
1,0.8827663429205794,1.5295269904727409,90.97723466462229,3.60231467227461e-18,224.4098459781654
2,0.018838495670519307,0.010074622540972952,45.20114836159299,0.03243630978468261,229.37781955753638
