PrincipalComponent,coi,c1i,a1i,c2i,a2i
1,0.8933124413140247,1.5273734328744288,96.40036856352812,0.0,223.31093482211696
2,0.04198670509129545,0.05659316926855615,46.14301295829321,0.07046864616909315,230.29379270984154
