PrincipalComponent,coi,c1i,a1i,c2i,a2i
1,0.8639315847999831,1.1976224611566129,83.55984285511411,0.09022434958063666,223.66055106293783
2,0.032193649167816786,0.155954033426445,44.10953325132469,0.11139065388363763,227.3900925277684
