PrincipalComponent,coi,c1i,a1i,c2i,a2i
1,0.886153622017111,1.536949637220265,91.90318503105011,4.420469455388753e-17,224.11466645504487
2,0.023221761145211992,0.01784831049355689,45.32422348401096,0.03869184972196517,229.49276917324391
