PrincipalComponent,coi,c1i,a1i,c2i,a2i
1,0.824770105827884,1.2769363509354352,83.07505368183176,0.0952058150196356,223.45959322118895
2,0.03134917869493404,0.15238590587508627,44.090097686889635,0.11750474681454708,227.2088411351205
