PrincipalComponent,coi,c1i,a1i,c2i,a2i
1,0.8924887734401253,1.5388645701870292,94.80780090464178,0.0,223.7837545297008
2,0.03120664355383149,0.03358359491269089,45.89441423618734,0.051444693380991634,230.07982320542038
