PrincipalComponent,coi,c1i,a1i,c2i,a2i
1,0.8791937458988273,1.2859145457951617,90.76305491033679,0.0708161602486614,223.4977329636389
2,0.04295774937314753,0.14128247069037944,45.524765146036,0.11606945917772978,229.0582172259761
