PrincipalComponent,coi,c1i,a1i,c2i,a2i
1,0.8856496537001871,1.523953500752003,91.19516383102517,0.0,224.4909568169522
2,0.0179520528662652,0.010737828499643816,45.25112323320763,0.028850033233428742,229.45659496119012
