PrincipalComponent,coi,c1i,a1i,c2i,a2i
1,0.8901967876831689,1.5252590750311745,96.86675056075624,2.4985917920037215e-17,223.21092959023272
2,0.044687229884883536,0.060099299072133246,46.21892283568452,0.07523008313132858,230.36939518919465
