PrincipalComponent,coi,c1i,a1i,c2i,a2i
1,0.8966701304739697,1.5357386402915143,95.5782059086304,1.0536598980904289e-16,223.59518469506813
2,0.03554785019720884,0.04255371155156619,45.99323684837091,0.05888425150613125,230.19147007440426
