PrincipalComponent,coi,c1i,a1i,c2i,a2i
1,0.8843313077741518,1.5337756186806961,91.22645250379284,0.0,224.33459814264404
2,0.019836576573515407,0.011994987452295077,45.2344338276539,0.034046155427015695,229.40527798860012
