PrincipalComponent,coi,c1i,a1i,c2i,a2i
1,0.8759934960289257,1.3640926326455511,88.81089696353382,0.06811933598230517,223.12248940722392
2,0.045252500258714794,0.12820803631525385,44.65352994297194,0.11079945359088957,228.39056820946197
