PrincipalComponent,coi,c1i,a1i,c2i,a2i
1,0.8219314115467152,1.1800769823464703,78.54065681264703,0.12233807143994903,223.1956321895904
2,0.031606741080144725,0.15107177506791514,42.92797483907226,0.1317831056454061,226.01842519258102
