PrincipalComponent,coi,c1i,a1i,c2i,a2i
1,0.8383934117531228,1.4702230237412366,89.86058900227047,0.043139287844007626,223.13466581875912
2,0.04715859368401879,0.1087697830951912,44.87634009344737,0.09546412040254428,228.6417538368423
