PrincipalComponent,coi,c1i,a1i,c2i,a2i
1,0.8917809631951671,1.5509548472203685,91.44138853914902,0.0,224.18090635480104
2,0.018063717804468367,0.010618286187202949,45.18761953599788,0.026028468247228743,229.39029702459104
