PrincipalComponent,coi,c1i,a1i,c2i,a2i
1,0.8346420359156915,1.308103741472715,83.62523127390915,0.08470777157661837,223.45070438398952
2,0.028344058144873393,0.14416388874643618,44.08296469376405,0.10972940161972475,227.3176499302298
