PrincipalComponent,coi,c1i,a1i,c2i,a2i
1,0.8741412532106364,1.2281373944138039,84.03477868927399,0.08060937109376129,223.65280558932423
2,0.028557657802633765,0.14740189136500015,44.09906733484704,0.10422630534787729,227.48851230473056
