PrincipalComponent,coi,c1i,a1i,c2i,a2i
1,0.9045583184032971,1.5519292927473354,96.39934018466315,0.0,223.09734458727442
2,0.036974999990674585,0.048823241833300966,46.03497564075437,0.06040172858414232,230.21270438151976
