PrincipalComponent,coi,c1i,a1i,c2i,a2i
1,0.8323657928315807,1.210031969687725,79.13843211627335,0.11283187657400834,223.21755086546128
2,0.028128177209994536,0.14276489505950507,42.96337254423086,0.12433133518024046,226.15790241297677
