PrincipalComponent,coi,c1i,a1i,c2i,a2i
1,0.8516345621141794,1.513156943189819,90.76231289955744,0.023873416205680238,223.10341778022155
2,0.04110534838754386,0.10046496383286742,44.99404660596454,0.0826354663666779,228.83701363112363
