PrincipalComponent,coi,c1i,a1i,c2i,a2i
1,0.8842256885210109,1.5391531989338356,96.13714409893133,0.0,222.82472698836838
2,0.044919033954361955,0.06699752933528509,45.96006603401016,0.08471726392926728,230.06498447770986
