PrincipalComponent,coi,c1i,a1i,c2i,a2i
1,0.8986076270278809,1.5613649242317078,93.35740942476797,0.0,223.75063047945025
2,0.024206469926719775,0.02123523789923556,45.52627956108136,0.034503163350816074,229.70592384358008
