PrincipalComponent,coi,c1i,a1i,c2i,a2i
1,0.901980740657301,1.5501787711662764,96.91033773135938,0.0,222.99352655387372
2,0.03936471729243098,0.05211403214558566,46.1298210180023,0.06491983400571896,230.3045624689617
