PrincipalComponent,coi,c1i,a1i,c2i,a2i
1,0.893957063157071,1.5558830824017864,92.02411693369649,2.7895637232944874e-18,223.96183032761064
2,0.02080725475199977,0.014796052407862734,45.28368157905895,0.030789025105118908,229.46123682319399
