PrincipalComponent,coi,c1i,a1i,c2i,a2i
1,0.8929717635806249,1.5396608047351146,91.49404547435346,1.1143593543560254e-17,224.36106766092087
2,0.016429286924400842,0.01077404485776844,45.24475263059364,0.02094832288212481,229.46530105196453
