PrincipalComponent,coi,c1i,a1i,c2i,a2i
1,0.9018341927671328,1.5607490918062885,94.88177612519723,0.0,223.54988904765676
2,0.02778620856212846,0.028000377061507466,45.82287675942861,0.0424805478328373,230.01392085277791
