PrincipalComponent,coi,c1i,a1i,c2i,a2i
1,0.8881091238580803,1.4056766834489693,89.69684471464349,0.05019835519595895,223.14559022057296
2,0.04014308778953409,0.11968443696951923,44.78240442016155,0.098599129477274,228.5936924725718
