PrincipalComponent,coi,c1i,a1i,c2i,a2i
1,0.9068966308008766,1.5587796140327568,95.6267506351594,0.0,223.3956182559425
2,0.03146741739161826,0.035992977023982915,45.94723181060435,0.049456974988598405,230.13062655340516
