PrincipalComponent,coi,c1i,a1i,c2i,a2i
1,0.8901687027904105,1.5460338462812462,91.24967687774276,0.0,224.33451608105176
2,0.01693017570238556,0.00982595231371238,45.182562464221235,0.02416684967896681,229.39720927367827
