PrincipalComponent,coi,c1i,a1i,c2i,a2i
1,0.9169383645162278,1.5917452085100803,97.09635308752756,0.0,222.64976786267502
2,0.03102328679314653,0.041967346942491164,46.050841605596545,0.04546387118612077,230.22571384256287
