PrincipalComponent,coi,c1i,a1i,c2i,a2i
1,0.9013043044706937,1.5835027852702823,96.44699791346137,3.1620731266996607e-17,222.46362761867346
2,0.03542088270429496,0.054658535744397316,45.89560473021096,0.06390438617803486,230.01136552726615
