PrincipalComponent,coi,c1i,a1i,c2i,a2i
1,0.8982441825902392,1.5711236624882734,91.75456373997508,0.0,224.2196916072139
2,0.014912373891351357,0.011363547136715509,45.213179359445014,0.011613849087277348,229.45752259408044
