PrincipalComponent,coi,c1i,a1i,c2i,a2i
1,0.8483514324795116,1.3634343669035875,84.84773475790615,0.06379941680141911,223.47586344498148
2,0.02292321036847494,0.1324134224621694,44.199511740434396,0.09472522520443963,227.5966639831814
