PrincipalComponent,coi,c1i,a1i,c2i,a2i
1,0.8693467833069148,1.5790438148157486,91.86642891301224,2.1124975530504912e-18,222.91823393314746
2,0.03349193690736838,0.08001277649440096,45.111428599854584,0.0678915464866557,229.03009745964772
