PrincipalComponent,coi,c1i,a1i,c2i,a2i
1,0.9032950990475183,1.585070866460604,92.46854126734272,1.0090285906293883e-16,223.8382158300122
2,0.018265646672675044,0.012261082375961564,45.27357790814854,0.017434492266462383,229.49388784434484
