PrincipalComponent,coi,c1i,a1i,c2i,a2i
1,0.9198149016534858,1.5961199153286312,95.92056798842327,3.1467861792526528e-18,223.08570594673418
2,0.025491644905764537,0.028150688823711183,45.867225106323524,0.03225001436139774,230.07808770248053
