PrincipalComponent,coi,c1i,a1i,c2i,a2i
1,0.8999820943730473,1.5772937873839978,91.89983303956944,3.25032570404128e-17,224.14184443245074
2,0.015862472986246375,0.010986149745495031,45.21253893250052,0.013352385695444027,229.45906139864488
