PrincipalComponent,coi,c1i,a1i,c2i,a2i
1,0.9192205192552101,1.5925973014902355,96.66929989088602,6.953820056892135e-17,222.80020564727752
2,0.029463872849514083,0.03871422251509821,46.00565730000442,0.04174090351448128,230.1745125158417
