PrincipalComponent,coi,c1i,a1i,c2i,a2i
1,0.9070209441642666,1.4798552678712045,91.50832455783026,0.015358951674169126,223.18196437391833
2,0.03016709168056664,0.10731168503780694,45.11023005740083,0.07581565626558881,229.02409138843265
