PrincipalComponent,coi,c1i,a1i,c2i,a2i
1,0.9007338290034722,1.563806098861589,92.04966610792722,1.0367898314328887e-17,224.26150989889805
2,0.014784532700032119,0.013054555492377252,45.28548756209995,0.008768348857675618,229.54629380797616
