PrincipalComponent,coi,c1i,a1i,c2i,a2i
1,0.8480974382049407,1.2639084671475442,80.48522359958119,0.09331289151041548,223.3385719500135
2,0.021047016154336802,0.1306562583629675,43.175493261461256,0.10946571446828676,226.5059010416107
