PrincipalComponent,coi,c1i,a1i,c2i,a2i
1,0.9134312157747773,1.5955821144018572,95.19728035338365,1.0517076933853e-16,223.2738618489356
2,0.022991158129318946,0.021812493198376286,45.75349441459809,0.026407667926289423,229.97788783680974
