PrincipalComponent,coi,c1i,a1i,c2i,a2i
1,0.9054684178638388,1.3889359448307457,93.0615217808956,0.02560388588437978,223.48609475382776
2,0.03164459709758406,0.1230209432160764,45.81909849215517,0.08666902170301818,229.56758183326144
