PrincipalComponent,coi,c1i,a1i,c2i,a2i
1,0.9091587285766745,1.593219512982984,93.74569008587558,0.0,223.54208318833543
2,0.020514337194305277,0.016753936812802867,45.48529217482661,0.020148355059584348,229.70401911129
