PrincipalComponent,coi,c1i,a1i,c2i,a2i
1,0.9452982958169014,1.6616447886378394,96.97545742016895,3.2597661087530465e-17,222.4044739056197
2,0.018505448469930824,0.015144083995907373,45.733857709406884,0.0017583448097735989,230.0624081653126
