PrincipalComponent,coi,c1i,a1i,c2i,a2i
1,0.9282786369878353,1.409460171101981,88.90838373211115,0.012703058004719938,223.54519176651948
2,0.01501173182738921,0.10594865944162736,44.72377483283344,0.06027689541512004,228.5474382256659
