PrincipalComponent,coi,c1i,a1i,c2i,a2i
1,0.9549873840305113,1.668285198116166,97.7235885617354,1.3463909903148347e-17,222.13457356191128
2,0.018363733391771945,0.018425508405996993,45.812750073767916,0.0031616436542396178,230.14614891930083
