PrincipalComponent,coi,c1i,a1i,c2i,a2i
1,0.9464811073839626,1.5140653516189597,95.31328196052759,0.0,222.41037579427964
2,0.027688191131267848,0.0657553581562609,45.785631529489415,0.06947719064513366,229.7279812302778
