PrincipalComponent,coi,c1i,a1i,c2i,a2i
1,0.9230665435085222,1.6057541217271711,93.98329278054952,0.0,223.36323061826982
2,0.019740628796900812,0.01781735678435043,45.424265442794926,0.0,229.6866524077594
