PrincipalComponent,coi,c1i,a1i,c2i,a2i
1,0.9587221066851025,1.6734705247451156,98.48962383030971,0.0,221.55140869025246
2,0.018403319437613752,0.024654225249068393,45.853503048834504,0.00699096951067611,230.1515592360051
