PrincipalComponent,coi,c1i,a1i,c2i,a2i
1,0.937554291345698,1.6521439730503964,95.44944692708017,9.949693622364758e-17,222.80851558353154
2,0.019127567292035744,0.01320680663116566,45.45099935072313,0.0004401595042165518,229.8104838282568
