PrincipalComponent,coi,c1i,a1i,c2i,a2i
1,0.8916344102959839,1.5067041665029648,89.41257470253412,0.0018008044086086114,223.33714675411105
2,0.013586226967818115,0.10511551673305501,44.82978233759676,0.05610206916050013,228.5860164593628
