PrincipalComponent,coi,c1i,a1i,c2i,a2i
1,0.9164434062794723,1.6798030902726113,93.74316732460011,1.761660334009385e-17,221.6895044782013
2,0.020178498928367136,0.04164411752436405,45.05052883784493,0.03347128272671252,229.05688731352518
