PrincipalComponent,coi,c1i,a1i,c2i,a2i
1,0.8917042586318628,1.3924910154973988,84.98101291213226,0.0414233316595807,223.4397569458481
2,0.011369495634476083,0.10538084631587442,43.926511214858884,0.07460928121823286,227.56418795258426
