PrincipalComponent,coi,c1i,a1i,c2i,a2i
1,0.9532252787281683,1.6763860472536054,99.26241521554154,0.0,221.01954395894464
2,0.01918761843113571,0.03069903602484963,45.94631941034859,0.013907724137700403,230.19188427075994
