PrincipalComponent,coi,c1i,a1i,c2i,a2i
1,0.9580167006731835,1.675460649371551,98.97334315682981,0.0,221.34051666716044
2,0.018490404440184672,0.02676756928327203,45.92194052663424,0.008864833849054472,230.21088694580482
