PrincipalComponent,coi,c1i,a1i,c2i,a2i
1,0.9530754988933628,1.5992234535466077,93.6443409737682,0.0,221.98289706227095
2,0.021670961326070735,0.05079528510955838,45.089423576835735,0.0537437399786575,229.12062794988876
