PrincipalComponent,coi,c1i,a1i,c2i,a2i
1,0.929437361862902,1.6375851820310912,94.23700973376,0.0,223.09265994961402
2,0.019137984590829674,0.012382293642896836,45.28562745395354,0.0009628641442539735,229.61817745849044
