PrincipalComponent,coi,c1i,a1i,c2i,a2i
1,0.9238469514250306,1.6237822979387908,93.77005487339063,0.0,223.29823681035754
2,0.0187930605038566,0.015010201502564428,45.330262530010046,0.0,229.5960952892558
