PrincipalComponent,coi,c1i,a1i,c2i,a2i
1,0.9216136615918857,1.6152588427671424,93.71248498435992,0.0,223.3689241622135
2,0.01866672524974648,0.016342985313749774,45.345750637302764,0.0,229.61360020814578
