PrincipalComponent,coi,c1i,a1i,c2i,a2i
1,0.9471931367849045,1.6773876870920081,98.46896279587199,0.0,221.09303813354668
2,0.01892538602496877,0.03523465306500165,45.82379823156948,0.01909839187540644,230.02307898584112
