PrincipalComponent,coi,c1i,a1i,c2i,a2i
1,0.9781218939342761,1.5882448733606978,96.5089469337888,3.183328938883225e-17,221.72779662283156
2,0.02290248264743739,0.04108210996757936,45.6323206442553,0.04500635963392461,229.73702775310662
