PrincipalComponent,coi,c1i,a1i,c2i,a2i
1,0.9643844097426376,1.6953112462176954,98.14936339262283,6.088694125476797e-17,221.5904663572609
2,0.023826815637658958,0.014768337210584206,45.71033075130619,0.00046954564489697727,230.05131469986696
