PrincipalComponent,coi,c1i,a1i,c2i,a2i
1,0.9183735773011489,1.477386416651792,87.46458319768112,0.013520962670427017,223.29293762261972
2,0.01295753859941424,0.08447189662000565,44.2530476886877,0.05900334608318214,228.05868645743166
