PrincipalComponent,coi,c1i,a1i,c2i,a2i
1,0.9818304264102683,1.7237728056179202,100.0,9.080895150633866e-17,220.73454643341822
2,0.01974827580528319,0.01725918910944673,45.84455953962127,3.7947076036992655e-19,230.20873944020258
