PrincipalComponent,coi,c1i,a1i,c2i,a2i
1,0.9383463728178236,1.6229391166166118,95.56643046556448,5.833149570241593e-17,222.49743705437618
2,0.026298931936816414,0.03528885076270732,45.58997163018837,6.8582911022673235e-18,229.7810387774179
