PrincipalComponent,coi,c1i,a1i,c2i,a2i
1,0.9559081328817408,1.4870431573384768,90.27756605279272,1.2528400620551632e-17,223.06863207908452
2,0.01742735708441449,0.06916020959688135,44.66804961665457,0.056834300935588375,228.6668135463224
