PrincipalComponent,coi,c1i,a1i,c2i,a2i
1,0.9818422065224537,1.719628728472696,99.57316296412618,1.0152334738113908e-16,220.97770948548472
2,0.020444268348722462,0.01592619188414345,45.80040876796961,0.0,230.17596430541624
