PrincipalComponent,coi,c1i,a1i,c2i,a2i
1,0.9473662637887386,1.7428745122957663,94.92814323541202,0.0,221.06105340156873
2,0.015640352411406495,0.023908786972464364,44.91175989464665,0.014901646544882876,229.0709977917204
