PrincipalComponent,coi,c1i,a1i,c2i,a2i
1,0.9755994458508598,1.7072662320427534,98.84723910150349,3.902792948320393e-18,221.35070653096545
2,0.022186555428889667,0.014405069492835076,45.77166614763281,0.0,230.12594603936142
