PrincipalComponent,coi,c1i,a1i,c2i,a2i
1,0.9550445348962147,1.681045857790737,96.68332120893015,0.0,221.96559093196836
2,0.025669676436254032,0.015743917888783484,45.53407009658781,0.0020616219022946427,229.8248776132245
