PrincipalComponent,coi,c1i,a1i,c2i,a2i
1,0.9400678602295446,1.6434470458325856,95.26346151079194,0.0,222.4326051401611
2,0.026075100336670726,0.02621730142928304,45.44871625803013,0.003101312627017632,229.6629033604872
