PrincipalComponent,coi,c1i,a1i,c2i,a2i
1,0.9459057049829784,1.6620448525972453,95.53259126145387,3.615842130172385e-17,222.27056050212275
2,0.02614699611200007,0.018767062697191805,45.402391782507216,0.0038458799288113477,229.65890859145168
