PrincipalComponent,coi,c1i,a1i,c2i,a2i
1,0.9184732718248105,1.5804827348646089,90.2066388163836,4.4818557038405216e-17,222.75651920331063
2,0.019828322793230817,0.05465036491861403,44.68486096919343,0.0605498183552075,228.5482182751382
