PrincipalComponent,coi,c1i,a1i,c2i,a2i
1,0.937308649625998,1.6336424500634803,95.28080249552684,0.0,222.55939497007387
2,0.025715020573190365,0.03094850303706889,45.52440053503666,0.0011437411560576583,229.72007290934
