PrincipalComponent,coi,c1i,a1i,c2i,a2i
1,0.9748279002057152,1.7343685481981546,99.55149336102944,5.388539269671697e-17,220.46476994558103
2,0.01664158312083133,0.02192595059598952,45.704754809781384,0.003953305986004424,230.0144302997186
