PrincipalComponent,coi,c1i,a1i,c2i,a2i
1,0.9769782511234946,1.730527272861706,100.0,2.4133437906505575e-17,220.30350005499037
2,0.01855143282572474,0.019467445316692103,45.750475996237974,0.0012974401341054119,230.08247830083593
