PrincipalComponent,coi,c1i,a1i,c2i,a2i
1,0.9845654341765315,1.670238370263803,94.83701253828585,0.0,221.46192573155227
2,0.01723967348267958,0.027750461275624836,45.017698072194804,0.031018980409645888,229.18734140740003
