PrincipalComponent,coi,c1i,a1i,c2i,a2i
1,0.90845375002966,1.6011768498411045,92.1529576036665,0.0,223.858666846144
2,0.015459048941356362,0.012715198650578765,45.139791310947814,0.004744249083324732,229.39501668839105
