PrincipalComponent,coi,c1i,a1i,c2i,a2i
1,0.9323548278528614,1.6291830874677087,97.3057009172714,0.0,222.1776100504357
2,0.024400581336707364,0.03642648009366713,45.92300673627098,0.028404190995387782,230.1101869447821
