PrincipalComponent,coi,c1i,a1i,c2i,a2i
1,0.9339866976295637,1.629185406158951,96.88212807372109,2.77860165928508e-17,222.4105096379709
2,0.02318704300616665,0.033882057709494456,45.875996134007586,0.025251978439587968,230.07498955993876
