PrincipalComponent,coi,c1i,a1i,c2i,a2i
1,0.9190475526713484,1.6220909204306233,93.87813982901908,0.0,223.29539467100352
2,0.018106478865734514,0.015639962296818896,45.39049885332684,0.009402917328324989,229.62975144469172
