PrincipalComponent,coi,c1i,a1i,c2i,a2i
1,0.9259718880589622,1.6262344476969637,97.58102288978822,0.0,221.90822036783916
2,0.02633678214001728,0.04200367801723682,45.914470048571275,0.036772287329462666,230.09186325039894
