PrincipalComponent,coi,c1i,a1i,c2i,a2i
1,0.9254365255861965,1.6265979047333425,95.43083398550392,0.0,222.8951370527894
2,0.019526223122480986,0.0195315136204249,45.62759929192494,0.013564398467765608,229.8795802135795
