PrincipalComponent,coi,c1i,a1i,c2i,a2i
1,0.9083570757969942,1.585916887688712,92.28415215930289,0.0,223.95757191904173
2,0.014624748920171769,0.0165074819315006,45.18422660689757,0.000792678097483895,229.4690802675457
