PrincipalComponent,coi,c1i,a1i,c2i,a2i
1,0.9124785838915971,1.6114354341041255,92.65457553120791,1.0979610174535596e-16,223.59335424385384
2,0.016868463148743483,0.012531874353078083,45.19875924358887,0.007718908325146529,229.43628453135938
