PrincipalComponent,coi,c1i,a1i,c2i,a2i
1,0.9330084748254817,1.62953189409447,96.16431417840316,7.101381601703098e-17,222.68387559743186
2,0.02088899662920997,0.02499560320880505,45.75565300224078,0.017517602354020126,229.9828971320064
