PrincipalComponent,coi,c1i,a1i,c2i,a2i
1,0.9063840229652972,1.5941994088687343,92.03309270348392,0.0,223.91493581467583
2,0.014684548872825975,0.013899008778806943,45.15922355077058,0.003267814107386584,229.39300014118507
