PrincipalComponent,coi,c1i,a1i,c2i,a2i
1,0.9237371120041165,1.5368041672502302,92.12991646919335,1.194456189656131e-17,222.83042032936115
2,0.02558966136152237,0.0864204227504809,45.08557510353006,0.06681646077133703,229.04964615079368
