PrincipalComponent,coi,c1i,a1i,c2i,a2i
1,0.918599119571861,1.6241235036893062,96.72211027354857,1.3427380655595235e-16,222.06253342033887
2,0.026943596735524898,0.04825649131168692,45.82218514617977,0.04398794762023442,229.93646524112648
