PrincipalComponent,coi,c1i,a1i,c2i,a2i
1,0.9213102575411978,1.4513689625487403,94.21502935285437,1.0914102865835603e-16,223.33118481482225
2,0.026076825471861777,0.11216037732629279,45.90776528212488,0.07067597687117115,229.76727209378586
