PrincipalComponent,coi,c1i,a1i,c2i,a2i
1,0.8631395666727771,1.4180790334383222,86.02878126936218,0.04221197792173697,223.45131526025756
2,0.018120590447065377,0.12490479002965807,44.324680841164835,0.07944795849873668,227.84302541357062
