PrincipalComponent,coi,c1i,a1i,c2i,a2i
1,0.9025541445372043,1.3303076619136147,85.86298112934998,0.045901061699105475,223.58419581909388
2,0.017572720005639596,0.12557023790511637,44.229728663362586,0.07922467722734652,227.8560088857408
