PrincipalComponent,coi,c1i,a1i,c2i,a2i
1,0.8646949727355074,1.3142593748119282,81.61396119143483,0.07534170307384346,223.3422221924322
2,0.014503340416907455,0.12262206092801202,43.329798181698685,0.09595086604863465,226.75719546508176
