PrincipalComponent,coi,c1i,a1i,c2i,a2i
1,0.9212766319920535,1.5695973697425998,92.94776766991899,0.0,222.90912294207314
2,0.0431647970033313,0.09526635597743728,45.65207397132511,0.030792342222747775,229.28950023452148
