PrincipalComponent,coi,c1i,a1i,c2i,a2i
1,0.9720893822658259,1.7129233173267597,95.71510213404939,3.3031582658319295e-17,221.38764790295397
2,0.03458141845711264,0.028259146138498656,45.20229277731729,0.024000322016290442,229.33854316788307
