PrincipalComponent,coi,c1i,a1i,c2i,a2i
1,0.9890838347523193,1.7300745106135265,91.75457838328782,2.555424226647181e-16,222.12275108856457
2,0.020686941481135934,0.009482461013565086,44.34831563031492,0.008625663388975755,228.56876740816833
