PrincipalComponent,coi,c1i,a1i,c2i,a2i
1,0.9257118465837683,1.6766557322867355,87.8198277516503,0.0,222.6242060854584
2,0.021379497189961877,0.022717726476570187,43.809362276102334,0.010781331452253351,227.86034792468803
