PrincipalComponent,coi,c1i,a1i,c2i,a2i
1,0.9204273039451077,1.5815812935927143,92.57650745745032,0.0,222.8834758517589
2,0.04250378773678897,0.0883420267009001,45.493175537365246,0.033454455411265314,229.1765276483839
