PrincipalComponent,coi,c1i,a1i,c2i,a2i
1,0.9296368698819707,1.6185938720347335,92.32124270880273,0.0,222.55241714877346
2,0.043492830546391185,0.06238140364681784,45.0688773500634,0.04042062579917067,228.9572826980549
