PrincipalComponent,coi,c1i,a1i,c2i,a2i
1,0.9736625795632726,1.7215401458842456,96.16237355180198,5.466592642576467e-17,221.26249035884933
2,0.03312252772174856,0.026384820113521543,45.25050703401071,0.021471618089712503,229.40549239834766
