PrincipalComponent,coi,c1i,a1i,c2i,a2i
1,0.9481689618640399,1.7796903815758065,91.67699390908315,6.08799047222253e-17,221.68328810132738
2,0.02077580589870581,0.016907909230792634,44.29061417827535,0.008858421182990938,228.40964729571226
