PrincipalComponent,coi,c1i,a1i,c2i,a2i
1,0.9716473855354322,1.7526273219335124,95.87861531850923,6.806935657468426e-17,221.08513815106483
2,0.02623680256874628,0.02099631837823523,45.066145981140636,0.011562495401153464,229.26039184715665
