PrincipalComponent,coi,c1i,a1i,c2i,a2i
1,0.9596456438717379,1.5874742498956442,87.48180121435361,1.3508392819752284e-16,222.85953863710182
2,0.02808091203854825,0.014860447539367213,43.834336341533344,0.02503302393942399,227.88924994627558
