PrincipalComponent,coi,c1i,a1i,c2i,a2i
1,0.9158745964754833,1.5862722426313156,85.12290921988118,0.0,222.96072601024278
2,0.03164436332717406,0.022256915923079434,43.45394489334557,0.040064126142433404,227.37986059580746
