PrincipalComponent,coi,c1i,a1i,c2i,a2i
1,0.9855997708511124,1.6722287563887184,93.4913211202898,0.0,222.32721446027966
2,0.025121660258016973,0.012288353103218753,44.835391692282606,0.004127972265395598,229.10372334974613
