PrincipalComponent,coi,c1i,a1i,c2i,a2i
1,0.9737244128932343,1.738026297766358,96.5998709191511,2.735703472756948e-19,220.96781220189715
2,0.02957694394691429,0.023835986897178203,45.23387569457248,0.015020098386565747,229.42066625947325
