PrincipalComponent,coi,c1i,a1i,c2i,a2i
1,0.9395133512311603,1.644399373152229,93.20138176153694,0.0,222.27817506237014
2,0.04327811799429845,0.050807436772161325,45.10788396791624,0.03896449281757908,229.06756591762243
