PrincipalComponent,coi,c1i,a1i,c2i,a2i
1,0.9226076448757027,1.5939717337435788,92.32357794374776,6.507797440710564e-17,222.79401177788924
2,0.04327739836040189,0.07950315639898384,45.3159972559199,0.03702845246157583,229.06257165441423
