PrincipalComponent,coi,c1i,a1i,c2i,a2i
1,0.9627253416637656,1.6870546663801573,95.13117629248686,8.672056429687185e-17,221.71199526944977
2,0.0385688215708406,0.0365953167848689,45.23428500605754,0.02988443459354421,229.31863154720074
