PrincipalComponent,coi,c1i,a1i,c2i,a2i
1,0.9363764144243196,1.6261259917381277,94.24922119928172,1.840775764164508e-16,222.48929462305256
2,0.03722890079802718,0.05133117660848404,45.40827424142021,0.01938467902646682,229.42702910917183
