PrincipalComponent,coi,c1i,a1i,c2i,a2i
1,0.9756338963306409,1.7089865507147857,97.37937788403171,0.0,221.2692333437029
2,0.03180760591637063,0.02116166066511806,45.49501974155844,0.011925592803614288,229.726546481622
