PrincipalComponent,coi,c1i,a1i,c2i,a2i
1,0.9339517834665264,1.614564895410891,94.4132773355497,0.0,222.57888995989543
2,0.036512575205026786,0.059009917694950245,45.546449922432664,0.016219381342937995,229.51273669351912
