PrincipalComponent,coi,c1i,a1i,c2i,a2i
1,0.9854234460372944,1.7368468821194225,98.48703302363798,1.486532670768678e-17,220.8447665400676
2,0.02696787240989465,0.015984015992983595,45.53421615948456,0.006542734072328242,229.8400702103904
