PrincipalComponent,coi,c1i,a1i,c2i,a2i
1,0.9350845477957654,1.6027485087588722,94.80481964079486,0.0,222.53820793252066
2,0.036981480663676555,0.06518605571047545,45.64931506489792,0.014410269302132598,229.60678076460593
