PrincipalComponent,coi,c1i,a1i,c2i,a2i
1,0.943361604958732,1.648581317982222,94.37882245437633,0.0,222.27344042932037
2,0.03673155329088571,0.039054298186064436,45.27156447463808,0.020518198620163214,229.3634170061406
