PrincipalComponent,coi,c1i,a1i,c2i,a2i
1,0.9630217623544136,1.6916611671128046,96.71700930931975,0.0,221.50299778804964
2,0.033938584151181665,0.02572618775447372,45.483339658432946,0.015196723208512222,229.6622023385366
