PrincipalComponent,coi,c1i,a1i,c2i,a2i
1,0.9528098819906142,1.6722058043452888,95.33259033254768,0.0,221.92091198891953
2,0.036491848868630765,0.030403989190403564,45.33598149416005,0.0188839865124963,229.46178463692098
