PrincipalComponent,coi,c1i,a1i,c2i,a2i
1,0.9810950858568827,1.759794954868934,98.13696489902922,0.0,220.77567727804828
2,0.02188827415523984,0.0150232780211144,45.39505123707864,0.001607715052255935,229.71706387815593
