PrincipalComponent,coi,c1i,a1i,c2i,a2i
1,0.9964566247241557,1.7190288863378227,93.7161111320265,1.315777993367795e-16,221.79758826224105
2,0.01743517179891732,0.010986121716251454,44.67492511920037,0.01208289652623447,228.9524928033978
