PrincipalComponent,coi,c1i,a1i,c2i,a2i
1,0.9566878520040197,1.7783754102487068,93.77037134837316,0.0,221.55254766567148
2,0.01758117719538445,0.014169771884245695,44.591148879807,0.0045022150848143955,228.8691329703062
