PrincipalComponent,coi,c1i,a1i,c2i,a2i
1,0.9311551232522784,1.64496170421129,89.4229668230679,0.0,222.62780317693495
2,0.019773098427932363,0.031591467118343916,44.27395397233797,0.02983924908156603,228.27525900463877
