PrincipalComponent,coi,c1i,a1i,c2i,a2i
1,0.9909552493042596,1.6483467681381825,95.50602478639557,0.0,221.91118342467368
2,0.023520211846415624,0.019749625212228002,45.24895191925775,0.016494775662678533,229.48998279429705
