PrincipalComponent,coi,c1i,a1i,c2i,a2i
1,0.964449719025338,1.5528065403535976,88.98357453601395,9.235867508837518e-17,222.9116479557222
2,0.026669405051542566,0.023905812610952645,44.21543537447023,0.04782148849073604,228.27679395036276
