PrincipalComponent,coi,c1i,a1i,c2i,a2i
1,0.9244711124162575,1.5489746215763032,86.8628519027882,1.1602362067749403e-16,223.10600071465532
2,0.022998474819086647,0.04865449880934383,43.88367317163764,0.04683112817137693,227.8398927375077
