PrincipalComponent,coi,c1i,a1i,c2i,a2i
1,0.9004808756722844,1.526555108261763,90.26792662691845,0.0,223.40354447224126
2,0.04824912167347335,0.11977137238753466,45.61061495656712,0.05280341230152968,228.83250871688094
