PrincipalComponent,coi,c1i,a1i,c2i,a2i
1,0.9184746114328796,1.6041077548848575,90.41572176281147,0.0,222.72206405675107
2,0.048142402109939024,0.07131446708771562,44.767688002519755,0.06254385826228691,228.53352015713725
