PrincipalComponent,coi,c1i,a1i,c2i,a2i
1,0.9295867899827257,1.6275261883868768,91.75186631750957,1.7050695914079292e-17,222.39007548024045
2,0.04571965358835127,0.06201450309029708,44.89925911034232,0.05797858207509322,228.74367960403862
