PrincipalComponent,coi,c1i,a1i,c2i,a2i
1,0.9518365028799153,1.6789927114307552,92.88340855978957,0.0,221.92559421102692
2,0.039882201207115484,0.0422199228615356,44.87024920919652,0.04577413944603689,228.84187797149374
