PrincipalComponent,coi,c1i,a1i,c2i,a2i
1,0.9424247258079829,1.6499904342450415,92.33082463043513,0.0,222.21196141760146
2,0.04348338809814981,0.05333223196521271,44.90217414256848,0.05292410626929453,228.80722823053597
