PrincipalComponent,coi,c1i,a1i,c2i,a2i
1,0.8996834330471984,1.538628807470862,89.92529693990659,0.0,223.3588301922068
2,0.04710489415877554,0.11349971043989278,45.391429115956264,0.05504741390583679,228.71340349176015
