PrincipalComponent,coi,c1i,a1i,c2i,a2i
1,0.9535792160452903,1.6887835119188386,93.36551766977007,1.3215803510776015e-16,221.79782096521845
2,0.03828169230781808,0.039660860534937815,44.92909519404628,0.042708337759626576,228.91637497673293
