PrincipalComponent,coi,c1i,a1i,c2i,a2i
1,0.902071798976903,1.551130225951355,89.69098354044867,0.0,223.24787379736534
2,0.04733901790843832,0.10563090016843872,45.170408629093394,0.05749449245340966,228.59191349911515
