PrincipalComponent,coi,c1i,a1i,c2i,a2i
1,0.9093658882891895,1.576701723138073,89.71089970269486,1.2059927453558118e-16,222.99406175577403
2,0.04657684069653588,0.08964416408932478,44.858447151676955,0.05883506690206715,228.47950575764764
