PrincipalComponent,coi,c1i,a1i,c2i,a2i
1,0.9541924676767215,1.7078231550192118,93.84065079398043,0.0,221.55519644329826
2,0.034532542513160985,0.03555467385920583,44.91493952775936,0.03460124291237132,228.94916895209124
