PrincipalComponent,coi,c1i,a1i,c2i,a2i
1,0.973352954618754,1.7175487463087231,89.40931212234258,0.0,222.18740069735364
2,0.02195234902033623,0.01658687911266881,43.93542754791858,0.013246028082835702,228.02448106908932
