PrincipalComponent,coi,c1i,a1i,c2i,a2i
1,0.9312002942855865,1.7588079568580999,89.21222699238135,9.160396407664785e-18,221.85452400589745
2,0.0227032420664097,0.026766145826715167,43.89809709935109,0.020816791775432924,227.894569612818
