PrincipalComponent,coi,c1i,a1i,c2i,a2i
1,0.9110327651825141,1.6834667633254308,85.87100094879479,2.2143152047526728e-17,222.77885132383753
2,0.022915840925678135,0.022586989385699627,43.441887853748185,1.0842021724855044e-19,227.44078403541386
