PrincipalComponent,coi,c1i,a1i,c2i,a2i
1,0.9458588938335556,1.5976348455052412,85.61161428580878,2.4802212948386486e-17,222.89190802852121
2,0.028905745486695174,0.014935966750441313,43.41877754750968,0.009953520889724328,227.44520711032922
