PrincipalComponent,coi,c1i,a1i,c2i,a2i
1,1.1380129537379267,1.293890248937905,86.96515728397725,1.771846202772691e-17,222.51613966851252
2,0.03480203745763742,0.06042977348975384,43.38137134046669,0.010407044621247542,227.66302538305573
