PrincipalComponent,coi,c1i,a1i,c2i,a2i
1,1.141601806080042,1.2979322903222574,96.0939283022997,5.524162186953644e-17,218.9210799185303
2,0.06311743017575827,0.09140843092840807,44.16806679723265,0.0,228.73211081459505
