PrincipalComponent,coi,c1i,a1i,c2i,a2i
1,1.1424571352973447,1.303470460025452,98.51036821025694,0.0,217.44379171978366
2,0.06930272283171927,0.09806905764295173,44.28694395900672,4.233134993518684e-17,228.86523744905034
