PrincipalComponent,coi,c1i,a1i,c2i,a2i
1,1.0795426475651229,1.384181205404106,94.25106611108582,0.0,218.4262099509266
2,0.07471250298125888,0.12097486162380348,44.59436258167495,0.0,228.26791338833647
