PrincipalComponent,coi,c1i,a1i,c2i,a2i
1,0.7078356056383073,1.0060850696946944,73.9554964343303,0.26895420912300116,223.33215139452315
2,0.13068458309736117,0.25471385004173425,44.39035078495658,0.0682309068703274,225.39426296948557
