PrincipalComponent,coi,c1i,a1i,c2i,a2i
1,0.9051056691260505,1.0919547480636345,97.08213658641718,0.10696432585457756,232.51254659809058
2,0.15795201102442674,0.622956038265407,79.2821942443052,2.5482650097413946e-19,235.06986532051312
