PrincipalComponent,coi,c1i,a1i,c2i,a2i
1,0.9231001913869384,0.5537013505079132,45.90569014648678,1.0986677338231012,215.87653872471992
2,0.0809011571122905,0.18381856282889225,36.87390411020858,0.06237868518092749,216.30435714912213
