PrincipalComponent,coi,c1i,a1i,c2i,a2i
1,0.9272680427052997,0.5619805744322429,49.39956470139681,1.0374916087894577,216.02753541937406
2,0.10081964841115575,0.2101616045870266,38.720998107936246,0.09537132930441568,217.20819551732873
