PrincipalComponent,coi,c1i,a1i,c2i,a2i
1,0.8394148390093659,0.7685138610404338,33.98516787522293,1.3248753821793724,250.0
2,0.019742963990164782,0.02980432680604304,39.791843206818996,0.0022266391688196643,222.86138129949111
