PrincipalComponent,coi,c1i,a1i,c2i,a2i
1,0.9199690231969976,0.5716527035171011,38.74358805108887,1.2198525003453364,215.34741688533035
2,0.03755947826574236,0.1087835720245486,32.723619396043105,0.006484746500055198,214.11895017166424
