PrincipalComponent,coi,c1i,a1i,c2i,a2i
1,0.8648982687971968,0.7136188539637267,34.89351036655488,1.293219328761516,250.0
2,0.02637889876881163,0.052535803778377466,41.394516034838745,0.0,223.38820101225883
