PrincipalComponent,coi,c1i,a1i,c2i,a2i
1,0.9611567549776813,0.8089715799159646,87.53645972226305,0.569836071905771,221.25049952911772
2,0.15457325643413203,0.402780671536802,65.74759814429206,0.1039828747545522,228.12138972118964
