PrincipalComponent,coi,c1i,a1i,c2i,a2i
1,0.9403424404060442,0.5945455254016349,57.37622290232743,0.929400434849148,216.21076506240072
2,0.12462231011062545,0.2521114590563606,42.63424297782314,0.15006340467463344,219.05301681219882
