PrincipalComponent,coi,c1i,a1i,c2i,a2i
1,0.9349956823196284,0.5936103312170006,55.98907379589614,0.9452254934878347,216.20551279717947
2,0.12046131128923779,0.2400746266764105,41.62585025830628,0.14229992115075193,218.72744898465302
