PrincipalComponent,coi,c1i,a1i,c2i,a2i
1,0.9527544703580628,1.0000584914761492,98.52079158475188,0.28603789846596805,227.77426249579315
2,0.16485787622853715,0.5400162816551556,78.34497430708498,0.007545107540098373,233.54478001193618
