PrincipalComponent,coi,c1i,a1i,c2i,a2i
1,0.8321536136820096,0.8139972768679182,34.41127196247688,1.3565879861041719,250.0
2,0.017115787809969793,0.010619355372636826,39.42710639707125,0.011643798409561614,222.83447559862182
