PrincipalComponent,coi,c1i,a1i,c2i,a2i
1,0.961104867995498,0.6405189923004567,69.11076662031202,0.8279276500287488,216.4090008649253
2,0.13604075833978432,0.2854346337799545,49.973179816985244,0.15073008790103995,221.93904433052694
