PrincipalComponent,coi,c1i,a1i,c2i,a2i
1,0.9270997393633269,0.548815568374075,42.559690737394355,1.170689771805786,215.61603393237337
2,0.05956901301982178,0.15242529592185766,34.97145531557252,0.028665933488629797,215.32625228499882
