PrincipalComponent,coi,c1i,a1i,c2i,a2i
1,0.92418744475163,0.5617309025842443,70.12632875156334,0.9421390215304946,228.36296656061953
2,0.1740925673318024,0.45088190521506527,67.84404863823268,0.02452767203961012,227.10818091206002
