PrincipalComponent,coi,c1i,a1i,c2i,a2i
1,0.8375672278025776,0.6891886991934548,35.81201944474013,1.4699880316736165,250.0
2,0.05507760001287139,0.07738726138261863,41.405671393591206,0.0,223.45284644751243
