PrincipalComponent,coi,c1i,a1i,c2i,a2i
1,0.9332373224845787,0.5645990547270952,74.77789678542372,0.8935422530872603,229.145909382012
2,0.1910058108475143,0.5290006639476786,77.20922435167583,3.1421928185222583e-19,228.1092612773969
