PrincipalComponent,coi,c1i,a1i,c2i,a2i
1,0.9119308479557404,0.556539664141815,71.66978174072494,0.8573297707022662,229.73668139781338
2,0.20120747208820736,0.6226379823566627,80.56140068269846,0.0,227.47264648810386
