PrincipalComponent,coi,c1i,a1i,c2i,a2i
1,0.8552833553414991,0.6299731339404949,36.662298093827154,1.4267412870749834,250.0
2,0.06878730642520034,0.11150834526859793,46.54507166755724,1.1067487796988692e-17,224.6602650062242
