PrincipalComponent,coi,c1i,a1i,c2i,a2i
1,0.850105415798634,0.6448716051927063,68.04236186823465,0.6286093890002655,231.32033042291675
2,0.18800303181923944,0.7711566090049972,79.97228141638377,6.978774653546191e-18,228.04113637302234
