PrincipalComponent,coi,c1i,a1i,c2i,a2i
1,0.8950698628408281,0.5789000259666712,68.73775967980262,0.7743562718126873,230.03411491010908
2,0.2002197788781544,0.6925610089572887,80.36793279249926,1.0354492497343779e-17,227.30970611806225
