PrincipalComponent,coi,c1i,a1i,c2i,a2i
1,0.8432866180433497,0.7536376227898453,36.5806606695966,1.5031049083155952,250.0
2,0.03811892927230523,0.046127421869403676,39.97032422954574,0.0,223.27733270727637
