PrincipalComponent,coi,c1i,a1i,c2i,a2i
1,0.8821430527687265,0.47655474005639725,45.25795333875396,1.1638607244267651,231.71374377492774
2,0.1696497490042382,0.3824893399073243,69.86547757803359,0.0,224.9784780497243
