PrincipalComponent,coi,c1i,a1i,c2i,a2i
1,0.8892550872978425,0.5587610808083819,41.085369675828,1.336043373015155,250.0
2,0.11131853694279507,0.1687587025396143,63.48376496993965,0.0,228.75272395720182
