PrincipalComponent,coi,c1i,a1i,c2i,a2i
1,0.9283190760151858,0.5645259583660267,71.64186255152568,0.9241708691479679,228.88464858029675
2,0.17999698178312204,0.4751657004942435,70.18952955059389,0.017672737420163325,227.58281471734293
