PrincipalComponent,coi,c1i,a1i,c2i,a2i
1,0.8819017656706177,0.4802599322086363,43.52076968345892,1.2200478471724194,232.49805569305323
2,0.14920549827401813,0.32143979519116966,65.49068215233115,0.0,224.6021644897472
