PrincipalComponent,coi,c1i,a1i,c2i,a2i
1,0.8904219459718026,0.49184869433565687,42.05753745611086,1.290716553431723,235.0818361309158
2,0.12883976096100117,0.2501710758817197,61.3037117555547,1.7771570080360238e-19,224.6296895024386
