PrincipalComponent,coi,c1i,a1i,c2i,a2i
1,0.8054798166217153,0.4511954099655692,33.28009980809103,1.3537768854027523,250.0
2,0.17774105155977332,0.300940625751399,66.47459112324383,0.09490485778363093,223.89494371308157
