PrincipalComponent,coi,c1i,a1i,c2i,a2i
1,0.7958863181867274,0.4588187676874538,35.35582721419521,1.2237340391543512,250.0
2,0.23095704894806765,0.40128317499555616,79.9224325210325,0.14136715009234874,221.23711868073215
