PrincipalComponent,coi,c1i,a1i,c2i,a2i
1,0.7869398493886606,0.6124070988169382,29.18243966664889,1.6529410258307555,249.99999999999997
2,0.061502433627865616,0.09085164854605485,39.645535401902606,0.02187034879389883,221.7209819523292
