PrincipalComponent,coi,c1i,a1i,c2i,a2i
1,0.823156417971603,0.4800329354458282,31.45165609006584,1.4973755172437715,250.0
2,0.1160367172038628,0.18304570504529064,49.37195068809313,0.06233152229530756,223.3645412300491
