PrincipalComponent,coi,c1i,a1i,c2i,a2i
1,0.7973547396874018,0.45566346817246284,35.1988792546768,1.2128423984986074,250.0
2,0.23725739336958554,0.42291507641667786,82.16101310050279,0.13971300378476434,220.53244713442493
