PrincipalComponent,coi,c1i,a1i,c2i,a2i
1,0.8004574150395996,0.4386059964530168,35.3057374725605,1.1802920484331545,248.97017293697934
2,0.25765604078580956,0.5737387198283026,99.99999999999999,0.050735808602414494,214.82756831979808
