PrincipalComponent,coi,c1i,a1i,c2i,a2i
1,0.7974776105505517,0.6715369229950244,30.327116742907194,1.7087791720822227,250.0
2,0.04325479845530619,0.05607483965980609,38.98142294626253,0.008061541022060153,221.8040323044862
