PrincipalComponent,coi,c1i,a1i,c2i,a2i
1,0.7835762438559589,0.4460535383651498,35.37610771797509,1.129266567055215,245.21266353733742
2,0.25836616376180427,0.643362129607266,100.0,0.041777340306877325,215.85155613559093
