PrincipalComponent,coi,c1i,a1i,c2i,a2i
1,0.80060916304155,0.44264265617344245,34.98317039729308,1.1974491993132141,250.0
2,0.2467420590323583,0.5001367875889247,92.3307909140054,0.09869209726853104,217.10327586146133
