PrincipalComponent,coi,c1i,a1i,c2i,a2i
1,0.7946789058760323,0.5552174326794782,29.023581476287067,1.5972882546965461,250.0
2,0.08104454186898545,0.12019741327695178,41.17766913384154,0.042396096928079795,221.9240944506585
