PrincipalComponent,coi,c1i,a1i,c2i,a2i
1,0.8005156719845605,0.4524031315397514,34.313432538962964,1.2908242231823235,250.0
2,0.20501074278066425,0.33558923335418783,70.59571264929197,0.12740947699057315,223.06012484502796
