PrincipalComponent,coi,c1i,a1i,c2i,a2i
1,0.817604140407814,0.45425183988758056,32.01041734350625,1.4358962408334301,250.0
2,0.14803670470205244,0.25010031114871445,60.144084264497444,0.07050802081259441,224.1274945022656
