PrincipalComponent,coi,c1i,a1i,c2i,a2i
1,0.7739638035900721,0.4642806856088172,36.304149860786815,1.03262036895368,238.9551646342004
2,0.25572339017457146,0.746740459057168,100.0,0.0,217.61049796965867
