PrincipalComponent,coi,c1i,a1i,c2i,a2i
1,0.7362722309194485,0.5077080605542704,37.86032776888098,0.9070758229551252,235.8314193833845
2,0.24322134893649605,0.8186180935082659,97.94978487679549,0.0,220.41053079671752
