PrincipalComponent,coi,c1i,a1i,c2i,a2i
1,0.7742199979509944,0.5620228344086654,31.549727890929258,1.373025585881916,250.0
2,0.12951010438418448,0.16331095297918735,47.72429497951592,0.07499145998125176,223.26137273418874
