PrincipalComponent,coi,c1i,a1i,c2i,a2i
1,0.7326969193386312,0.5225558550961995,35.77521462577923,1.0114314226148218,241.8236320176638
2,0.28323363677100244,0.5928435521579714,100.0,0.07546903537077194,218.06165170682902
