PrincipalComponent,coi,c1i,a1i,c2i,a2i
1,0.7547651397458597,0.7620120890202535,30.07348936987478,1.5868302022104945,249.99999999999997
2,0.04716184180632141,0.033295398910807406,38.86260004765982,0.015823046953768738,221.77400740780126
