PrincipalComponent,coi,c1i,a1i,c2i,a2i
1,0.7245494335910392,0.5465553035226302,37.500214869356874,0.9091169900941675,236.1334727101928
2,0.28250847255838046,0.6894764309878241,100.0,0.03832723562643724,219.75128006734775
