PrincipalComponent,coi,c1i,a1i,c2i,a2i
1,0.7467803997487101,0.5357697008764108,35.33202833853921,1.0953614021975608,250.0
2,0.2584901376492596,0.40023251010027183,83.59177682099978,0.14480673558530432,221.88972010696907
