PrincipalComponent,coi,c1i,a1i,c2i,a2i
1,0.7519668319956111,0.6431431741575945,29.283340613479464,1.471677784101619,250.0
2,0.08771215392523184,0.09762862015626456,40.373172285486476,0.05306642387362818,221.91107490673244
