PrincipalComponent,coi,c1i,a1i,c2i,a2i
1,0.6906765456504625,0.601800189972591,40.49790644400242,0.7697260376565084,234.84767967598242
2,0.27005650873053516,0.7915573866465357,99.92240482081121,0.0,223.08017763769854
