PrincipalComponent,coi,c1i,a1i,c2i,a2i
1,0.7687931484122877,0.5322060327246092,32.381241017001095,1.3123217800076297,250.0
2,0.16326067074022527,0.226708190992878,57.06247542280457,0.08954667715572523,224.07197223019244
