PrincipalComponent,coi,c1i,a1i,c2i,a2i
1,0.747093781933843,0.5233404209893315,35.03753988527641,1.0825037558168602,250.0
2,0.2712623759873513,0.4863099788763929,96.01843391990411,0.09112862541360595,219.4399374750042
