PrincipalComponent,coi,c1i,a1i,c2i,a2i
1,0.7526192439249207,0.5334863376465674,34.23479586253466,1.17125278002293,250.0
2,0.21994661734669216,0.3100833685944373,69.998729847895,0.14060942061804496,223.63227248605082
