PrincipalComponent,coi,c1i,a1i,c2i,a2i
1,0.7606790094031007,0.5328072200009906,33.48407509921821,1.2306559934359227,250.0
2,0.18884618779337872,0.2694980112544987,63.61588153775525,0.11904035832302245,224.09072403645973
