PrincipalComponent,coi,c1i,a1i,c2i,a2i
1,0.7491307283072373,0.512632103624459,35.279959590458816,1.065091886476539,245.84987355350367
2,0.2807821721725341,0.5311088967217353,100.0,0.07762898592580256,217.1899807774574
