PrincipalComponent,coi,c1i,a1i,c2i,a2i
1,0.7460133333769462,0.5389273624413082,35.44393432581912,1.1059781002763467,250.0
2,0.25102867395794454,0.37676139775366463,80.68313160970307,0.1492068812981073,222.328810401827
