PrincipalComponent,coi,c1i,a1i,c2i,a2i
1,0.7416937561469545,0.7023236659275747,29.260201237472074,1.526752911553625,250.0
2,0.0695613004041219,0.0677798506407258,39.220584570201424,0.03253899969798387,221.7142748982701
