PrincipalComponent,coi,c1i,a1i,c2i,a2i
1,0.8501415671215147,0.4794113990174794,38.04565967732642,1.108075679319718,215.23200701730153
2,0.14640469637940098,0.1695508810309598,32.380678759269856,0.12391469425845662,213.8603633928658
