PrincipalComponent,coi,c1i,a1i,c2i,a2i
1,0.8050625496742879,0.7094331017082083,28.99577583425093,1.3754395234895598,250.0
2,0.041861200820392366,0.027980106700270697,38.601029856508895,0.0,221.6797559326887
