PrincipalComponent,coi,c1i,a1i,c2i,a2i
1,0.7996058352346666,0.7509782838744422,28.800054637149877,1.4198743515408694,250.0
2,0.02909572048159009,0.018686515645968044,38.4682587195179,0.0,221.5686669405073
