PrincipalComponent,coi,c1i,a1i,c2i,a2i
1,0.8192985571860096,0.6520425864081689,29.41394589455126,1.337947186493597,250.0
2,0.05815610976887293,0.056621291367079524,39.071543184441744,1.416514325660112e-19,221.88784661082366
