PrincipalComponent,coi,c1i,a1i,c2i,a2i
1,0.8618395905491416,0.6762826146016548,68.96223296951341,0.5735672914631869,217.288746256156
2,0.20240919229139562,0.3127810342321204,38.15835725859769,0.38941236690028863,221.40441857058647
