PrincipalComponent,coi,c1i,a1i,c2i,a2i
1,0.8683056274679977,0.48267974864999613,36.48898154836534,1.177687405999841,216.41537101647626
2,0.11640243029815375,0.14386103734491312,32.45716259706388,0.07138906243826927,213.8719349489216
