PrincipalComponent,coi,c1i,a1i,c2i,a2i
1,0.8696673737794011,0.4879343963922762,47.01512625709255,0.9365098081956438,213.17310830410887
2,0.18548017674736733,0.22423955048716862,31.53670625307095,0.3041114416107975,214.9063032252314
