PrincipalComponent,coi,c1i,a1i,c2i,a2i
1,0.8510165666271511,0.4948190751562075,43.59373006510307,0.9800754028115962,214.10118576980847
2,0.18399485345520522,0.208642327288752,32.09242233792974,0.24338977466525186,214.5684336954597
