PrincipalComponent,coi,c1i,a1i,c2i,a2i
1,0.8575589035409258,0.49469636095263025,44.43297027131476,0.9643631713115327,213.90753797032923
2,0.18433946651778008,0.21588537989602902,31.815051766052296,0.261075238472178,214.64991299192423
