PrincipalComponent,coi,c1i,a1i,c2i,a2i
1,0.8139945444726854,0.7479491281717378,68.15729908141488,0.4265961999868199,220.0939103840367
2,0.19460699820581467,0.37234204337084714,41.69023053353031,0.40905937461257896,222.54796629969428
