PrincipalComponent,coi,c1i,a1i,c2i,a2i
1,0.8654669318473106,0.5386241031477516,55.07080724796028,0.8118828868550503,213.99158028120428
2,0.1898283705145632,0.2666216807680289,33.18464858952351,0.3702901341807115,216.96561762181676
