PrincipalComponent,coi,c1i,a1i,c2i,a2i
1,0.8474966536432007,0.4792220638262053,39.88225849497189,1.0529678636963369,214.5903176949663
2,0.16845857162547467,0.1892819302728911,32.27501744750575,0.17402054169010409,214.02038321364907
