PrincipalComponent,coi,c1i,a1i,c2i,a2i
1,0.8100813274276809,0.7485598099912626,28.76987200971378,1.2122034174560632,250.0
2,0.029802758433844768,0.028954961579128195,38.42551864924589,0.003097738219046098,221.67712616347256
