PrincipalComponent,coi,c1i,a1i,c2i,a2i
1,0.9580235429487874,0.8545664803856765,79.12576614199537,0.4321620224809212,214.93452051941006
2,0.14781126132623518,0.204799637462223,36.417725381506266,0.2757055553499717,222.72309901687476
