PrincipalComponent,coi,c1i,a1i,c2i,a2i
1,0.9301760515781209,0.6443487249490591,52.622800296260806,0.7918890533799903,213.75087019911706
2,0.13958589281078482,0.15143442872054794,32.852440363207194,0.18403649324173363,216.55739402660902
