PrincipalComponent,coi,c1i,a1i,c2i,a2i
1,0.9685233474290709,0.7659720123837656,73.5233130146142,0.5636867889904288,212.95575004874027
2,0.1509391188589956,0.17264919762591602,34.80718465207356,0.24606122666662766,220.86170086847315
