PrincipalComponent,coi,c1i,a1i,c2i,a2i
1,0.9040486225919726,0.5817313954915374,36.41290195797094,1.0592065354671691,213.5222602878093
2,0.07988461892809728,0.08232381854464159,30.97596390307411,0.030069209149539415,212.9142869320218
