PrincipalComponent,coi,c1i,a1i,c2i,a2i
1,0.8734824267644148,0.8497919315124138,65.01317500695271,0.35117660132458445,218.4841410028327
2,0.13231981272081378,0.3040521598006451,38.05424314187833,0.33367654014189485,220.94620332629256
