PrincipalComponent,coi,c1i,a1i,c2i,a2i
1,0.9057937182260195,0.5899720227365081,40.253891565111914,0.982538850769876,213.66813926727096
2,0.0995886601411985,0.10581939667475035,31.690720260232073,0.06853920556816515,213.8500358751948
