PrincipalComponent,coi,c1i,a1i,c2i,a2i
1,0.9156888530734917,0.6044185774072326,43.57964715631265,0.9158790058070081,213.66943255804316
2,0.11500521651575693,0.11979515066266774,32.144351825570844,0.11290657149410689,214.59094602858963
