PrincipalComponent,coi,c1i,a1i,c2i,a2i
1,0.8962704643180593,0.5937775324428435,33.07358035795541,1.1102617575378424,214.1589860182885
2,0.05513522830238197,0.059278712712043956,30.489892076440455,1.941981535283059e-19,212.3113239662394
