PrincipalComponent,coi,c1i,a1i,c2i,a2i
1,0.94825021427844,0.6750393600989382,61.00783326533322,0.7096117450115236,212.91887339783514
2,0.1456985602779963,0.1625035247495291,33.27507786660719,0.21986091042249922,218.10294855918468
