PrincipalComponent,coi,c1i,a1i,c2i,a2i
1,0.836906913373212,0.7140558433455335,29.371628290899363,1.188382282217022,249.99999999999997
2,0.03642498982218523,0.0251877568060971,38.326943030649396,2.8704194408381787e-18,221.81133642161583
