PrincipalComponent,coi,c1i,a1i,c2i,a2i
1,0.7824654841832984,0.7405715388366324,28.90703745675687,1.243067787143569,250.0
2,0.04789211119195703,0.06409546213450035,39.03941179262684,0.01173966222846957,221.77789100101154
