PrincipalComponent,coi,c1i,a1i,c2i,a2i
1,0.9244309442551825,0.6396210311665594,50.987060766692096,0.8136566845881497,213.88850740969247
2,0.13666140084907738,0.14276386609018007,32.92770648359932,0.17005838419461924,216.2690270737963
