PrincipalComponent,coi,c1i,a1i,c2i,a2i
1,0.9715859752469818,0.6702138476409082,50.893203293378996,0.9053976068692041,214.8481797924028
2,0.06567584252406032,0.03372091879338025,34.32638541873708,0.031982167838145545,216.79443616917683
