PrincipalComponent,coi,c1i,a1i,c2i,a2i
1,0.7800012078650903,0.6454654793879312,31.479869561971977,1.1925732390029569,250.0
2,0.08673169870313872,0.14023131157224938,46.48549060952624,0.0,223.71805468167815
