PrincipalComponent,coi,c1i,a1i,c2i,a2i
1,1.0105941497167916,1.040567701597581,86.55823274658493,0.3161106811196495,217.50056991756685
2,0.12304788320401111,0.084401678035998,41.702388857381514,0.15932865178620348,225.73698147451526
