PrincipalComponent,coi,c1i,a1i,c2i,a2i
1,0.9828486303629275,0.737474062241855,59.63818403338939,0.7712686171154683,215.75869972361406
2,0.07998212818939385,0.049996471161228094,36.33957032610637,0.06079067829954023,219.12301830134413
