PrincipalComponent,coi,c1i,a1i,c2i,a2i
1,1.0147272017950328,1.1759871902157637,97.02562082291546,0.13632014117805996,216.09822006457176
2,0.134894887798499,0.09590659586482775,43.32125128541439,0.1886333771821233,227.61126068002173
