PrincipalComponent,coi,c1i,a1i,c2i,a2i
1,1.0134425519230978,1.1403102606459776,96.0397813082554,0.1645660769818786,214.9942836819168
2,0.13887646248055938,0.11380714919407518,43.00409799072123,0.20751901851303842,226.94755436551128
