PrincipalComponent,coi,c1i,a1i,c2i,a2i
1,0.9479308855344116,0.62536079603116,41.24128937998473,1.0149503294480122,214.15037995939318
2,0.04533063265534524,0.024245295658189583,32.14475256082251,0.009613486256471068,214.27715600181082
