PrincipalComponent,coi,c1i,a1i,c2i,a2i
1,0.9607835854260082,1.030223625348614,81.58097441773039,0.2461303536596985,218.29643090796608
2,0.13659383300398512,0.19439400406489526,41.959096613034,0.24697422624944726,224.61998162735915
