PrincipalComponent,coi,c1i,a1i,c2i,a2i
1,0.8367644890772972,0.6896072440460401,32.702601082648215,1.1493229919215597,250.0
2,0.042283703646507374,0.06349570516415734,41.40868746639295,0.006219236629994322,223.05951819345134
