PrincipalComponent,coi,c1i,a1i,c2i,a2i
1,1.0057542629515366,0.9950356208577112,83.03719559367642,0.37973569459130635,217.51233329805424
2,0.11786951331722595,0.07894281881602425,41.11789444407805,0.14732650946993567,224.96019884414042
