PrincipalComponent,coi,c1i,a1i,c2i,a2i
1,0.9889360936756522,1.09141443008371,90.72985619259617,0.2063223865049576,216.47828527952166
2,0.13721701605089154,0.15094036550704104,42.53551231925863,0.22861440762756685,226.1456342308957
