PrincipalComponent,coi,c1i,a1i,c2i,a2i
1,0.8990634342319258,0.9611813484632823,68.01490618899881,0.2988201118650294,219.09033399265786
2,0.11762535549272476,0.23461073243264563,39.367032374606026,0.28528697972152156,221.78987207271197
