PrincipalComponent,coi,c1i,a1i,c2i,a2i
1,0.9895325138282246,0.805084713139107,67.28166961659647,0.6470170022517705,216.2224124309393
2,0.10132814563502353,0.06428165825445961,37.99753976374881,0.09637211805911179,221.00947659106976
