PrincipalComponent,coi,c1i,a1i,c2i,a2i
1,0.8866409683474291,0.6232950496688973,33.135581095224516,1.1132762216422143,213.86485746730236
2,0.03040442905461883,0.032266119038068204,30.416519516998076,0.008870856404327132,212.22890998814384
