PrincipalComponent,coi,c1i,a1i,c2i,a2i
1,1.0665543447095398,1.1944190447539205,100.0,0.18849127964153467,206.53482658687687
2,0.10048280695404804,0.057053488224766,40.96550809927738,0.09518922387397412,225.76910268780276
