PrincipalComponent,coi,c1i,a1i,c2i,a2i
1,1.0628769363015627,1.206642480906317,100.0,0.16170763307508365,201.15833783650353
2,0.11747878281907392,0.0691694663345819,39.24534295597506,0.16014563323133238,223.94656175872683
