PrincipalComponent,coi,c1i,a1i,c2i,a2i
1,1.064854913645993,1.1965434080880422,100.0,0.17764943291875343,201.70345165168078
2,0.11158579081414655,0.06370426350921242,39.372208875392495,0.1367273379681093,224.1786826380449
