PrincipalComponent,coi,c1i,a1i,c2i,a2i
1,1.0666741395204902,1.2007739759798217,100.0,0.17867698619487124,205.87385441092843
2,0.10635407844140704,0.05948019054447229,40.702220297449884,0.10671901692056289,225.53529192045664
