PrincipalComponent,coi,c1i,a1i,c2i,a2i
1,1.0828343156393092,1.1294190294529094,100.0,0.26625341784060147,206.4805197821511
2,0.07525070185639673,0.05108050340226545,41.54247510490708,0.04808173797903405,225.9335157015357
