PrincipalComponent,coi,c1i,a1i,c2i,a2i
1,1.0125751546765933,1.172131093148647,92.94772279839736,0.15255515974217534,213.04112747281104
2,0.13294867282201372,0.14710399984332928,41.63954456932815,0.18704079251429606,225.70086884795973
