PrincipalComponent,coi,c1i,a1i,c2i,a2i
1,1.037202929737211,1.2413197955753925,100.0,0.11114012260564848,206.40408634326414
2,0.12700445030294927,0.1004637210540877,40.58820027216205,0.17717829051635306,225.40320838372867
