PrincipalComponent,coi,c1i,a1i,c2i,a2i
1,1.0839344353628504,1.0949514549120911,100.0,0.313633951936806,207.43547037133254
2,0.06232239055999308,0.040218032951877654,41.99375028561984,0.025633563595953205,226.33009863175553
