PrincipalComponent,coi,c1i,a1i,c2i,a2i
1,1.0794847388550652,0.8084580862180918,81.68750474775516,0.6616536883787039,207.78600766219768
2,0.0455104004514732,0.032909371893388134,38.630663206284915,0.009213102138683807,222.10407996874878
