PrincipalComponent,coi,c1i,a1i,c2i,a2i
1,0.906664554335141,0.5155189219637208,28.767035188547222,1.1744079654039572,210.63777241807867
2,0.03858681218350204,0.0608966812958843,28.662115125956504,0.01667340758618011,210.23011270793452
