PrincipalComponent,coi,c1i,a1i,c2i,a2i
1,0.8535725122868414,0.49660851988055027,28.808908165261037,1.1847504401710411,210.6859669310197
2,0.06627825090682762,0.10907408396450957,28.704010199852224,0.033420160117790455,210.24778858437966
