PrincipalComponent,coi,c1i,a1i,c2i,a2i
1,0.7930117421519064,0.5202989745937369,29.694266193614812,1.220872621662328,250.0
2,0.13526144904988233,0.19336546260339144,56.22206905994896,4.29300032112567e-18,225.156294828752
