PrincipalComponent,coi,c1i,a1i,c2i,a2i
1,0.9432815811800406,1.0726761623143242,77.58724568810347,0.23490568632568343,217.97046355832262
2,0.12948497968214973,0.17543430268779028,40.24306149468463,0.231132831406504,223.6712747454315
