PrincipalComponent,coi,c1i,a1i,c2i,a2i
1,1.0340283596289856,0.5707721561455414,51.559142768400996,0.9905724431520602,210.33447449732353
2,0.03350020986494483,0.032306491834485924,33.29188490419408,0.002559538214694387,215.6502869749182
