PrincipalComponent,coi,c1i,a1i,c2i,a2i
1,1.1525388882007725,1.3996459016177165,100.0,0.05480009289497107,202.42337115082975
2,0.0857384223573266,0.043086780768175736,40.818404197250246,0.07674067376608086,224.68907314898053
