PrincipalComponent,coi,c1i,a1i,c2i,a2i
1,1.0148370819677204,0.6679674542259455,76.1639541656116,0.715220702358338,213.1456817220097
2,0.12477886263466402,0.11442932230106817,41.273568600723976,0.07166915461091954,222.5830294567558
