PrincipalComponent,coi,c1i,a1i,c2i,a2i
1,1.1580295813376569,1.3911692390763541,100.0,0.06225520661527911,202.9963492201803
2,0.07693471111917803,0.036301159262595334,40.978689890530426,0.06085950829953134,224.88959676971814
