PrincipalComponent,coi,c1i,a1i,c2i,a2i
1,1.1623854252065655,1.310625090465187,100.0,0.1207262112799554,206.83060882519422
2,0.05109114979565717,0.032607937545819844,42.05323706906539,0.01114133530411287,226.12340969074148
