PrincipalComponent,coi,c1i,a1i,c2i,a2i
1,0.875447089710451,0.42812437640962475,50.041294844311395,0.9801020103830136,219.15077290000895
2,0.19689216760044367,0.2578174017747056,43.27622898866908,0.10611354971475509,218.8466902175966
