PrincipalComponent,coi,c1i,a1i,c2i,a2i
1,1.1250234065732778,1.0763650862152954,100.0,0.28739356059383686,210.50222196709174
2,0.05993239818282415,0.05210565162539028,43.32243417895504,0.03301084678283044,227.3179955761341
