PrincipalComponent,coi,c1i,a1i,c2i,a2i
1,1.155270939126614,1.2642407321485833,100.0,0.1586604787793471,207.8048543787405
2,0.04496537978300809,0.029016979086494074,42.3224970061774,0.005323542767406172,226.45254580256932
