PrincipalComponent,coi,c1i,a1i,c2i,a2i
1,1.156903473004438,1.393737690259687,100.0,0.05368792161822083,206.16955927118929
2,0.07402823542558902,0.03209889656643863,41.75044002068867,0.04221091284375318,225.8396016535203
