PrincipalComponent,coi,c1i,a1i,c2i,a2i
1,0.92734213230582,0.4970979715684282,54.11701175704338,0.9236512744408456,215.58927307420197
2,0.16123462726661872,0.16900690677955657,38.83617584841119,0.10129179385244705,218.18899491685386
