PrincipalComponent,coi,c1i,a1i,c2i,a2i
1,1.0544480441633748,1.3025918605980353,88.0624652709305,0.07152974339328602,218.22968437777206
2,0.09979362919867946,0.17143699246099717,43.08751110561293,0.10768809292261433,226.37019310969924
