PrincipalComponent,coi,c1i,a1i,c2i,a2i
1,1.1266002773011565,1.409211219007676,99.12075640924176,2.429002924222256e-16,212.27594251023362
2,0.09550157933946626,0.11323317054068625,43.57314125433114,0.09232054897553796,227.27861054121078
