PrincipalComponent,coi,c1i,a1i,c2i,a2i
1,1.1500961669439476,1.185105980660729,100.0,0.22206017644995463,208.06455602628716
2,0.04419009723806029,0.03205572524686575,42.45005593147605,0.013011093153444273,226.55463163577417
