PrincipalComponent,coi,c1i,a1i,c2i,a2i
1,1.1255669688456031,1.4462827962191707,100.0,2.7990760617279706e-17,206.22759207898184
2,0.0986725118022075,0.0626022428023877,41.913988723457685,0.09484985769170869,225.76518780131482
