PrincipalComponent,coi,c1i,a1i,c2i,a2i
1,0.988437360547917,1.0452322896847308,100.0,0.29970373420323354,198.8740492568283
2,0.15050150276277707,0.11638607895292438,36.27890903791967,0.256684809191971,223.07559610435803
