PrincipalComponent,coi,c1i,a1i,c2i,a2i
1,0.7476429223729762,0.41086994883780786,40.49020092691872,0.912106123000725,211.91142208347534
2,0.2481456815780286,0.27325676517942343,31.321621929375834,0.48302603449315795,212.1777051156115
