PrincipalComponent,coi,c1i,a1i,c2i,a2i
1,1.101088865171268,1.6801586267007806,96.13752995704543,0.0,210.11820463572005
2,0.048464529487160214,0.067476127592067,42.17864355296916,0.09727639189674724,225.8984292565536
