PrincipalComponent,coi,c1i,a1i,c2i,a2i
1,1.1321985918893462,1.3601075228131214,100.0,0.24835773212815404,190.62925011359033
2,0.05241895916273127,0.03744756225550895,37.77153263345264,0.0696498079563891,221.32325878992467
