PrincipalComponent,coi,c1i,a1i,c2i,a2i
1,0.815072496063306,0.49051390562278196,53.6569079383958,0.8264607324854595,209.08633471599492
2,0.21808910339267226,0.2107240450876741,29.293697326495355,0.43782155128650524,214.06399223443384
