PrincipalComponent,coi,c1i,a1i,c2i,a2i
1,1.173628723969402,1.4051232905754252,100.0,0.3153280556276962,176.9651774895839
2,0.03796009485732168,0.029502076165643015,34.53197820176231,0.03208084217102098,217.35223340998522
