PrincipalComponent,coi,c1i,a1i,c2i,a2i
1,0.9074159515482457,0.8592247292321039,98.08488169204509,0.3967805949848746,199.59462271128373
2,0.1945832383929269,0.1715663325951947,30.280654366397183,0.36932267041931216,220.84581077666454
