PrincipalComponent,coi,c1i,a1i,c2i,a2i
1,1.167480819255344,1.423005860751756,100.0,0.26731886643450514,183.82038416345483
2,0.03747961445771757,0.03238548064112707,36.23079302184395,0.03528208357851477,219.33093044065606
