PrincipalComponent,coi,c1i,a1i,c2i,a2i
1,1.0940376810076649,1.2882700827463278,100.0,0.2538145554814409,193.7905149659629
2,0.07368202089235681,0.05256311055678308,38.319510461394856,0.110491166643607,222.20828471613643
