PrincipalComponent,coi,c1i,a1i,c2i,a2i
1,1.1572524014842231,1.5494929968097164,100.0,0.2065087944886789,184.46355760237265
2,0.04114878302168954,0.03725000748174582,36.477891745527174,0.038216286908565926,219.49862403716946
