PrincipalComponent,coi,c1i,a1i,c2i,a2i
1,1.1596905233024974,1.412915905845389,100.0,0.2647231802937322,185.21334183949116
2,0.03801667847143038,0.034636332309654655,36.58144880317613,0.03739579918076759,219.73926390229724
