PrincipalComponent,coi,c1i,a1i,c2i,a2i
1,1.1783517528194434,1.4158548798651038,100.0,0.324185169687104,175.84768836177295
2,0.03830124354150992,0.03048292318896603,34.286744566890235,0.03232498721677481,217.02823163573123
