PrincipalComponent,coi,c1i,a1i,c2i,a2i
1,1.0444771451920336,1.174647851504185,100.0,0.28309264612359086,195.5557695626555
2,0.11104573084867145,0.07923869273084416,37.63348354898164,0.17358657043372974,222.5495289717546
