PrincipalComponent,coi,c1i,a1i,c2i,a2i
1,1.137880248208099,1.7276378596636175,100.0,1.976679397801198e-16,197.2021048061996
2,0.04482340076688901,0.050926511749553066,39.73749133390263,0.05493322862590009,223.13306115962163
