PrincipalComponent,coi,c1i,a1i,c2i,a2i
1,1.1558003449040033,1.3903684898457993,100.0,0.22033165842660576,194.3618484024309
2,0.05049446595492034,0.03507483788529391,38.91685452331547,0.02670649113063924,222.40987831645515
