PrincipalComponent,coi,c1i,a1i,c2i,a2i
1,0.949264296567292,0.9312646167521221,99.99199239798882,0.39185584187251016,211.21343152101718
2,0.17782511950088323,0.1219112586738333,42.43896329111925,0.19694078737697387,227.2574742656475
