PrincipalComponent,coi,c1i,a1i,c2i,a2i
1,1.150605459687672,1.3965440964967875,100.0,0.1915780654666539,199.76444730910438
2,0.04476068216380301,0.029515488784610362,40.22486165443937,0.016985392583362915,223.99624394745808
