PrincipalComponent,coi,c1i,a1i,c2i,a2i
1,1.0446240002981118,1.085960558422066,100.0,0.30575913641553126,207.8202556943954
2,0.10581476094396182,0.06524766255895728,41.73319465598121,0.12267121716588407,226.4505875744857
