PrincipalComponent,coi,c1i,a1i,c2i,a2i
1,1.1018356664791058,1.2095156794014805,100.0,0.26762391412514214,204.97176784075245
2,0.06188134254620671,0.03198972115935824,41.48787124111443,0.06814125618838902,225.63435912381794
