PrincipalComponent,coi,c1i,a1i,c2i,a2i
1,0.8619359515629289,0.5480405288562097,62.68702540245263,0.8319952537886268,214.0193707582863
2,0.2079620705633681,0.16879745350529468,37.45536916828993,0.24608597301846993,219.20671517363687
