PrincipalComponent,coi,c1i,a1i,c2i,a2i
1,1.15417994993352,1.4019817301743591,100.0,0.1923042107713047,198.85152890307418
2,0.047650213325811715,0.030975648117624828,40.010417934311334,0.019312642959742124,223.7205692386793
