PrincipalComponent,coi,c1i,a1i,c2i,a2i
1,0.800749111204548,0.43817527862658595,50.49603537054973,0.94500433362477,216.53210562001917
2,0.24023265948272335,0.2471878930622222,39.778504107761044,0.2704949850033353,217.4096235289872
