PrincipalComponent,coi,c1i,a1i,c2i,a2i
1,1.1438471466388842,1.3368182103655535,100.0,0.21526392697264338,201.90257071212346
2,0.04064070477813442,0.026785815719982772,40.75844280014894,0.018149724300185705,224.65621283875018
