PrincipalComponent,coi,c1i,a1i,c2i,a2i
1,1.1253233913411205,1.290104248251845,100.0,0.23105672213549772,203.64332034515022
2,0.044736422181351675,0.026353620252923197,41.22055033357066,0.033429629333739955,225.2068291146803
