PrincipalComponent,coi,c1i,a1i,c2i,a2i
1,1.106391207411162,1.5820573815539043,100.0,0.0,206.1595076138078
2,0.07629853272372099,0.0794384396756637,42.22503590697895,0.06619347733713317,225.79820817406014
