PrincipalComponent,coi,c1i,a1i,c2i,a2i
1,1.1297608297079031,1.482551202745714,100.0,0.13803800619276674,197.9900183415817
2,0.06163235927723455,0.05847907414085224,39.986316027835294,0.045776320104625484,223.44466185707876
