PrincipalComponent,coi,c1i,a1i,c2i,a2i
1,1.1547302483697275,1.385135224321628,100.0,0.23381039543773272,192.61632754988426
2,0.054702153720880144,0.04571496444677019,38.54730611786983,0.032076399266197715,221.8949413306142
