PrincipalComponent,coi,c1i,a1i,c2i,a2i
1,1.0683257741680932,1.5277853756118407,95.36195619619814,4.907022582626965e-17,215.31989628935528
2,0.06844064147332896,0.1311842243854796,43.66575497078139,0.08219400610190915,227.30373499656181
