PrincipalComponent,coi,c1i,a1i,c2i,a2i
1,1.015563465164184,1.1190332086398507,100.0,0.3414684131147693,182.36815096357762
2,0.1434129282595527,0.06518258031147565,32.694177159586616,0.3034800169823898,219.52537076550956
