PrincipalComponent,coi,c1i,a1i,c2i,a2i
1,1.1019923982578306,1.2424137995230788,100.0,0.3879661780711993,166.07559912433842
2,0.08612624281921732,0.029508226544913856,31.11582447486887,0.17105768014235861,214.55522078942028
