PrincipalComponent,coi,c1i,a1i,c2i,a2i
1,1.1524825206534381,1.1900009348076126,100.0,0.5414815510326262,151.31207089546916
2,0.05549570812412847,0.019402456924231162,28.110568375607798,0.10406872652630307,210.18068418052397
