PrincipalComponent,coi,c1i,a1i,c2i,a2i
1,0.742942342605198,0.4514161911309563,45.67106294261367,0.8456174305661429,204.52152309112412
2,0.22284338182377628,0.24140008430839072,18.271319051959985,0.6798839637117357,210.46823680099143
