PrincipalComponent,coi,c1i,a1i,c2i,a2i
1,1.1874386085571031,0.0,99.3121843802793,1.7820146588273083,115.69438387525939
2,0.041137714967837864,0.018169942269955903,19.124151823545,0.06858978967760035,199.67613070828835
