PrincipalComponent,coi,c1i,a1i,c2i,a2i
1,0.9674605235406649,0.8723568576443143,92.56376507608688,0.4876816052804901,191.07414455982612
2,0.1715838826269953,0.10314015939519539,30.418785211363357,0.3915932501043816,220.27321312049432
