PrincipalComponent,coi,c1i,a1i,c2i,a2i
1,0.861625038229081,0.6072124451040154,70.35817976462221,0.698262862505442,190.70055073593105
2,0.16332950330775672,0.1665025174230283,10.818582988032121,0.5486932188938299,210.65505708667135
