PrincipalComponent,coi,c1i,a1i,c2i,a2i
1,1.1664455439104304,1.1394643863902574,100.0,0.6125072553189729,146.29766878981314
2,0.050248638248928765,0.01771749480108624,26.920389291350883,0.09091418161054832,208.7298147369311
