PrincipalComponent,coi,c1i,a1i,c2i,a2i
1,1.0536975084357694,1.2263655677533234,100.0,0.32246271035510493,175.46123951429865
2,0.1149956201384,0.04074953821852483,32.649054270511584,0.23407601636171088,217.33902331097386
