PrincipalComponent,coi,c1i,a1i,c2i,a2i
1,0.8099407237510271,0.5426005417872717,61.79920503451002,0.7377992203822749,198.96581844074825
2,0.19282007678221436,0.20007936983216518,15.664513681496517,0.6181307856556795,213.50024889656976
