PrincipalComponent,coi,c1i,a1i,c2i,a2i
1,1.1481556688141676,1.7021098981089795,100.0,0.16685172208657595,178.0424307057271
2,0.04287176605616904,0.018441776789725507,34.814671468885926,0.055351850152286435,217.65950069296846
