PrincipalComponent,coi,c1i,a1i,c2i,a2i
1,1.1103203144715963,1.8199091915839154,100.0,3.821457275616978e-17,199.91210492049726
2,0.04754948156745775,0.0287922892873369,40.2053729313714,0.09143117952725535,223.85069330386858
