PrincipalComponent,coi,c1i,a1i,c2i,a2i
1,0.987056339465028,1.2780933864299355,100.0,0.18939515280536562,202.92039785670525
2,0.09478132528370324,0.19122977012808348,42.933748329721325,0.24028075673639335,224.99016537109213
