PrincipalComponent,coi,c1i,a1i,c2i,a2i
1,0.7342845971922005,0.4709401844789854,47.1860669123346,0.7945385430833467,214.3502817953572
2,0.19026071738373396,0.3876226189998408,38.97366915811187,0.5860599015889769,215.24329783198792
