PrincipalComponent,coi,c1i,a1i,c2i,a2i
1,1.0356809786287122,1.5898790824379039,100.0,0.06327650482792245,198.50891619401025
2,0.06875884963568259,0.1154592159288382,40.97669973420583,0.16366360915396239,223.6699830986178
