PrincipalComponent,coi,c1i,a1i,c2i,a2i
1,0.9083350023754817,0.87914343614727,86.47485319974498,0.4315347504851613,208.03523701996693
2,0.13729367636117107,0.23594763837592986,40.31219880500383,0.39377503814268483,222.81198715928116
