PrincipalComponent,coi,c1i,a1i,c2i,a2i
1,0.9586488531276944,1.1025318975614358,97.13312593972502,0.28955913413322887,203.98882973516174
2,0.11196221006799859,0.2186603602470906,42.56290656595898,0.29964031721448864,224.4362889536485
