PrincipalComponent,coi,c1i,a1i,c2i,a2i
1,1.0136147524191832,1.4120540010280178,100.0,0.13328483417271728,201.4932694403202
2,0.08261318920645895,0.15549143341942262,42.01375983515438,0.20515241591111144,224.5634171441852
