PrincipalComponent,coi,c1i,a1i,c2i,a2i
1,1.066369521689079,1.6441866652700228,100.0,0.10829622847779144,193.1901093856703
2,0.05467127087048798,0.08562864278935317,39.32397385189487,0.12057903100262303,222.09355977041892
