PrincipalComponent,coi,c1i,a1i,c2i,a2i
1,1.0494931907728482,1.6119163581669236,100.0,0.0718664430512371,197.50405488405318
2,0.06279866875157383,0.1073174246253191,40.609032432476376,0.14783205432918123,223.360883010964
