PrincipalComponent,coi,c1i,a1i,c2i,a2i
1,1.0826289605986188,1.8474849419403008,100.0,0.02763732892897739,198.95778961259384
2,0.034291348458985356,0.047260529079708506,40.23355365370733,0.06551266309765268,223.6582318507338
