PrincipalComponent,coi,c1i,a1i,c2i,a2i
1,1.08400566369976,1.6971695608598205,100.0,0.11012107383086699,193.07696909640276
2,0.04559051756191183,0.06583185160142417,39.04391906220759,0.09912037517725088,222.01828977092222
