PrincipalComponent,coi,c1i,a1i,c2i,a2i
1,1.0979716690596377,1.9062991194996708,100.0,0.0,206.6079803377972
2,0.029493181782849525,0.03646502877610985,41.90605584364914,0.040372052848476545,225.77111213443663
