PrincipalComponent,coi,c1i,a1i,c2i,a2i
1,0.8815288252589033,1.3699981242993833,88.84664383394095,3.495918307641974e-17,245.85207409877194
2,0.11491340454943783,0.4396045932338184,100.0,0.013588149139852125,212.9885141447148
