PrincipalComponent,coi,c1i,a1i,c2i,a2i
1,0.6848757922608778,0.7161894572256733,60.08285977891981,0.43221634837424106,232.93610103521834
2,0.1973428310158619,0.569338622901939,69.14797819985137,0.39078736851474727,220.31136161410342
