PrincipalComponent,coi,c1i,a1i,c2i,a2i
1,0.9123711324927726,1.442978015470206,88.84836443934374,0.0,243.79255607201844
2,0.10197168444809848,0.377614094816494,100.0,0.023034357470712506,212.64239853562742
