PrincipalComponent,coi,c1i,a1i,c2i,a2i
1,0.9775898303555054,1.5441374002491313,89.58580758910756,0.09656924302949203,216.57640806537069
2,0.04573744448593246,0.18030117388657899,43.07684679558631,0.14630688436957442,226.21951520958226
