PrincipalComponent,coi,c1i,a1i,c2i,a2i
1,0.8123408543843175,1.139945812408333,84.12777980918574,0.07184958851742854,250.0
2,0.16087686221053707,0.5224352783116448,100.0,0.08556079993249531,204.34544645965008
