PrincipalComponent,coi,c1i,a1i,c2i,a2i
1,0.8537937873729265,1.282835767448275,88.64351445642261,0.010132800148225776,249.35707151279715
2,0.1313279632867547,0.5042008051453578,100.0,0.016720473906239493,210.62396127647008
