PrincipalComponent,coi,c1i,a1i,c2i,a2i
1,0.9604777552695236,1.4478918416979842,86.2592361209358,0.14189131215082298,217.69852735201667
2,0.0504469592330254,0.1979377043758183,42.869145311456954,0.17321409238861227,225.77199505560594
