PrincipalComponent,coi,c1i,a1i,c2i,a2i
1,0.993195820783493,1.6253498630642578,91.39522108579449,0.06114196686769632,216.34468806045572
2,0.04014126246970274,0.1630119299187685,43.18618394764132,0.1253088559611092,226.55603603131203
