PrincipalComponent,coi,c1i,a1i,c2i,a2i
1,0.9906049027253865,1.864096669252686,87.72811577048851,8.380797422579585e-18,218.39443178559605
2,0.02503393404142672,0.06922825856958378,42.54897596712694,0.06412670375254485,226.2828819885147
