PrincipalComponent,coi,c1i,a1i,c2i,a2i
1,0.9940628558940443,1.7654409458532445,91.58010491608795,0.005432688815150481,217.49035098468545
2,0.026466893775508957,0.1359445073446472,43.26606274582888,0.08260410391142642,226.93494729132334
