PrincipalComponent,coi,c1i,a1i,c2i,a2i
1,0.9412530026882111,1.933781265128605,83.57256390286297,3.043699808703873e-17,219.63432306014894
2,0.023215732300510796,0.042090835974583046,41.99688012689817,0.03616496998607065,225.6779797679858
