PrincipalComponent,coi,c1i,a1i,c2i,a2i
1,0.676778126494806,0.7758611816143206,65.64362265652959,0.308827165470865,244.99519134453237
2,0.15621687015192973,0.6027082410006285,80.7982719063422,0.2836915850204693,213.4510264303517
