PrincipalComponent,coi,c1i,a1i,c2i,a2i
1,0.8783884640785004,1.4433097552484044,83.31976925996871,0.024272825016601617,249.99999999999997
2,0.06315714521780247,0.37495827372008833,100.0,0.04477488724911769,191.50850230847084
