PrincipalComponent,coi,c1i,a1i,c2i,a2i
1,0.6969452596933069,0.8582179894309212,68.23204024249762,0.25192295868628617,250.0
2,0.15029820361655255,0.5162917768982818,81.87866407060262,0.2909119059460451,206.44542046631847
