PrincipalComponent,coi,c1i,a1i,c2i,a2i
1,0.8656950808002811,1.4083653401405583,82.07901831271012,0.036809017700431323,250.0
2,0.06784081522858673,0.37728284438216403,100.0,0.060903770242539165,189.69545514711075
