PrincipalComponent,coi,c1i,a1i,c2i,a2i
1,0.6455346672719192,0.6735116091480557,59.244664507500424,0.42233856845175577,239.9715063689234
2,0.1659124809822776,0.6357593356303363,72.2034345089214,0.34082119148161,215.28627416544296
