PrincipalComponent,coi,c1i,a1i,c2i,a2i
1,0.783895434035171,1.13503348443018,78.09763188591094,0.09094688051034552,250.0
2,0.11258766619304085,0.4917666843860592,100.0,0.11060906062920484,194.2182066184062
