PrincipalComponent,coi,c1i,a1i,c2i,a2i
1,0.7524575945003344,1.0281730858995923,76.4647750006982,0.11524834494056994,250.0
2,0.13345408804581377,0.5581069374274861,100.0,0.11657149373974574,196.13008495943853
