PrincipalComponent,coi,c1i,a1i,c2i,a2i
1,0.805738422761438,1.2252895362304663,78.96964466366441,0.07221990878476021,250.0
2,0.09793657763070493,0.4462450581241344,100.0,0.09283679277923933,193.53779042113837
