PrincipalComponent,coi,c1i,a1i,c2i,a2i
1,0.8345693682680374,1.2996621107630544,79.75081140028016,0.061670067625142926,250.0
2,0.08473901598096306,0.40282166504566497,100.0,0.08935336487795434,189.3227618883147
