PrincipalComponent,coi,c1i,a1i,c2i,a2i
1,0.8932383373499247,1.5134533244023096,85.91854068656285,0.005646395126629397,250.0
2,0.057423709810429206,0.35275160574903314,99.99999999999999,0.030749119002409103,191.4225564098574
