PrincipalComponent,coi,c1i,a1i,c2i,a2i
1,0.9067369988043605,1.5656969132249356,86.81265968953124,5.1567464227261784e-17,249.69647130432367
2,0.051107591946345135,0.3211311708411075,99.99999999999999,0.03361142429418864,187.97541058810137
