PrincipalComponent,coi,c1i,a1i,c2i,a2i
1,0.9016103087179422,1.6875437488271245,81.49222416983037,0.08563415571208029,219.8956095606462
2,0.02017314778732172,0.11891488493281445,41.813744547819155,0.11506804684388061,225.33181134327907
