PrincipalComponent,coi,c1i,a1i,c2i,a2i
1,0.8994470789035794,1.5091315010129673,80.40978532677201,0.17850962863767936,218.90563077940308
2,0.03397232981445613,0.13706860107978008,41.40361003130555,0.1945966825431611,224.76090311010506
