PrincipalComponent,coi,c1i,a1i,c2i,a2i
1,0.8635530439425401,1.8740934286860562,81.13648933089411,0.0,220.67641020953494
2,0.010158545198385117,0.08476832287807638,41.95656431338295,0.03760242787314062,225.5118861210425
