PrincipalComponent,coi,c1i,a1i,c2i,a2i
1,0.7281986984369756,1.1027504829188328,83.37352594278775,0.14543697289328245,225.40468960972498
2,0.11586463880774432,0.21942388405448318,46.978342197184915,0.16243867578217858,228.1048541486748
