PrincipalComponent,coi,c1i,a1i,c2i,a2i
1,0.7347081034948826,1.0932735343275786,81.3572763461295,0.1687431948137482,224.85836596914484
2,0.11000149520481153,0.19866997747475518,45.79786101280407,0.1666968077674623,227.37632852748894
