PrincipalComponent,coi,c1i,a1i,c2i,a2i
1,0.7271120780256829,1.1087940334095525,85.75559788682196,0.12853226817229618,225.97314956548462
2,0.1215433696140329,0.24274455596275302,48.47256471062575,0.15133570040104719,228.95728181457827
