PrincipalComponent,coi,c1i,a1i,c2i,a2i
1,0.7229360192955901,1.1253900056367063,97.86928244147572,0.056651346782888086,229.12456206795184
2,0.15822857169898727,0.3465326628126545,57.70854416396334,0.11618184974235543,233.54817486362458
