PrincipalComponent,coi,c1i,a1i,c2i,a2i
1,0.7257975898314412,1.1261239395389548,99.99808375032674,0.04426539105644704,229.79413623228345
2,0.16675435616503473,0.36994894080252394,59.76075680437497,0.1112945632349675,234.41153983166006
