PrincipalComponent,coi,c1i,a1i,c2i,a2i
1,0.7213134112180521,1.09885643853061,100.0,0.06302831138032683,229.94389238350053
2,0.17498955846270248,0.3959051621717162,61.75337034935256,0.10986869795662382,234.66274891861028
