PrincipalComponent,coi,c1i,a1i,c2i,a2i
1,0.7188479784048087,1.0886415638481277,100.0,0.07300446385071115,229.90686040943152
2,0.1769958859809888,0.4006645922823529,62.18184165756498,0.11226007089063637,234.66514183766824
