PrincipalComponent,coi,c1i,a1i,c2i,a2i
1,0.7138591616681192,1.0784360602781895,100.0,0.07865318744595332,229.94477329938275
2,0.17857427731374603,0.41200036403054,63.233248341733415,0.11476295300442702,234.76257316358098
