PrincipalComponent,coi,c1i,a1i,c2i,a2i
1,0.7342611945023841,1.0603080437879264,97.91940921910562,0.03294704839308937,230.8878824216566
2,0.16371083956720942,0.46600235772674153,63.183671580162816,0.0871479670242999,234.69839538716818
