PrincipalComponent,coi,c1i,a1i,c2i,a2i
1,0.6760646684427324,0.8744148899196877,46.66508830531653,0.872959234749174,215.74971259413263
2,0.01737817713868652,0.01969154585528259,33.81113812151626,0.01549890896822632,216.052403523898
