PrincipalComponent,coi,c1i,a1i,c2i,a2i
1,0.7172173752205236,0.9999701130809772,73.9110460433775,0.37850333263298774,222.56225522999117
2,0.09047226478079112,0.23186779970330143,44.34300971981762,0.13154626717028403,224.95289914269839
