PrincipalComponent,coi,c1i,a1i,c2i,a2i
1,0.702255095706241,0.9108691217739727,62.985481004892385,0.569418037440052,219.891271682299
2,0.06062000864493405,0.16740592185464445,39.80879596878301,0.07337681123394894,221.4658792153874
