PrincipalComponent,coi,c1i,a1i,c2i,a2i
1,0.6955476103156849,0.8975518128806366,50.84905514772419,0.7719877096652908,216.62470730276777
2,0.020291497373191778,0.04005056570637151,34.979361507613596,0.016407743049216845,217.35881458016647
