PrincipalComponent,coi,c1i,a1i,c2i,a2i
1,0.7511357342749561,1.123403624828734,89.41741934113418,0.17481313893327124,225.7518361253235
2,0.1141980815006103,0.28961524511488157,51.588524266531536,0.14141087407166225,229.81514138507777
