PrincipalComponent,coi,c1i,a1i,c2i,a2i
1,0.7081036789182409,0.9031809620719699,60.11840122479073,0.6263951555556756,219.03263751722645
2,0.049132146956198525,0.1310396094972014,38.37901628389943,0.044369953949362786,220.45715340618545
