PrincipalComponent,coi,c1i,a1i,c2i,a2i
1,0.7239431644952197,1.0153186806141057,76.47258357065724,0.3459597245455291,223.1327330124195
2,0.0954823241001434,0.2450739331074952,45.470281100601845,0.13397538206796905,225.77088221730767
