PrincipalComponent,coi,c1i,a1i,c2i,a2i
1,0.7297541065388644,1.0086299077718899,87.2122743053622,0.16701094150432166,230.3791971476719
2,0.13947728766806586,0.5084283785528629,64.80135101388511,0.03617665694000974,232.56263059342572
