PrincipalComponent,coi,c1i,a1i,c2i,a2i
1,0.7130788943065152,0.9204066139736334,57.86269948616753,0.6488451432010212,218.41698148672512
2,0.034513214681058765,0.08695132780570296,37.175067863963804,0.023922290689361084,219.652696888821
