PrincipalComponent,coi,c1i,a1i,c2i,a2i
1,0.6684205440889788,0.8639348012616456,45.271321519592014,0.9629004830544265,215.713641868792
2,0.015460927211291166,0.010509771189072106,33.48212558438774,0.01480811714829138,215.69358831264475
