PrincipalComponent,coi,c1i,a1i,c2i,a2i
1,0.7510376253601879,1.1123899790804384,91.17154721033131,0.15945966330517172,226.74233914575854
2,0.12279400016287446,0.3355939658795236,54.36724207458565,0.1349421370378934,230.79804635391844
