PrincipalComponent,coi,c1i,a1i,c2i,a2i
1,0.7379467471939346,1.0771183096397643,83.72341163849052,0.2479384068632946,224.51626575104578
2,0.1046451405798953,0.2663145860053798,48.56600501988566,0.14366266730766458,227.98283258761904
