PrincipalComponent,coi,c1i,a1i,c2i,a2i
1,0.7537109183401869,1.0618833273399266,90.947881518694,0.16747277192621646,228.3597034028763
2,0.13475968344977798,0.40757725590592364,59.589014421274726,0.09599509122702794,231.88901839534523
