PrincipalComponent,coi,c1i,a1i,c2i,a2i
1,0.7068515402796617,0.9474269219199426,67.46175618527313,0.4850374662206856,221.071388649276
2,0.07364430309869889,0.1974567494872693,41.70216623624724,0.09823872561036073,222.93775872365674
