PrincipalComponent,coi,c1i,a1i,c2i,a2i
1,0.6652031170613051,0.816771949610812,48.25595614311359,1.0790854108478785,216.40674275673416
2,0.024268773592874604,0.0412733087664737,34.44020779980465,0.0069443951107758415,216.60965906499771
