PrincipalComponent,coi,c1i,a1i,c2i,a2i
1,0.7215892723340612,1.0464763041408904,95.11126050313857,0.22327169199079813,229.57888368772973
2,0.14433773274613232,0.40685962708564527,62.40587328164294,0.1449086742769324,232.81051435401477
