PrincipalComponent,coi,c1i,a1i,c2i,a2i
1,0.6761520713523569,0.8344260433042506,54.32567141169403,0.8644812965369191,217.4502827621764
2,0.041239324397436536,0.09185664658953678,36.27593545437347,0.03158259092931295,218.47553501952387
