PrincipalComponent,coi,c1i,a1i,c2i,a2i
1,0.7088046351695148,0.9960418108705617,88.63029915171475,0.3000085274083482,227.54039904976682
2,0.1328024995513929,0.368100671847847,57.109802311916354,0.16818186434690105,230.4086962235784
