PrincipalComponent,coi,c1i,a1i,c2i,a2i
1,0.6780262848876667,0.8643462861456559,70.9874106230603,0.5461120596877499,222.57197186119384
2,0.09934063994527381,0.2752169053552132,46.18906666361132,0.14559829176287337,224.46143878455197
