PrincipalComponent,coi,c1i,a1i,c2i,a2i
1,0.6889915435798374,0.9150782387453741,77.84350758490766,0.4350670285383642,224.63599399638585
2,0.1167482351532768,0.3176272189624544,50.290565788535645,0.1755063608641597,226.748625671223
