PrincipalComponent,coi,c1i,a1i,c2i,a2i
1,0.6635027815791827,0.8165036640221457,49.98749179430445,0.9756380980887919,216.60552395688183
2,0.03468904005470862,0.06356274416984099,34.956261151541646,0.019561079935865016,217.12742550369623
