PrincipalComponent,coi,c1i,a1i,c2i,a2i
1,0.6739128474603419,0.8261468689015071,66.14471841009937,0.6400698399704313,221.14102680560345
2,0.08592326776430251,0.23997081005066698,43.369333263188146,0.11887726659921581,222.82579419070092
