PrincipalComponent,coi,c1i,a1i,c2i,a2i
1,0.6864003058309096,0.8472695341584259,61.06867859813715,0.7336261578964877,219.23975410564466
2,0.05829395633577982,0.14706352900744107,39.001878828401246,0.055348834700382606,220.76851295656616
