PrincipalComponent,coi,c1i,a1i,c2i,a2i
1,0.6928081637681394,0.7985177504513773,80.07447788558231,0.39503135321578386,232.39301645320353
2,0.16798541426077115,0.6487575243182718,74.0206287647026,0.0,232.32985992667165
