PrincipalComponent,coi,c1i,a1i,c2i,a2i
1,0.721311178797258,1.0171649308686947,95.74315440755058,0.23031264329068207,231.05691237360705
2,0.15438779953478396,0.4690414825228263,66.87874385402962,0.11598223085956302,233.90437894746782
