PrincipalComponent,coi,c1i,a1i,c2i,a2i
1,0.695731246029271,0.9324939085077406,80.80944319393862,0.3995915626514735,225.52121580072566
2,0.12233764340589338,0.33525043874753624,52.21426858732189,0.17271868933722848,227.7946837740719
