PrincipalComponent,coi,c1i,a1i,c2i,a2i
1,0.6794681959585744,0.8203221752843683,63.024403631971296,0.7075277620968605,220.01194848745018
2,0.07423282292633636,0.1976545931138335,41.021612480560705,0.08466566597618073,221.62937466363056
