PrincipalComponent,coi,c1i,a1i,c2i,a2i
1,0.7240535815225119,0.9393356677733865,93.30649346813175,0.2753767289259003,233.34364972926093
2,0.16685622299792974,0.5725137383145796,74.25343147023804,0.032907643779815025,234.9482122952559
