PrincipalComponent,coi,c1i,a1i,c2i,a2i
1,0.6350153790586902,0.6532955535131193,53.05374836637,0.9348461251944005,217.43835196554997
2,0.0942476782709933,0.18359135403437815,37.8531450095167,0.18609063050824315,218.24200393768496
