PrincipalComponent,coi,c1i,a1i,c2i,a2i
1,0.655295585567185,0.6377250466616059,71.76869241010769,0.6041314607806243,230.05649363285588
2,0.1882867185733229,0.6019625461759781,71.36111388753532,0.14657912255333194,228.38667508066808
