PrincipalComponent,coi,c1i,a1i,c2i,a2i
1,0.6261270332988506,0.6519097652089677,55.19192094903445,0.870940070998278,218.1159683924265
2,0.1082134437076617,0.21761120351079416,39.464845583066825,0.23658514171954934,218.9297233084509
