PrincipalComponent,coi,c1i,a1i,c2i,a2i
1,0.6363770536785347,0.6839694784269127,46.21667171820608,1.0977805247815662,215.5746272222825
2,0.05533846979138017,0.09306968094760919,34.01759712240367,0.09009198525602546,215.8859637848639
