PrincipalComponent,coi,c1i,a1i,c2i,a2i
1,0.6300102507487091,0.6818800352484736,42.78669230113034,1.2046255482868546,215.12609759213538
2,0.04238952809000968,0.06594818824171178,33.03103279589596,0.061774776148022376,214.89157557415965
