PrincipalComponent,coi,c1i,a1i,c2i,a2i
1,0.636468633105502,0.6910782304416717,41.796148993188055,1.3147414366093948,215.29573794875597
2,0.02903592519118958,0.04253490577013835,32.80937682037891,0.03104000560531992,214.6790588314466
