PrincipalComponent,coi,c1i,a1i,c2i,a2i
1,0.6403353410402213,0.687174397086766,64.39936612146037,0.709330032235398,220.70812246978764
2,0.14668853284150268,0.28814129795426324,45.22448553333366,0.331673249023099,221.75160208705807
