PrincipalComponent,coi,c1i,a1i,c2i,a2i
1,0.6519206321267592,0.6960301395019384,68.59692872147072,0.6729755706687447,221.62755260863656
2,0.155490810978383,0.3085124026065267,48.20024470895177,0.3454336860076228,222.95348702551888
