PrincipalComponent,coi,c1i,a1i,c2i,a2i
1,0.6724763244619884,0.6575938201225787,74.0601637737676,0.6284027213058314,226.85044916992246
2,0.18607668326204432,0.4674634855012176,63.06331528019106,0.26323381356476977,226.66098593569652
