PrincipalComponent,coi,c1i,a1i,c2i,a2i
1,0.63416161753548,0.687024876354126,62.62752869620269,0.7254521021240746,220.1952871498582
2,0.14116165229429178,0.27549094181903644,43.99949336696739,0.3267783227509094,221.17721835683616
