PrincipalComponent,coi,c1i,a1i,c2i,a2i
1,0.6663297061216663,0.6901471273422879,74.16786646052631,0.632838725306618,224.25025698943844
2,0.1744579805391476,0.38273005951752526,55.59298617722245,0.32768180244074546,225.3370077306067
