PrincipalComponent,coi,c1i,a1i,c2i,a2i
1,0.6634514204231206,0.7008072436130253,72.24657618242388,0.6493151280051868,222.7404636737465
2,0.16648316262055277,0.3313296057255477,51.53164046242761,0.34246592815629007,224.13920502449773
