PrincipalComponent,coi,c1i,a1i,c2i,a2i
1,0.6425044043824162,0.6784170983922286,51.77890925910289,0.9705044998257136,216.8977705781678
2,0.07718997761951653,0.14268847226951073,36.268641976755376,0.13850308552690005,217.70027978632737
