PrincipalComponent,coi,c1i,a1i,c2i,a2i
1,0.6266396893523365,0.6706577953456866,58.47708137122353,0.7980093205017847,219.05043323279762
2,0.12359198941758379,0.24476503651253684,41.43988578497528,0.27722285897796445,219.94768472483332
