PrincipalComponent,coi,c1i,a1i,c2i,a2i
1,0.6106161222050043,0.6303300493465022,56.40462304421689,0.7663938007183562,218.64481186316533
2,0.16572825778634828,0.2649186363874968,41.74980677417976,0.36109914504176266,219.25788047862991
