PrincipalComponent,coi,c1i,a1i,c2i,a2i
1,0.6198489150230174,0.6256445716276668,58.86824131791097,0.7481811322809856,219.10237779984644
2,0.1749169106584469,0.27992764585418967,43.735946661968086,0.381042098643295,219.93730941310247
