PrincipalComponent,coi,c1i,a1i,c2i,a2i
1,0.6029083807581633,0.610620225456527,49.01081123565266,0.9065435274556954,216.7103074436663
2,0.12158149569453441,0.20483709776216427,37.28287688770514,0.2560464805970935,217.01493573017035
