PrincipalComponent,coi,c1i,a1i,c2i,a2i
1,0.631552377412717,0.6102404760543246,62.56813670528517,0.7217555967658239,220.7266029900369
2,0.1943123599463495,0.3340760552753537,48.61141946932043,0.3867446121099373,221.54979633749002
