PrincipalComponent,coi,c1i,a1i,c2i,a2i
1,0.6207497550211957,0.5912196238740041,62.7657381552589,0.6591303208876016,225.377235067394
2,0.2069387099697139,0.5013847786365473,60.976678669518954,0.2637074109409801,224.41610100965318
