PrincipalComponent,coi,c1i,a1i,c2i,a2i
1,0.6009365142092702,0.6232329409936401,51.706550234473696,0.8423737210525784,217.45093005061543
2,0.13936053338699594,0.22915630563858896,38.911484685476616,0.298714950786875,217.8546129541959
