PrincipalComponent,coi,c1i,a1i,c2i,a2i
1,0.6215138456161046,0.6800719302332161,38.10619821447801,1.332724454904281,214.6170087828819
2,0.03338429765766996,0.02889879792762186,31.81779519565368,0.03399586466729524,213.57837376972358
