PrincipalComponent,coi,c1i,a1i,c2i,a2i
1,0.6176017740223777,0.6417217390103712,46.175954296257224,1.0005715587056712,215.75021556585898
2,0.09178567835695836,0.13333878621008072,34.636799221395265,0.15482537874403293,216.0004989104031
