PrincipalComponent,coi,c1i,a1i,c2i,a2i
1,0.6055099059814115,0.6325207485555145,55.11791527181042,0.7793421304079572,218.29603704822586
2,0.15949717144724643,0.25562721039701786,40.872791259622886,0.3523336060710673,218.84717397579
