PrincipalComponent,coi,c1i,a1i,c2i,a2i
1,0.636233004420869,0.5885995850127625,62.669219033627016,0.7073403603841882,222.46892947166188
2,0.20517528657926626,0.39588793686659174,53.7723550470546,0.3492571205601022,222.51669986423394
