PrincipalComponent,coi,c1i,a1i,c2i,a2i
1,0.6081773662061488,0.6113015944244281,47.08064082067996,0.9679407186562945,216.15521158240085
2,0.11051990645794792,0.17620208008029478,36.000399512887064,0.2035373026956181,216.41924131337467
