PrincipalComponent,coi,c1i,a1i,c2i,a2i
1,0.6099312338766855,0.6674645046576747,38.693119857694896,1.2221378464714368,214.31423469150604
2,0.05056845426965174,0.053880180543993364,31.910861278570923,0.0688971083458052,213.65596874748368
