PrincipalComponent,coi,c1i,a1i,c2i,a2i
1,0.6295382721498315,0.6196438834058543,60.964864084273124,0.7382200132224526,219.70644286449382
2,0.18600215990236987,0.2950549975805669,45.86829048808028,0.38780365317987836,220.61608576524767
