PrincipalComponent,coi,c1i,a1i,c2i,a2i
1,0.6156298769504789,0.6621419139238809,41.2077990908981,1.122656198333818,214.54944038277733
2,0.06335806524589413,0.08019060955391538,32.61320993081396,0.10078884477197725,214.36669690479275
