PrincipalComponent,coi,c1i,a1i,c2i,a2i
1,0.7161502627812781,0.810690336451034,80.3605465445236,0.4546386744378882,221.0044112627708
2,0.15808220119366845,0.2811496071022804,45.48839461805037,0.26157512069455235,226.0935361072317
