PrincipalComponent,coi,c1i,a1i,c2i,a2i
1,0.6553542048002675,0.6969202699180601,36.91866994736918,1.1132916087697298,213.6300916079994
2,0.03171027498335861,0.03242767238386938,31.238848749019578,0.008531220245755627,213.0374323247257
