PrincipalComponent,coi,c1i,a1i,c2i,a2i
1,0.7012437616272396,0.7843157092161042,75.43451034828928,0.5046064344900568,220.40464252095973
2,0.150892161698917,0.2680795205222527,43.46004231650679,0.25135383248418736,224.6280575117802
