PrincipalComponent,coi,c1i,a1i,c2i,a2i
1,0.6786983421450021,0.6740011267053019,47.02232753516843,0.9160694892114005,215.57395153923537
2,0.06805053048318761,0.11926984217860354,34.21595776353226,0.043620099749743325,216.17016575296248
