PrincipalComponent,coi,c1i,a1i,c2i,a2i
1,0.6740137717398316,0.6546084333740438,50.06512087234313,0.8709898734873455,216.251417491986
2,0.08614421368517271,0.16333506947597531,35.549448635758125,0.08454734803494177,217.19666909176846
