PrincipalComponent,coi,c1i,a1i,c2i,a2i
1,0.6646003849506945,0.6597448717756923,54.15391777798009,0.796224642447142,217.1255082480376
2,0.10533955620686641,0.19911361231042757,37.06193118374774,0.1298537027045405,218.5029890189898
