PrincipalComponent,coi,c1i,a1i,c2i,a2i
1,0.6582058921908258,0.6998298546000107,36.37027701301864,1.1897182443824648,213.9358386718889
2,0.022454984880527117,0.017519853800484035,31.168447609751553,0.008145939880169102,212.97264046442166
