PrincipalComponent,coi,c1i,a1i,c2i,a2i
1,0.6854861828605543,0.7457625934726029,68.84087111772479,0.5768617988030259,219.70533469369494
2,0.1444074154943852,0.2570161623243866,41.51870167794601,0.22748778821357687,222.7991543928354
