PrincipalComponent,coi,c1i,a1i,c2i,a2i
1,0.7128775913399107,0.7997894018346351,81.57123090801272,0.4368262404877339,221.46089651144817
2,0.16762952462012862,0.3147983655478325,46.75811429500603,0.2749715111964869,226.71141619822995
