PrincipalComponent,coi,c1i,a1i,c2i,a2i
1,0.6829501057094357,0.7405771598500814,75.85773751385425,0.4032534747656191,223.6619915067891
2,0.18640288446875053,0.424082628161306,52.10640345918252,0.2524494982883577,226.882167923059
