PrincipalComponent,coi,c1i,a1i,c2i,a2i
1,0.6664148654761888,0.6884244858581432,59.08117782104193,0.7121160407272493,218.0645751229317
2,0.12235597964510558,0.22494390038058495,38.76109357282043,0.16733628480017354,219.99760743299845
