PrincipalComponent,coi,c1i,a1i,c2i,a2i
1,0.6657903726594919,0.6901300200352954,39.89955587735326,1.032432839696376,214.00786989007733
2,0.04284386097219556,0.06109357280306943,32.008478073650195,0.016845290996299795,213.89884567030634
