PrincipalComponent,coi,c1i,a1i,c2i,a2i
1,0.7097044722682407,0.7631669686077039,80.16484329616655,0.43111695853652143,222.0703409337032
2,0.181716850107569,0.35845805483913395,49.0327908102536,0.2726003953682865,226.90144992519825
