PrincipalComponent,coi,c1i,a1i,c2i,a2i
1,0.720813952605459,0.8988440001787589,63.81100391599745,0.4922542260891488,219.3352431422224
2,0.0904494753853555,0.15498835681980275,38.967831089821644,0.10167601127930095,221.392427467654
