PrincipalComponent,coi,c1i,a1i,c2i,a2i
1,0.7376282761402903,1.0087375653124622,76.52391169638759,0.2892841659931074,221.80020493032868
2,0.11915749405728328,0.19336451758675938,42.33056664756523,0.15447489213488322,225.14648524383807
