PrincipalComponent,coi,c1i,a1i,c2i,a2i
1,0.737291677094166,0.916155848189432,76.10266469628088,0.21686889330873674,223.0673304269249
2,0.13709144685452293,0.3554090779586286,47.07066783931702,0.21370943806255407,225.94262806285462
