PrincipalComponent,coi,c1i,a1i,c2i,a2i
1,0.6463655882959307,0.7545628954335565,38.388895182232304,0.9608858199528667,213.76770441435124
2,0.04166702831854686,0.04391074808356957,31.567810684639674,0.043326890101799784,213.4502292739372
