PrincipalComponent,coi,c1i,a1i,c2i,a2i
1,0.7299532235765618,0.9777336757313587,72.84322675441935,0.3441558789179903,221.11937962720685
2,0.11350628137005614,0.1838300050592134,41.38035193358909,0.14559688491580486,224.0656961010323
