PrincipalComponent,coi,c1i,a1i,c2i,a2i
1,0.7125325795414567,0.8284930594245435,53.68253167115966,0.6752671945561071,216.95439915236764
2,0.06715162946658024,0.10064977903694136,35.88967817000147,0.03404067872246945,218.20948847016712
