PrincipalComponent,coi,c1i,a1i,c2i,a2i
1,0.7712977782572618,0.9708338018354814,81.42868163559957,0.2132760093577484,222.51586053041504
2,0.13197298610281377,0.2909314163269066,45.93891977167199,0.21780135083929955,226.70848934173716
