PrincipalComponent,coi,c1i,a1i,c2i,a2i
1,0.7522919730968852,1.0922197357656815,84.82808083564554,0.16157314087166508,222.95368332802943
2,0.12794235740530652,0.20596164320021426,44.502811786976736,0.17877931644622255,227.4684161627797
