PrincipalComponent,coi,c1i,a1i,c2i,a2i
1,0.7097076805582211,0.847414833350813,57.97560709059345,0.5996804098865911,217.9852623355
2,0.07988775589913444,0.13306049510091372,37.25085922344098,0.06713144656613637,219.57946201190353
