PrincipalComponent,coi,c1i,a1i,c2i,a2i
1,0.7621534456590332,1.0213290623412177,83.3782302141712,0.20331028024522219,222.34893601981435
2,0.13323328811021015,0.2497117987439722,44.658596556146406,0.21300464500450295,226.94708575662202
