PrincipalComponent,coi,c1i,a1i,c2i,a2i
1,0.716086517388311,0.8233186273578385,49.87988468607428,0.7268320623858604,216.04419006720502
2,0.046893849381048985,0.07041971935882942,34.673244268072125,0.0040697865302278214,216.98946425341362
