PrincipalComponent,coi,c1i,a1i,c2i,a2i
1,0.7606635347174692,1.0627063022039198,84.62838766943791,0.18143857985172537,222.48841952035215
2,0.13299280148538675,0.21823044927758234,44.53158164041341,0.19594588001768543,227.25950388958512
