PrincipalComponent,coi,c1i,a1i,c2i,a2i
1,0.6695942589340858,0.7886500189852196,38.8685526697906,0.9104447751161211,213.58825990768864
2,0.026685614340506994,0.022611436239992903,31.58083561344535,0.01474178719665203,213.5185500244484
