PrincipalComponent,coi,c1i,a1i,c2i,a2i
1,0.6918673103131032,0.8056701288404838,42.17611707987238,0.8413449942737079,214.17296836238162
2,0.028927245574945398,0.03233742367867293,32.433723235254746,0.0015783286534717016,214.51499481436713
