PrincipalComponent,coi,c1i,a1i,c2i,a2i
1,0.7530825707859977,1.1420466003181835,76.10279711968708,0.17463242918227234,222.02632767095798
2,0.11828991981874844,0.11252165176107878,41.58089194380166,0.1771339124548677,225.0042109462493
