PrincipalComponent,coi,c1i,a1i,c2i,a2i
1,0.633910420625399,0.7345374612038207,43.56770874747347,0.8222077961154615,214.78276073419636
2,0.0695536302448304,0.10321629981766914,33.135947980060884,0.0704474848508825,215.07475703514993
