PrincipalComponent,coi,c1i,a1i,c2i,a2i
1,0.7541637620459447,1.1765486690863476,76.82406227515207,0.14681235946916887,222.65039637338376
2,0.10813255331353772,0.10049908330778493,41.92862541603353,0.15234550089054125,225.3988182131438
