PrincipalComponent,coi,c1i,a1i,c2i,a2i
1,0.7453033903465258,1.1460294060580685,73.62668103997433,0.21897201386063123,222.13100421451395
2,0.08975665480782061,0.07409432271408928,41.23861519241893,0.09941814820503567,224.56074149156106
