PrincipalComponent,coi,c1i,a1i,c2i,a2i
1,0.7558180766853205,1.0280258277903485,73.11576337785161,0.22285340821148977,221.12982705869226
2,0.1348712362064796,0.1969780457641338,41.37962079373801,0.21762304747782632,223.96093005438217
