PrincipalComponent,coi,c1i,a1i,c2i,a2i
1,0.7588841778471844,1.1138276187849872,75.968133341647,0.19273919022310748,221.68645904379355
2,0.125998725719191,0.12566080660343348,41.50618170284075,0.19366478192943717,224.83143223275866
