PrincipalComponent,coi,c1i,a1i,c2i,a2i
1,0.7459518259745443,1.0210341154319096,63.56251332398528,0.4307065375019225,219.48414654388702
2,0.06122705552169496,0.03507016335470506,38.34547588032611,0.044758573367737746,221.3539392103551
