PrincipalComponent,coi,c1i,a1i,c2i,a2i
1,0.7441261910252986,1.070855254596126,68.08128588295116,0.3411412616796244,220.71333539945138
2,0.07226447091300268,0.05576147633511495,39.65300012450156,0.07001192830793293,222.8118244035725
