PrincipalComponent,coi,c1i,a1i,c2i,a2i
1,0.7479574408468569,0.9817319581797211,59.517589819150196,0.4957533404155823,218.45061401248225
2,0.04338773574096633,0.021605570015193972,37.18896914943282,0.021079692916821494,220.06651825350596
