PrincipalComponent,coi,c1i,a1i,c2i,a2i
1,0.7550250734437559,1.0788356384585223,75.16043572323217,0.20983045105766826,221.4203914962468
2,0.13091951045650602,0.15781438856194907,41.31637776322416,0.20830495079795397,224.53804036412433
