PrincipalComponent,coi,c1i,a1i,c2i,a2i
1,0.6816106388091037,0.8118257311457703,44.990470763859285,0.7598537007136061,214.8230440861363
2,0.03593552556812347,0.0474338981233395,33.25141682370391,0.0353753011181329,215.41447579189673
