PrincipalComponent,coi,c1i,a1i,c2i,a2i
1,0.752705218368197,1.1923232582580587,77.25562271223308,0.1355563882233316,222.86157925557566
2,0.10333479043306146,0.09376671159484688,42.08509485530331,0.14252670075291618,225.59282269083312
