PrincipalComponent,coi,c1i,a1i,c2i,a2i
1,0.7187739687159279,0.8862131145948039,50.46593185028661,0.6531938379460793,216.03369592052937
2,0.030567052471016896,0.023529488423204785,34.660618871483,0.021498766796315936,217.12090710131795
