PrincipalComponent,coi,c1i,a1i,c2i,a2i
1,0.7317750212948417,0.9710655233729232,67.03603524529214,0.23912327574813397,220.61733258910516
2,0.12330217624732209,0.24935855789256772,40.60117535853695,0.22820370109057267,222.40669825063173
