PrincipalComponent,coi,c1i,a1i,c2i,a2i
1,0.7954454599181431,1.2810415304963696,79.19850735166844,0.10748335639655689,222.37312745601832
2,0.10070370004232168,0.09180435430312314,42.14006243716984,0.12047932889561314,225.82521407425753
