PrincipalComponent,coi,c1i,a1i,c2i,a2i
1,0.7908685510290879,1.3086628508999065,79.66972102522577,0.08227243092406358,222.93644354821407
2,0.09540389505021411,0.08336931476323035,42.44736682593647,0.0979684456701621,226.1368970811454
