PrincipalComponent,coi,c1i,a1i,c2i,a2i
1,0.7587398369517411,1.0855206971640592,69.3555717901341,0.19330025058804964,220.90056928569095
2,0.12137246726131964,0.22259013407690376,40.71497932729269,0.18621233184669495,222.97003557586618
