PrincipalComponent,coi,c1i,a1i,c2i,a2i
1,0.8003302790252926,1.3637382245159886,82.36441647052672,0.029054160654217953,223.82026529892394
2,0.06826876102586504,0.05977262623201823,43.300103294089425,0.05442920193391677,227.1446775464855
