PrincipalComponent,coi,c1i,a1i,c2i,a2i
1,0.7901932385095951,1.322328763143354,80.11128984552353,0.0711070215124926,223.1248549804324
2,0.08955188194135533,0.0787086794717338,42.58697262868128,0.08850834885413687,226.31725556093602
