PrincipalComponent,coi,c1i,a1i,c2i,a2i
1,0.7890563798771011,1.1567936649078858,75.53742909656799,0.16791110365938094,221.46539572964215
2,0.1265459246080442,0.16882879679005983,41.566051230246906,0.16959341354302143,224.5851687540844
