PrincipalComponent,coi,c1i,a1i,c2i,a2i
1,0.6587218397335332,0.7649366305753302,54.062682475588254,0.6860628322949328,216.7100230166038
2,0.09182756416090868,0.1708876417240364,36.676003816876594,0.07965147057402207,218.36680028831967
