PrincipalComponent,coi,c1i,a1i,c2i,a2i
1,0.8040009768343311,1.2558751620331454,79.01150143897142,0.1260577617070787,222.0632323125816
2,0.10567229437780366,0.10133232560186263,42.03623054307586,0.13730082351699466,225.65215586023888
