PrincipalComponent,coi,c1i,a1i,c2i,a2i
1,0.7672739263897471,1.037733843220124,65.68411909026553,0.4109077975247808,219.06100586339574
2,0.03838599351075282,0.052203447923048346,38.70850901316644,0.025979994973445147,221.76200685440315
