PrincipalComponent,coi,c1i,a1i,c2i,a2i
1,0.7093339026826021,0.8809334968531684,57.37524243774123,0.5833835936795554,217.17925901315394
2,0.06164288156086993,0.10070254240237829,36.78692216736216,0.04725034933165716,219.20923273301497
