PrincipalComponent,coi,c1i,a1i,c2i,a2i
1,0.793414238045365,1.217043941674729,77.80743682831891,0.1482067886927162,221.83229260807494
2,0.11756105208093386,0.12969949335246583,41.732144729751475,0.1555112419844204,225.26411518442586
