PrincipalComponent,coi,c1i,a1i,c2i,a2i
1,0.8106070566468154,1.3082209442474815,79.98796186696018,0.1062020948083972,223.07383013130263
2,0.04656995574573142,0.026162631557185182,42.58396134276181,0.024242721400760666,226.41226596405156
