PrincipalComponent,coi,c1i,a1i,c2i,a2i
1,0.8040147279467061,1.3849188362455676,84.01587777548872,0.007461128987861177,224.20362475118873
2,0.05968576825214321,0.0406757695173754,43.73466912976322,0.0386951985009889,227.7078028509382
