PrincipalComponent,coi,c1i,a1i,c2i,a2i
1,0.8085966226686577,1.2304006497334183,75.92233536642945,0.1875202011724105,222.0661987020832
2,0.03443112834672921,0.02457244159211655,41.48610870789608,0.012867463678104981,225.1423890566343
