PrincipalComponent,coi,c1i,a1i,c2i,a2i
1,0.6590848657259157,0.7804028319777856,66.18588217748601,0.5186561374075324,220.67169648275285
2,0.1561805159202833,0.2599786734687803,42.35156390625977,0.14441971816243643,222.74570284151116
