PrincipalComponent,coi,c1i,a1i,c2i,a2i
1,0.877985244812429,1.4463163135588195,87.42318239144745,0.022376974021272054,223.38628442541292
2,0.08834495363606837,0.10915939998605267,44.153243927626065,0.06603247171486484,228.06150104723346
