PrincipalComponent,coi,c1i,a1i,c2i,a2i
1,0.8423212177277657,1.37306275013529,85.55405837090497,1.4847173491569744e-18,224.92902518382496
2,0.05165452097892637,0.05385212050466846,44.27488037259031,0.03554605291448231,228.29396735414502
