PrincipalComponent,coi,c1i,a1i,c2i,a2i
1,0.8662558936864782,1.4819566095696957,85.6507634500668,3.380144885119418e-17,224.30351347244752
2,0.05023081003154168,0.03479782082003838,43.988449536220315,0.015095155937750775,228.033634059907
