PrincipalComponent,coi,c1i,a1i,c2i,a2i
1,0.880884107476708,1.37874128859708,85.08081763148087,0.04997740628228222,223.1199529753861
2,0.0908409985359029,0.14514768448169663,43.89714896535407,0.08254410483080189,227.4258326806933
