PrincipalComponent,coi,c1i,a1i,c2i,a2i
1,0.7567018173685435,1.124823674359285,78.12317369289003,0.2011741380687655,223.00567020105612
2,0.1047417539774004,0.1247098468038187,42.88975290351252,0.07907135208950741,226.0026783917075
