PrincipalComponent,coi,c1i,a1i,c2i,a2i
1,0.8669218119502899,1.4954587680715263,85.86080201577033,1.3745967206896586e-17,223.97118802841288
2,0.0666179224299771,0.0421475860532654,43.88158858739313,0.033666833452217194,227.9266940431328
