PrincipalComponent,coi,c1i,a1i,c2i,a2i
1,0.8868084797585037,1.4828935227211104,88.36687011394166,3.190027412112592e-18,223.54113394419704
2,0.07685053881653148,0.083533952424344,44.278974888899526,0.049423555001969155,228.34097941337245
