PrincipalComponent,coi,c1i,a1i,c2i,a2i
1,0.840512119251492,1.2729993716995889,78.45070960776668,0.09764769156631505,222.78106667614185
2,0.09810919014481351,0.20200909937831224,43.06586698619366,0.10940846772945492,225.80241320507332
