PrincipalComponent,coi,c1i,a1i,c2i,a2i
1,0.879603840536812,1.4913537724951518,87.2658437905757,1.7185792647882436e-17,223.66446360972805
2,0.07124692597707329,0.06392482590358961,44.088768435968184,0.04585476436668023,228.13642124253258
