PrincipalComponent,coi,c1i,a1i,c2i,a2i
1,0.8637143470819334,1.4666707037079623,85.98558329440401,1.784968307523769e-17,224.5536844727119
2,0.043759231574235474,0.02801804021648031,44.137510149820955,0.010775124626140536,228.22282788000473
