PrincipalComponent,coi,c1i,a1i,c2i,a2i
1,0.702032332017345,0.925243111015425,70.31458887749551,0.390221647056643,221.2286931142446
2,0.13129652011186668,0.18553222984804954,41.71856072510306,0.11121805654221167,223.69235748790194
