PrincipalComponent,coi,c1i,a1i,c2i,a2i
1,0.8704997750959258,1.4933602506389292,86.13603542161881,3.4769019883356814e-17,223.90287437596592
2,0.07106597837754024,0.04619435740956618,43.94673618517442,0.0397821519534537,227.96405434239668
