PrincipalComponent,coi,c1i,a1i,c2i,a2i
1,0.8638213104282745,1.435325246830283,85.99601326551375,0.0,224.74795996375556
2,0.041245158079572394,0.0295760303531041,44.20957435685168,0.018138916182343694,228.30867537810013
