PrincipalComponent,coi,c1i,a1i,c2i,a2i
1,0.8748104609622044,1.7018760647935451,93.55565399942515,8.305242940511965e-18,222.156581047754
2,0.035942847040552436,0.04016502234118364,45.14539355438746,0.02957591202460678,229.15733372543116
