PrincipalComponent,coi,c1i,a1i,c2i,a2i
1,0.6062190818655286,0.8232228373002196,80.88969848085418,0.34638707053883977,224.8843776462686
2,0.20109815325274888,0.37725808010414086,51.76699121867482,0.3455916439095128,227.5231833708751
