PrincipalComponent,coi,c1i,a1i,c2i,a2i
1,0.8902420064176874,1.6441053214536154,89.26156446872106,0.012527968918514189,222.18988051151672
2,0.03991792358154474,0.11663492918237703,44.38233465130247,0.0721900132772152,228.02046922247587
