PrincipalComponent,coi,c1i,a1i,c2i,a2i
1,0.7756254053189892,1.4067213726535681,89.9962920274426,0.07274555714685357,223.40889699469184
2,0.08935622667791719,0.1273574906431611,44.96994599860164,0.12128730614609357,228.71521699681557
