PrincipalComponent,coi,c1i,a1i,c2i,a2i
1,0.8163462395737628,1.5657108864000508,93.00506203682691,0.0,223.54303882922403
2,0.05890977039277226,0.08753540538407634,45.56665693325499,0.07198610607759905,229.50690937703533
