PrincipalComponent,coi,c1i,a1i,c2i,a2i
1,0.8444066420649802,1.637047013621996,92.58640991506586,0.0,222.86704962278324
2,0.04629551009029214,0.05131772504009403,45.20270628941831,0.053958880167971894,229.18150268697144
