PrincipalComponent,coi,c1i,a1i,c2i,a2i
1,0.7256931298864416,1.2029794568832537,84.26509713858442,0.1677519346276054,222.79006197615854
2,0.1186961991463138,0.18088214644040823,43.94338616286957,0.18755393787407543,227.0982190021854
