PrincipalComponent,coi,c1i,a1i,c2i,a2i
1,0.9099886468599452,1.7433290015114662,95.77520662023423,0.0,220.85344467606956
2,0.037638191826997444,0.03450282323040601,45.18546557926575,0.0324671997009133,229.2370274698111
