PrincipalComponent,coi,c1i,a1i,c2i,a2i
1,0.8836871204920699,1.712397980077236,93.81350709463666,0.0,221.98259729057838
2,0.03548177578319176,0.036691895048117644,45.12734153819261,0.029316289302190195,229.15091016532548
