PrincipalComponent,coi,c1i,a1i,c2i,a2i
1,0.6278537179007728,0.8836186221792437,76.84509182234073,0.3347461103293756,222.13067766640944
2,0.17547251570316,0.29683205797455997,44.85346682920993,0.3287543491749824,225.18337908006816
