PrincipalComponent,coi,c1i,a1i,c2i,a2i
1,0.912361009092014,1.7467845908547106,95.54921169280074,7.950377065280229e-17,220.92454319056986
2,0.04107012305009692,0.04273058052682726,45.190774977129394,0.04067521483551163,229.183004178803
