PrincipalComponent,coi,c1i,a1i,c2i,a2i
1,0.6600841927063003,0.9923416734880645,78.49421426508388,0.2772542848552328,221.88296869923735
2,0.15673441874727076,0.24790081824765264,43.51352608178548,0.27676293011035125,225.349191365422
