PrincipalComponent,coi,c1i,a1i,c2i,a2i
1,0.895499557032298,1.7343810241324773,94.92068452594066,0.0,221.26420072122107
2,0.036296490737101055,0.0343511200142507,45.14390921675784,0.028455118770455076,229.1697803198085
