PrincipalComponent,coi,c1i,a1i,c2i,a2i
1,0.9158621669676642,1.7159500189878545,93.8674706740289,0.0,221.17717244400913
2,0.046780223325805885,0.05688828285935611,44.86813218054137,0.061668352637176155,228.82501270931863
