PrincipalComponent,coi,c1i,a1i,c2i,a2i
1,0.8868097735230305,1.6171998741665239,93.70872793977837,6.697993811052883e-17,223.82785106746243
2,0.051903632753229,0.0356736743835677,45.589940297346566,0.0206728710208433,229.74245935587837
