PrincipalComponent,coi,c1i,a1i,c2i,a2i
1,0.8826790228452978,1.6141748211141023,93.4502262439999,0.0,224.0080052830898
2,0.04851853412834639,0.034036191241823194,45.59823171030782,0.01723189344900427,229.7475196168768
