PrincipalComponent,coi,c1i,a1i,c2i,a2i
1,0.8949171958217641,1.6245223837662868,94.89412292877478,2.786737729377824e-17,223.27107227552324
2,0.05618762334557663,0.0406023028606931,45.709005853245976,0.029467172447347628,229.8381109489685
