PrincipalComponent,coi,c1i,a1i,c2i,a2i
1,0.6161995711448934,0.6775263304727254,64.28953580783612,0.6113885523483765,220.79785635111517
2,0.1850072721560747,0.29966966388777017,44.12452475251738,0.2528740047848882,222.56143278873697
