PrincipalComponent,coi,c1i,a1i,c2i,a2i
1,0.8717017538074328,1.582099772246467,92.88849490029192,0.0,224.60798785442327
2,0.041276934127466074,0.03176056870602541,45.67801767325208,0.016225350088767847,229.83631041990793
