PrincipalComponent,coi,c1i,a1i,c2i,a2i
1,0.7038887002653539,1.026684398700253,78.75742929716186,0.2976643532085754,222.64675824144643
2,0.14122633831072567,0.16804016755218507,43.324396329018676,0.1770655427744966,225.99602758858256
