PrincipalComponent,coi,c1i,a1i,c2i,a2i
1,0.7947153787284906,1.3325870328779024,89.7816655264226,0.05806463387911882,225.1723812851242
2,0.08716646334414449,0.0950398618451466,45.433095390917025,0.10334947567072644,229.36230094345964
