PrincipalComponent,coi,c1i,a1i,c2i,a2i
1,0.6538098726969693,0.8304546243003197,69.94774517649931,0.47631174874987314,220.98323906778637
2,0.1643076865101622,0.22246420375610562,42.338775275078895,0.22120153438780313,223.51787492014373
