PrincipalComponent,coi,c1i,a1i,c2i,a2i
1,0.8470740051921175,1.4852155107704195,93.06219605763084,8.730439867590063e-19,225.4501481144127
2,0.05171657793648756,0.050733406535928956,46.01212082854886,0.05441438910069284,230.1999768548258
