PrincipalComponent,coi,c1i,a1i,c2i,a2i
1,0.9000157543764282,1.61280859629946,95.58391659212464,0.0,223.0045203677146
2,0.07088785952021665,0.06417192493705164,45.86473419462253,0.05479353148425817,229.88082793536958
