PrincipalComponent,coi,c1i,a1i,c2i,a2i
1,0.8931223478266007,1.5707966253743644,94.1599492737602,0.0,223.13685204570612
2,0.08609401438561651,0.09080015991345684,45.83636400497127,0.07573624760340888,229.59101439766
