PrincipalComponent,coi,c1i,a1i,c2i,a2i
1,0.8648535652049057,1.453276122482989,87.00356046370872,0.059529881245617866,223.28337641523493
2,0.08041958453842564,0.14660804368318933,44.81479557396409,0.10051004865990817,227.95566706402224
