PrincipalComponent,coi,c1i,a1i,c2i,a2i
1,0.8204786904043421,1.4171486791587737,91.6003679016603,0.11534249153955943,220.99704497186934
2,0.10092769374301337,0.09600245400536088,44.22847410473382,0.16669369392217395,228.347471564763
