PrincipalComponent,coi,c1i,a1i,c2i,a2i
1,0.9113201387034188,1.695534241278735,97.57446435727695,6.552478092969445e-17,219.71396207104976
2,0.05364351773170464,0.034027111013417786,45.21776243539972,0.08378268139482255,229.3523901222129
