PrincipalComponent,coi,c1i,a1i,c2i,a2i
1,0.6191075735113822,0.6481966811859157,65.3102277059567,0.5390218535447203,217.61327270217672
2,0.2053461434590728,0.3120171439448687,39.59906902704291,0.5124403434252351,220.77562535370276
