PrincipalComponent,coi,c1i,a1i,c2i,a2i
1,0.6405324183292863,0.7286294483328519,65.0145800853106,0.4928540637964727,217.25092527158108
2,0.19016166011495841,0.25549465672084,37.517494594129545,0.4672692778933728,220.569195464404
