PrincipalComponent,coi,c1i,a1i,c2i,a2i
1,0.7823355989322905,1.2466447903553783,86.34519094479869,0.2057210906181794,220.67914147061268
2,0.12703312949807744,0.12324656343521685,42.826390252566384,0.22788769668372152,226.9572317046236
