PrincipalComponent,coi,c1i,a1i,c2i,a2i
1,0.8632355927583024,1.567464043366374,95.4792729869399,0.03342875054901316,220.9080649002691
2,0.07473342732149366,0.07809404506725906,45.08650362856565,0.11493162678047394,229.23939153040234
