PrincipalComponent,coi,c1i,a1i,c2i,a2i
1,0.7343105083463318,1.042789850805552,77.93000067607032,0.310334438744752,219.7854938553293
2,0.1518623778543256,0.1616493208526577,40.76545060566076,0.30533224882566673,224.55485998661672
