PrincipalComponent,coi,c1i,a1i,c2i,a2i
1,0.9252268433922782,1.7153884051911088,98.12475976373952,0.0,219.38646511186587
2,0.04899929069860441,0.0294036748543395,45.22536776911597,0.07293401226038317,229.37201229187235
