PrincipalComponent,coi,c1i,a1i,c2i,a2i
1,0.6707267492935767,0.8383445158362747,68.90435734619821,0.42683410862329346,218.0709164850675
2,0.18069311399221968,0.2140842920652794,38.33022284297597,0.40579560519799696,221.76245300388464
