PrincipalComponent,coi,c1i,a1i,c2i,a2i
1,0.9430772095425404,1.7546549861852057,99.71846789727547,3.3192350646419422e-18,218.20460951292105
2,0.044843859226315536,0.02329043979431926,45.23370675663215,0.05574332406123372,229.38047723874092
