PrincipalComponent,coi,c1i,a1i,c2i,a2i
1,0.9783837898361729,1.7849181182131308,98.56942667528072,1.1191360437006152e-19,218.4514840313108
2,0.04408024899528551,0.017279451569290224,44.92878984105318,0.05934848230968924,229.0891507025815
