PrincipalComponent,coi,c1i,a1i,c2i,a2i
1,0.967608673537648,1.8009398341709777,100.0,5.768406224534942e-17,217.8445154478341
2,0.04153196162385962,0.014876777335306283,45.11651567125067,0.04653614309099402,229.28325084510013
