PrincipalComponent,coi,c1i,a1i,c2i,a2i
1,0.957109548561153,1.7797759625672573,100.0,2.7866982028024315e-17,217.41144441591533
2,0.042199401332888686,0.019333697271587808,45.027541903228844,0.04814827081831794,229.1835691228661
