PrincipalComponent,coi,c1i,a1i,c2i,a2i
1,0.7417028007593386,0.9838310036012903,83.06024772163248,0.2971201573045008,221.00285627284012
2,0.1340851991413366,0.28737658870250216,46.20625993123148,0.2981410518941267,226.71498123019035
