PrincipalComponent,coi,c1i,a1i,c2i,a2i
1,0.8039098208963416,1.280331332507038,92.10733172082726,0.16349444885174438,221.12337166354888
2,0.0978940222113356,0.2174928635817662,46.61587075920868,0.20575588585506854,228.7984099359345
