PrincipalComponent,coi,c1i,a1i,c2i,a2i
1,0.8349253955662655,1.4008370848918295,94.16509460485914,0.11101033641060948,221.1111353915985
2,0.08165589802925144,0.19075080648392836,46.43002717310814,0.17102908641128145,229.18196629860336
