PrincipalComponent,coi,c1i,a1i,c2i,a2i
1,0.6721986121329423,0.7618975347924848,79.55134128195054,0.4166532418340298,222.16386300953633
2,0.18193067171624253,0.39715332301060813,54.06006102512653,0.3537931112494696,227.2452871862814
