PrincipalComponent,coi,c1i,a1i,c2i,a2i
1,0.8935091553126266,1.6268989749113674,99.98293347273369,0.0,220.4713532388871
2,0.059785083049176804,0.1447153855533026,46.84574635577499,0.11095495605523165,230.2445575500613
