PrincipalComponent,coi,c1i,a1i,c2i,a2i
1,0.8789506923547259,1.5800215882324335,98.9001469257669,0.020659545517036765,220.7428095802394
2,0.06312141793816076,0.16070424252768672,46.77401989435626,0.12057957427587823,230.0906889819408
