PrincipalComponent,coi,c1i,a1i,c2i,a2i
1,0.695903518843411,0.8468857472330387,79.94215988899245,0.3601987339138067,220.941208708444
2,0.16240081551060864,0.34062281119477167,48.507998279743774,0.3497525412126777,226.2194263930566
