PrincipalComponent,coi,c1i,a1i,c2i,a2i
1,0.778756868616082,1.1447957402756428,89.07737096455237,0.22316677182199005,221.0521059623091
2,0.11464461143436953,0.25032662781727444,46.638629041903684,0.246252507411442,228.10016561662616
