PrincipalComponent,coi,c1i,a1i,c2i,a2i
1,0.6284881938635906,0.5234955733837642,58.635067422545596,0.7067096743817574,219.8009943442066
2,0.18923452050099643,0.45265127088130575,51.603999197342745,0.37800134632858745,221.78597751630676
