PrincipalComponent,coi,c1i,a1i,c2i,a2i
1,0.9825442501281916,1.8250749737455063,99.46316602246702,0.0,219.80175435794837
2,0.030568801275258073,0.03894873492025245,45.473540028332614,0.04090031854741839,229.65625380913656
