PrincipalComponent,coi,c1i,a1i,c2i,a2i
1,0.936145548956546,1.738810322463727,100.0,8.075492936363655e-17,218.5353020318945
2,0.04273762813121519,0.08806172978501736,45.83906760227878,0.08101541456781738,229.55519801199566
