PrincipalComponent,coi,c1i,a1i,c2i,a2i
1,0.9594169878958071,1.8003313617680277,100.0,0.0,219.1001172015366
2,0.03322523157076371,0.058579425597417044,45.67080434467691,0.05639429827678598,229.64766438373593
