PrincipalComponent,coi,c1i,a1i,c2i,a2i
1,0.743478637990288,1.0440579973257869,79.14856435079385,0.23163643939723555,223.07930200368273
2,0.1111043591880496,0.3302040793215142,47.73077276677727,0.23473363061770564,226.48846020203905
