PrincipalComponent,coi,c1i,a1i,c2i,a2i
1,0.675987972463125,0.8476683103087387,76.29479519650428,0.2793148765140793,224.76675324362918
2,0.15617674213988467,0.4370142342146305,53.55899521212223,0.27456703365921403,226.97839598284432
