PrincipalComponent,coi,c1i,a1i,c2i,a2i
1,0.8300295883945079,1.347823954500647,84.24848109896323,0.14359883595894787,222.37527797475028
2,0.0660983987178392,0.22605466193687054,45.15002503488905,0.16869381976056527,227.04207205748594
