PrincipalComponent,coi,c1i,a1i,c2i,a2i
1,0.6173079671482808,0.5788740267441805,60.25861904118863,0.5774321180316985,223.95620152719005
2,0.1827085757087434,0.5500208002656578,57.51897617438256,0.27775893110857847,223.9998219495525
