PrincipalComponent,coi,c1i,a1i,c2i,a2i
1,0.7923747954424517,1.226390793722067,81.56829901096363,0.18179816227615192,222.4587484492958
2,0.07987110012593734,0.2643731194045406,45.67210732583022,0.19531842134652477,226.57365852113503
