PrincipalComponent,coi,c1i,a1i,c2i,a2i
1,0.765271995912422,1.1422892766088302,80.85397680845574,0.20331831531906489,222.76896801609058
2,0.09500788640389782,0.29431582310469595,46.69586636852284,0.21242400609287362,226.64745659476452
