PrincipalComponent,coi,c1i,a1i,c2i,a2i
1,0.8685258746673153,1.4732072404902026,89.03472324786827,0.0863363680431047,222.20261052361428
2,0.05699055742543536,0.19572128563691324,45.63870672534403,0.13352298973669452,228.05922820712308
