PrincipalComponent,coi,c1i,a1i,c2i,a2i
1,0.8442534524143359,1.389072694408243,85.70246073556572,0.12471545685901081,222.4062192876536
2,0.06282428931297407,0.21540454019962527,45.27235612066152,0.1560934805610561,227.36878438029126
