PrincipalComponent,coi,c1i,a1i,c2i,a2i
1,0.7138196327208124,0.933187544454274,76.0102192473195,0.2622470022818419,223.40298406407888
2,0.1278747167540776,0.37415960248670876,48.81722039874319,0.25863611954116195,226.02759387804647
