PrincipalComponent,coi,c1i,a1i,c2i,a2i
1,0.6501172674507085,0.7377799055395163,71.88560363974855,0.3824147524387596,225.16567935261946
2,0.17131542815459286,0.4895167905253155,57.09560141186839,0.2737787899557534,226.69219631347994
