PrincipalComponent,coi,c1i,a1i,c2i,a2i
1,0.9183755641258732,1.6508496905865084,92.07028607499382,0.019300964706628777,222.31740371553929
2,0.039957268646569025,0.13006616828866777,45.30003024684326,0.09102066714276247,228.69295200101334
