PrincipalComponent,coi,c1i,a1i,c2i,a2i
1,0.8932265479120497,1.5385903441405278,90.99195137465348,0.059903772496732226,222.09019145080967
2,0.0517584371233732,0.1733551268586036,45.59523933731682,0.1189642522108065,228.4244313271118
