PrincipalComponent,coi,c1i,a1i,c2i,a2i
1,0.9476337430676749,1.7392293155552416,90.94576852535882,0.0,222.0963723144966
2,0.030186175296475003,0.06949262060975926,44.5244183648192,0.06762335054526325,228.31534937604323
