PrincipalComponent,coi,c1i,a1i,c2i,a2i
1,0.9332244765062849,1.790518475909538,87.2062634918843,0.0,222.3561795533463
2,0.0242129262184159,0.04502461914815865,43.621450362913166,0.03340381328924822,227.49363306698393
