PrincipalComponent,coi,c1i,a1i,c2i,a2i
1,0.708991036367972,1.23308762779259,83.86524001927906,5.976836120038896e-18,240.1818201646238
2,0.12333489415106685,0.5147329140363626,90.92660392198307,9.668686470969799e-05,230.80171718026216
