PrincipalComponent,coi,c1i,a1i,c2i,a2i
1,0.6037973090368383,0.7938952896653502,74.26538573916942,0.2796299075802825,229.18290830702546
2,0.16420367821599552,0.5782784403860344,65.04849026209558,0.19151307265286766,229.10799113730175
