PrincipalComponent,coi,c1i,a1i,c2i,a2i
1,0.7652550325378181,1.3730453022462386,83.25841881824422,4.1552087091979284e-18,242.274045025993
2,0.09517765094540157,0.43542047764921166,96.32096540115143,0.0,226.776800149236
