PrincipalComponent,coi,c1i,a1i,c2i,a2i
1,0.692972011850649,1.1647169539663085,84.44626758186665,0.0005808851647309393,239.72378499685166
2,0.1372161801883072,0.5583517053978444,89.39520177952748,8.23474889840989e-18,232.10047726872415
