PrincipalComponent,coi,c1i,a1i,c2i,a2i
1,0.5756527854892631,0.6274219781926019,63.671160428520714,0.489666480069996,228.34317619436098
2,0.17504617232327868,0.6605891308519252,66.93414657219988,0.15953397483861453,226.99284075437475
