PrincipalComponent,coi,c1i,a1i,c2i,a2i
1,0.6673950065098695,1.0892524140592277,84.41227932886868,0.00270157536911572,239.0133480771193
2,0.15444120449289783,0.6055144204151268,87.7051244610284,6.603588710513467e-19,233.53157181510903
