PrincipalComponent,coi,c1i,a1i,c2i,a2i
1,0.7779061682139009,1.3958033506148033,83.95728685912596,1.1044063215615553e-16,241.24432918760849
2,0.09122567628697281,0.41417682712283516,95.23555285737969,0.005642211558908213,227.30444849523843
