PrincipalComponent,coi,c1i,a1i,c2i,a2i
1,0.733460463215873,1.2914222046276336,83.10295485348502,2.1613273163697602e-05,240.8791770217433
2,0.10757766770402885,0.4822494398544036,92.15477298919073,0.0,228.9232907245193
