PrincipalComponent,coi,c1i,a1i,c2i,a2i
1,0.6245078085228808,0.9279024086945203,78.89131009932741,0.1408882597872415,234.73405714952662
2,0.1725626912964088,0.6216570085376024,80.45220395955734,0.06008304200688977,232.39622421554475
