PrincipalComponent,coi,c1i,a1i,c2i,a2i
1,0.7985605675945431,1.44355000236435,85.53764928727114,9.680126009585876e-17,240.51164530862994
2,0.08429449940187216,0.3886270063338826,96.36158075776493,0.0,227.5616411484366
