PrincipalComponent,coi,c1i,a1i,c2i,a2i
1,0.8657916645076515,1.5770898505689723,83.04106290251724,0.08183939652554605,222.36545984511054
2,0.025033831496913617,0.14319085480198193,43.37618116365681,0.11380224541938279,226.54977105197318
