PrincipalComponent,coi,c1i,a1i,c2i,a2i
1,0.8160255609458716,1.3384047498161422,79.94096474640456,0.1780970053564223,221.97147156200626
2,0.04288210292517694,0.23350014159347876,43.92869407446172,0.19164263190547537,225.73303360044017
