PrincipalComponent,coi,c1i,a1i,c2i,a2i
1,0.8356108603773097,1.4416026932510342,81.50860221740895,0.14291109342053007,222.1562285281441
2,0.03589220787347357,0.19418395314305892,43.66359718305392,0.16423701251875833,226.12810051195413
