PrincipalComponent,coi,c1i,a1i,c2i,a2i
1,0.8633229907920913,1.745817263009965,82.78941591906298,0.004657377074261682,222.6454285962191
2,0.014001063695194054,0.0901784185878002,42.97948462740921,0.043904457479733594,226.577789335321
