PrincipalComponent,coi,c1i,a1i,c2i,a2i
1,0.8339461658884002,0.7757700293676005,33.99550014940011,1.3172671415684123,250.0
2,0.01950711481799209,0.030824332583503273,39.79548821239847,0.0013806394777229117,222.86518582111538
