PrincipalComponent,coi,c1i,a1i,c2i,a2i
1,0.8255835119968912,0.8211728219838098,34.374035334211776,1.3490300063950853,250.0
2,0.017706024627491743,0.011731809740818333,39.51274737221426,0.011185228530906489,222.84249959467147
