PrincipalComponent,coi,c1i,a1i,c2i,a2i
1,0.8599779976632966,0.7215201827368579,34.930834525112694,1.2852628379819275,250.0
2,0.026099712538694166,0.052086230984140516,41.297485745570675,3.202529707486194e-18,223.37909003182054
