PrincipalComponent,coi,c1i,a1i,c2i,a2i
1,0.9152931101671006,0.5813692322540125,38.752404820595686,1.2117868845977955,215.36622489186735
2,0.03660343947090018,0.10807421726130922,32.66521432525694,0.0055972099238818605,214.11720530443603
