PrincipalComponent,coi,c1i,a1i,c2i,a2i
1,0.9219124310613004,0.5592560611388907,42.375744770955194,1.1635823623195338,215.62465268460838
2,0.05866146441767196,0.15036420619371904,34.718828479429064,0.02819882384791838,215.25010626992037
