PrincipalComponent,coi,c1i,a1i,c2i,a2i
1,0.9174421081968687,0.5642186761971449,45.48140411754804,1.092996388731233,215.85825260783693
2,0.07957129369499255,0.18118614729010257,36.412616098492144,0.06216497908912581,216.1487787183699
