PrincipalComponent,coi,c1i,a1i,c2i,a2i
1,0.9213630041966542,0.5713036174885688,48.66581654661255,1.0342230118858002,216.0046123132458
2,0.09928030287999451,0.2064173054375134,38.038718505449154,0.09622509555495994,216.96802363004193
