PrincipalComponent,coi,c1i,a1i,c2i,a2i
1,0.9280834332541176,0.5994049023788846,54.48968313299574,0.9482321124724288,216.17333833067914
2,0.11851507749034725,0.23492422781420275,40.49622158920071,0.1446783183674981,218.30586175006118
