PrincipalComponent,coi,c1i,a1i,c2i,a2i
1,0.9326508874937043,0.5980307053416563,55.3775714120938,0.9362358645495105,216.11670894969527
2,0.12239686147321195,0.24604539478354023,41.20502641923366,0.15371699319533771,218.49119647433068
