PrincipalComponent,coi,c1i,a1i,c2i,a2i
1,0.9508625627891528,0.6257693050381891,64.3957015440662,0.8594930437458634,216.2617196305525
2,0.13258038946169612,0.27305474390013784,46.75549194164701,0.16357006297235008,220.6822157289144
