PrincipalComponent,coi,c1i,a1i,c2i,a2i
1,0.3553870869334031,0.5191614082136249,51.52439550105503,0.35960652330045423,221.56283846326608
