PrincipalComponent,coi,c1i,a1i,c2i,a2i
1,0.8547092100363164,0.8833862040243992,51.76469381278704,0.44978277842469944,217.99967715584174
2,0.11138480125093417,0.011022669318724998,35.234645459150585,0.30443561775772066,218.05618189984324
