PrincipalComponent,coi,c1i,a1i,c2i,a2i
1,0.8103503224226387,0.8377304974164043,47.79042478178789,0.5191050045014337,217.02474935701895
2,0.1301079789828392,0.05202072564733659,34.128486287434214,0.3316460142819209,216.72719963056184
