PrincipalComponent,coi,c1i,a1i,c2i,a2i
1,0.9138925470961945,0.9254023775783222,59.091642553236674,0.3769270677872609,219.64508983008645
2,0.09132526629384792,0.0033954829900826222,37.1722276337045,0.2554658542535981,220.35110950684108
