PrincipalComponent,coi,c1i,a1i,c2i,a2i
1,1.0086696901421033,1.0886394325616435,77.14786652126149,0.160632921396926,223.04510483716825
2,0.05676121511640271,0.02715214503423285,41.54701331493579,0.16483790522883124,225.6567111335985
