PrincipalComponent,coi,c1i,a1i,c2i,a2i
1,1.046355329233499,1.199103695791414,85.45574886148034,0.07227692363890176,223.32895010835352
2,0.04015696554071916,0.05423865422649189,43.25917084381998,0.09863473552488779,227.6538679653972
