PrincipalComponent,coi,c1i,a1i,c2i,a2i
1,1.0835792550064125,1.312731804830915,91.31978105926034,0.0,222.38043064180982
2,0.03345270426065875,0.0817413975179495,44.478683955891775,0.04065449096960853,228.71418332761831
