PrincipalComponent,coi,c1i,a1i,c2i,a2i
1,1.095376729732014,1.3540118813892712,92.656736304854,0.0,221.1956974051278
2,0.03426931780597153,0.09977195679774498,44.70799017325848,0.018902608656594815,228.6773801418633
