PrincipalComponent,coi,c1i,a1i,c2i,a2i
1,1.1035861381213334,1.3630785580350329,93.64113693985797,0.0,220.77513331298212
2,0.0328220610436943,0.11020385450666938,44.98278784689525,0.007467656143202964,228.8121362315127
