PrincipalComponent,coi,c1i,a1i,c2i,a2i
1,1.1109542844668838,1.3822881094370774,96.09977905156876,0.0,219.05539582797596
2,0.034676839576449445,0.12016834729392173,45.45253298339894,0.0,228.94744989726468
