PrincipalComponent,coi,c1i,a1i,c2i,a2i
1,1.1003427087812234,1.4213568431814307,96.97593849329527,0.0,218.84283345414502
2,0.04473910606917508,0.1322873443452057,47.2365818424049,0.0,229.39266042331445
