PrincipalComponent,coi,c1i,a1i,c2i,a2i
1,1.0841814347355048,1.4256804392637525,93.84911154803552,0.0,219.90505323875152
2,0.051360310281130625,0.14581517299988284,47.117567709086075,2.0518574765521175e-17,228.9926577969806
