PrincipalComponent,coi,c1i,a1i,c2i,a2i
1,0.9294353366602134,0.5627678111351936,41.03654614206653,1.1784017047607138,215.53188598001816
2,0.04974059849841968,0.1337381193836891,33.87264015441256,0.015056396368522271,214.829638178889
