PrincipalComponent,coi,c1i,a1i,c2i,a2i
1,0.9123134697481167,0.9978549220026403,96.35835475631733,0.24389769209315423,228.87513429633066
2,0.17729994231307158,0.6106864314409317,81.49659104465991,0.0,233.93545028400302
