PrincipalComponent,coi,c1i,a1i,c2i,a2i
1,0.9103882778998047,0.5771730264829955,36.66141378386713,1.2461539218717823,215.3963800377294
2,0.0318181306049554,0.10289903658705997,32.18359799560571,0.0011431072381664726,213.61538579935603
