PrincipalComponent,coi,c1i,a1i,c2i,a2i
1,0.8221254229309803,0.8299288176463107,34.79596692201569,1.4105261576921502,250.0
2,0.01972257657611194,0.005805409247619973,39.5749437049732,0.01969234100177827,222.89331165992323
