PrincipalComponent,coi,c1i,a1i,c2i,a2i
1,0.939115939808449,0.6019550771080941,59.756003312160516,0.9264306733621335,216.9444589894469
2,0.12255293306442554,0.24687223138641612,43.92039307939909,0.12097584325771252,220.0585247514973
