PrincipalComponent,coi,c1i,a1i,c2i,a2i
1,0.9686232127393736,0.8574417386258939,94.62385870528887,0.5085333476571856,218.94863052480576
2,0.1671892282796447,0.3869519650250902,67.5909418393743,0.09239740482978068,229.06250394564995
