PrincipalComponent,coi,c1i,a1i,c2i,a2i
1,0.8279250710304644,0.8140685608905223,34.27404787617322,1.3582183093846112,250.0
2,0.018190665454710937,0.011638288989351304,39.495158889274414,0.012072782321751492,222.81741964020677
