PrincipalComponent,coi,c1i,a1i,c2i,a2i
1,0.8659297880645964,0.7047735616481741,35.064058009629505,1.292796978423545,250.0
2,0.029340877384017028,0.05496607252624268,41.759654252789204,1.2729424620000799e-18,223.5005323755937
