PrincipalComponent,coi,c1i,a1i,c2i,a2i
1,0.8776620051207703,1.0463662160558673,94.2386304757181,0.14463354865757208,232.0792892159388
2,0.16942007278454724,0.6591721348303408,80.66725253323463,5.234975621202573e-18,234.57259695009654
