PrincipalComponent,coi,c1i,a1i,c2i,a2i
1,0.9348835540598179,0.5733917580060777,54.59080618967081,0.9876980217504986,217.02044301372237
2,0.10678517492069689,0.23615292015826758,42.1687671483501,0.09738039223198479,218.96833641858564
