PrincipalComponent,coi,c1i,a1i,c2i,a2i
1,0.9267505478245913,0.555780872282038,48.25689246944504,1.065485945226999,216.48758919825403
2,0.08763630378972012,0.20683352600794516,38.939214640019266,0.06229105356025183,217.24441140565884
