PrincipalComponent,coi,c1i,a1i,c2i,a2i
1,0.9313510396510069,0.5565086698919436,49.81632362193797,1.0459462085983204,216.64209523344653
2,0.09447609808958533,0.21813687702492798,40.03423591809994,0.07303462776451779,217.71992012792623
