PrincipalComponent,coi,c1i,a1i,c2i,a2i
1,0.9459308179549126,0.981831538482035,100.0,0.30733189507364345,224.85143551194767
2,0.18038541551708862,0.5224532608004713,78.04483651562165,0.02617168723644902,232.93462301768193
