PrincipalComponent,coi,c1i,a1i,c2i,a2i
1,0.8357285539558044,0.7839378514248775,33.97434699307501,1.3284431974967308,250.0
2,0.019887612451672042,0.022370019193021267,39.58779284723396,0.006743801343297301,222.81078004977908
