PrincipalComponent,coi,c1i,a1i,c2i,a2i
1,0.9228871910356954,0.5631458528515906,44.255277705281216,1.1251174002187905,215.84937259543975
2,0.06676628791621156,0.16218757185559673,35.655435134179996,0.03532999959095423,215.83663037325363
