PrincipalComponent,coi,c1i,a1i,c2i,a2i
1,0.9142730788097734,0.4916164128154109,58.998579547375044,1.0960816857709446,226.648632677419
2,0.14945112692387538,0.3853141996012651,60.48331585959502,0.0,224.72681941381558
