PrincipalComponent,coi,c1i,a1i,c2i,a2i
1,0.9130966762969385,0.5387063746668611,72.34817799376046,0.8770644340915975,228.38961616142294
2,0.2143038745979772,0.5987995823937944,80.97297331835924,2.1213842300325224e-17,227.20311190290607
