PrincipalComponent,coi,c1i,a1i,c2i,a2i
1,0.8276524111729388,0.6321653262672607,67.0052990402776,0.6222944771214208,231.17657385358805
2,0.19506884895187818,0.811696283333714,80.99222227998604,0.0,227.82810748465795
