PrincipalComponent,coi,c1i,a1i,c2i,a2i
1,0.9153510632241447,0.5183756756327756,65.02878286571341,1.0220914808982264,227.80033076770516
2,0.16284779199934485,0.4277797338908873,65.18679709049826,0.0,226.43004692193637
