PrincipalComponent,coi,c1i,a1i,c2i,a2i
1,0.8585607754868978,0.5840176492116874,67.13123322856984,0.7200453067589078,230.11070760762973
2,0.2063228272791742,0.7628802242226858,81.89085596866333,0.0,227.24656433874517
