PrincipalComponent,coi,c1i,a1i,c2i,a2i
1,0.8431223255753791,0.7931378729983645,37.09371190019472,1.5558085690601948,250.0
2,0.02761453230784299,0.027219591757158886,40.09215143592207,8.254747058336496e-18,223.3560757375151
