PrincipalComponent,coi,c1i,a1i,c2i,a2i
1,0.8378373423567566,0.7533864451823309,36.35836509210783,1.5060734479073177,250.0
2,0.04038814556052979,0.046828619631812174,40.01385755735826,3.684946568266398e-17,223.2406160853649
