PrincipalComponent,coi,c1i,a1i,c2i,a2i
1,0.8799984439711087,0.559423977256924,38.80972894988222,1.3725324968070145,250.0
2,0.10125336512355429,0.16071554878957225,56.76616306447067,8.197342209966207e-18,227.03688866731608
