PrincipalComponent,coi,c1i,a1i,c2i,a2i
1,0.9200709493133263,0.5795325787172014,77.2715367489102,0.8674765362008541,229.16106691377982
2,0.20124957510990474,0.5213784289757366,77.04049108149349,0.0,228.93362791028719
