PrincipalComponent,coi,c1i,a1i,c2i,a2i
1,0.9115134993436573,0.4871162807998794,57.16435918861599,1.1212673699350353,226.06550610306303
2,0.14116524255227317,0.36374438997312397,57.999538405639065,0.0,224.03146222608635
