PrincipalComponent,coi,c1i,a1i,c2i,a2i
1,0.8937241256351792,0.5149868013328983,41.747340617502324,1.300652469857779,239.39124378501708
2,0.12462924065658626,0.21270651617428646,60.69609253185916,0.0,225.6946097397961
