PrincipalComponent,coi,c1i,a1i,c2i,a2i
1,0.837278212786744,0.7089900332209672,35.824938575167494,1.4753828571549727,250.0
2,0.050897070168065,0.06824406775000141,40.79543453153399,0.0,223.3255492820201
