PrincipalComponent,coi,c1i,a1i,c2i,a2i
1,0.8121924272378668,0.4888563059798846,28.866301559682594,1.536664194672001,250.0
2,0.10447537832033987,0.17511508220312874,46.153111962888914,0.05406564385771408,222.50637050870648
