PrincipalComponent,coi,c1i,a1i,c2i,a2i
1,0.7859206587457819,0.42853579272636894,35.32247980236419,1.1451531519614353,245.19697036670692
2,0.27235869755803876,0.6089428040351722,100.0,0.056915460599422894,214.03943207638736
