PrincipalComponent,coi,c1i,a1i,c2i,a2i
1,0.8248748760993985,0.4631856290037989,32.18101934496673,1.4524408891128018,250.0
2,0.13655447517013725,0.22546090235826266,55.5693644875687,0.058481304643690654,224.13015980046103
