PrincipalComponent,coi,c1i,a1i,c2i,a2i
1,0.7875874205460371,0.6314489220043413,29.43444867428373,1.6644191505886332,250.0
2,0.05811451561040416,0.07955941864944142,39.33222874200442,0.01804642376462969,221.71497346520545
