PrincipalComponent,coi,c1i,a1i,c2i,a2i
1,0.8058593682763165,0.7060256583492097,30.839672561004488,1.7814814214131998,250.0
2,0.026333622559269815,0.03232692488511577,38.880133102138494,0.0002820372529173656,221.84006262418762
