PrincipalComponent,coi,c1i,a1i,c2i,a2i
1,0.7986446104032807,0.43816697742848476,33.432407862151486,1.3102377397041016,250.0
2,0.2030469937767999,0.3703891077225269,74.50244282162963,0.07424403225102517,224.1820910700478
