PrincipalComponent,coi,c1i,a1i,c2i,a2i
1,0.7994837262140476,0.43913841152971334,33.29177099129845,1.3286599258558296,250.0
2,0.19320266127767213,0.354567402496674,72.40889814678361,0.06571324591096726,224.4583403834054
