PrincipalComponent,coi,c1i,a1i,c2i,a2i
1,0.7941239920293143,0.44329981129567375,35.895875316186796,1.231069544445309,250.0
2,0.23523734026705434,0.4201164956909555,81.51134219332326,0.11277633530852717,222.47566075557407
