PrincipalComponent,coi,c1i,a1i,c2i,a2i
1,0.809166727691403,0.45454561862686177,33.296620596675226,1.392766280542632,250.0
2,0.16285041504028597,0.2740098516057947,62.46577011540367,0.06727651708285923,224.647078330473
