PrincipalComponent,coi,c1i,a1i,c2i,a2i
1,0.7932972968406841,0.6716941249535991,30.195116138822723,1.7111009302505624,250.0
2,0.044288717396601014,0.05729990240107467,39.0099301430953,0.007429168821298807,221.78169499010997
