PrincipalComponent,coi,c1i,a1i,c2i,a2i
1,0.7481907247046017,0.46445193566755794,37.19201066235985,0.9667365176581096,235.43964339876308
2,0.2594674835491323,0.8178641156808892,100.0,0.0,217.99448992263018
