PrincipalComponent,coi,c1i,a1i,c2i,a2i
1,0.7186686648189508,0.5008687596277285,38.282398926929424,0.8849441654582503,234.59982823848594
2,0.24961695119551558,0.8604451318598166,98.22429085235356,0.0,220.02795338524118
