PrincipalComponent,coi,c1i,a1i,c2i,a2i
1,0.7965076026856908,0.5452964217226414,29.089789734210424,1.5976877507089333,250.0
2,0.08217410859490265,0.12702949249366408,41.588715983357815,0.03821652630598254,222.01280045010867
