PrincipalComponent,coi,c1i,a1i,c2i,a2i
1,0.7929158335321177,0.43723549651551225,36.524991960366414,1.1842837783823228,250.0
2,0.2575588132315448,0.484924000860969,91.09566000893908,0.11112471370651085,219.17899961557669
