PrincipalComponent,coi,c1i,a1i,c2i,a2i
1,0.7957306394536879,0.4390833821785875,34.891084435987786,1.2649813069134623,250.0
2,0.21832111059418843,0.39224075730986546,77.10081075124414,0.10260988503601129,223.6042361676776
