PrincipalComponent,coi,c1i,a1i,c2i,a2i
1,0.8245572492494808,0.4605459506466004,56.008073753446816,0.9410208459464043,231.59696553619654
2,0.26267079672847593,0.5546480272320387,80.17176318843924,0.23398162001194356,218.27766472833602
