PrincipalComponent,coi,c1i,a1i,c2i,a2i
1,0.7002834118244131,0.5519978063333031,39.31632780363292,0.8372338924229754,233.3953880050308
2,0.28794039455572096,0.7591326565367116,100.0,0.0373382441195537,221.00724585652023
