PrincipalComponent,coi,c1i,a1i,c2i,a2i
1,0.7208944942078142,0.5196559257920442,37.20509965345983,0.9291177483862175,235.4012439559068
2,0.2991880285905472,0.6712372799109779,100.0,0.06320495152960867,218.80390710390287
