PrincipalComponent,coi,c1i,a1i,c2i,a2i
1,0.7453261071939316,0.5186146877203351,34.70562100555507,1.1477101527197955,250.0
2,0.23675379988342457,0.3691244068651325,77.50340581580845,0.11166077962706082,224.56087918729745
