PrincipalComponent,coi,c1i,a1i,c2i,a2i
1,0.673960674937592,0.5934714845233392,41.1360836300043,0.7494279946828747,233.763057495773
2,0.27620534414568343,0.8324769703147993,99.49351881650662,0.0,223.0193875680431
