PrincipalComponent,coi,c1i,a1i,c2i,a2i
1,0.7433839307087319,0.5214741876831204,35.68145625655168,1.114774154637511,250.0
2,0.2555422322162852,0.3999284512814393,82.72801732919685,0.11733305221984487,223.71327690270442
