PrincipalComponent,coi,c1i,a1i,c2i,a2i
1,0.751094991287492,0.6328206266682088,29.351400102915477,1.47202848831114,250.0
2,0.0915577011915505,0.10474198952066498,40.69680005611481,0.049027540442265954,221.98132644492455
