PrincipalComponent,coi,c1i,a1i,c2i,a2i
1,0.750198752563124,0.5183071330420559,33.63628592338105,1.1904168400158714,250.0
2,0.21870055817450204,0.3358861538247325,72.10319592266569,0.0996610968582637,224.73760399939468
