PrincipalComponent,coi,c1i,a1i,c2i,a2i
1,0.744367237414978,0.7215928188793691,29.4555262615118,1.5397256298694733,250.0
2,0.06408380679130303,0.05613653429828548,39.013900047134086,0.02762675812413426,221.7092873994701
