PrincipalComponent,coi,c1i,a1i,c2i,a2i
1,0.7349531913161468,0.5013240153013356,35.54264391621793,1.0287102696822592,242.1399373775193
2,0.2966654195167775,0.5690294600418236,100.0,0.08230376751870183,216.82376981981696
