PrincipalComponent,coi,c1i,a1i,c2i,a2i
1,0.7663706309160484,0.791556397336483,30.474971411753074,1.6632109149914749,250.0
2,0.026680822361639767,0.015020481996153691,38.74678050669917,0.004300216844108517,221.77693595788267
