PrincipalComponent,coi,c1i,a1i,c2i,a2i
1,0.7516597838642581,0.5204429260537173,33.54937603452472,1.2072605609094236,250.0
2,0.20781354028122742,0.3182544012524429,69.44119396610732,0.09388572808577562,224.78907744806855
