PrincipalComponent,coi,c1i,a1i,c2i,a2i
1,0.7635794862177652,0.5384504477529344,33.445854215641745,1.2686591538742777,250.0
2,0.17388714083789575,0.24130020182083942,59.204862270565336,0.09233365511580145,224.5421536870951
