PrincipalComponent,coi,c1i,a1i,c2i,a2i
1,0.7394987702066191,0.5157783683041213,36.30058635657425,1.0690975115955805,250.0
2,0.28192794176166625,0.47381612755694147,94.55589001130689,0.10288399591079497,221.24407133388917
