PrincipalComponent,coi,c1i,a1i,c2i,a2i
1,0.7511593603022726,0.7632963552382092,29.984154303661136,1.589049445284793,250.0
2,0.04778403857345561,0.0332614451239657,38.85098933648039,0.015244352735065615,221.74887602809457
