PrincipalComponent,coi,c1i,a1i,c2i,a2i
1,0.7810551834538225,0.5491951933774195,32.44442164522038,1.3259655397783774,250.0
2,0.14493397913051143,0.19518828304801647,52.18701917278617,0.08130265124945071,223.8402069192821
