PrincipalComponent,coi,c1i,a1i,c2i,a2i
1,0.768302013911127,0.572557710822627,30.044323619287194,1.4071658870879535,250.0
2,0.11772855762135997,0.15369527116771697,44.9979355278749,0.06522931998726196,222.67059737408164
