PrincipalComponent,coi,c1i,a1i,c2i,a2i
1,0.8585151236286533,0.48971194618867186,44.26567939952332,0.9902862141194335,214.45738712127675
2,0.17868678699017065,0.20547010884443936,32.74903505943654,0.22641053281996004,214.89007347465446
