PrincipalComponent,coi,c1i,a1i,c2i,a2i
1,0.8600621277731176,0.4890605045936083,48.323188900060956,0.9280373234739014,213.6499507478617
2,0.19557850339941713,0.22149497858642772,32.157559002862335,0.29400290873582646,215.42308710046697
