PrincipalComponent,coi,c1i,a1i,c2i,a2i
1,0.8506007597878675,0.4803288486737598,38.7530583364651,1.08767679986746,215.16701177185763
2,0.15229167557196963,0.18082055060662827,32.750381249230706,0.13120719756412036,214.03382213398973
