PrincipalComponent,coi,c1i,a1i,c2i,a2i
1,0.8220540666644826,0.6455241938106437,29.493270123563565,1.3374314187101703,250.0
2,0.05878238765482786,0.05728538762353253,39.195622380693315,9.471631696896478e-19,221.92940043301425
