PrincipalComponent,coi,c1i,a1i,c2i,a2i
1,0.8438819320000018,0.5879662517742953,31.56509801503593,1.2809066076408688,250.0
2,0.08508919420506691,0.10265464782444356,40.846202822214465,0.002214867040567194,222.6800056004896
