PrincipalComponent,coi,c1i,a1i,c2i,a2i
1,0.8071297547883166,0.725805065456308,29.12359741275285,1.3826358751854761,250.0
2,0.036255793746819885,0.020301380640538064,38.53136990238067,9.746532143458379e-19,221.6824173112026
