PrincipalComponent,coi,c1i,a1i,c2i,a2i
1,0.863672063701723,0.5101130899169363,54.90086476732675,0.8397056743782558,212.89000470926993
2,0.20452154458270289,0.2569646791108034,32.07865364435089,0.3590428173780642,216.51000056357427
