PrincipalComponent,coi,c1i,a1i,c2i,a2i
1,0.8594864477794961,0.49285533491869904,37.077219197832996,1.142985358249284,215.81823003204653
2,0.12518950665744039,0.1497563374784952,32.463854053021144,0.07936588945825117,213.8453011379643
