PrincipalComponent,coi,c1i,a1i,c2i,a2i
1,0.8576663467862192,0.6621086593460408,72.42137892752453,0.5768149465617207,215.75484150758786
2,0.21467833439949535,0.31312691307745394,36.651024634575464,0.3988636668069744,221.68629565316402
