PrincipalComponent,coi,c1i,a1i,c2i,a2i
1,0.852901925615566,0.47643968118435953,39.39898611297929,1.0730758475961246,214.9755646535004
2,0.15872234113920047,0.18931710276269578,32.77976535503196,0.14906770522981191,214.11494550788345
