PrincipalComponent,coi,c1i,a1i,c2i,a2i
1,0.7969868193826547,0.7524953863725512,28.699928719914187,1.4220141313474104,250.0
2,0.028718213388655427,0.01810119462588057,38.44444339066713,1.5184456325220131e-18,221.54354251677893
