PrincipalComponent,coi,c1i,a1i,c2i,a2i
1,0.8563840543404698,0.47943517725359697,41.81895180421923,1.029820965414812,214.7686171285602
2,0.166015424706037,0.2009217653039937,32.93147728100808,0.18870031196860548,214.5389604843432
