PrincipalComponent,coi,c1i,a1i,c2i,a2i
1,0.7851585683873792,0.7424629916124674,29.657618882332592,1.4685326745089071,250.0
2,0.04140838698650373,0.03717035879560438,38.91536555111277,0.0074134163248942755,221.778901848662
