PrincipalComponent,coi,c1i,a1i,c2i,a2i
1,0.8311805686080989,0.7411491556248402,75.6984013731636,0.43711821594415534,218.8039757617118
2,0.2122486803225518,0.3630776802019039,41.35183830110594,0.41605281481821804,223.858927218071
