PrincipalComponent,coi,c1i,a1i,c2i,a2i
1,0.8787969195960461,0.5038051196187407,36.0504449767103,1.1885546968591785,217.29495443046284
2,0.10183292707425311,0.12467209635113646,32.519657042402656,0.043940353620610724,214.0236966429368
