PrincipalComponent,coi,c1i,a1i,c2i,a2i
1,0.9443672821313543,0.6791685531194398,60.68595738087112,0.714440511266236,213.66528827160636
2,0.1474287337509741,0.15078254525125045,33.8857317499458,0.2071053404119782,218.34534700428586
