PrincipalComponent,coi,c1i,a1i,c2i,a2i
1,0.7411513622990393,0.6997086387007072,29.016624293259614,1.2898505884913405,250.0
2,0.08482513216321029,0.11613549995110267,40.01041646283702,0.022467216382424625,221.93828015513213
