PrincipalComponent,coi,c1i,a1i,c2i,a2i
1,0.9165630281749524,0.5993818226782335,42.63649894463197,0.9412930653934176,213.73474803125734
2,0.10735831537737192,0.11917121528547965,32.24002203908792,0.0886716491347325,214.43373244860686
