PrincipalComponent,coi,c1i,a1i,c2i,a2i
1,0.9702649424283841,0.8437128129184613,79.62771529365922,0.45201221021189303,213.44524795279983
2,0.15136896447205045,0.18088717606932025,35.469588472535534,0.2652999998453983,222.3664511237635
