PrincipalComponent,coi,c1i,a1i,c2i,a2i
1,0.8730872963978683,0.6001040008820593,28.75620405408589,1.1517689142482737,210.626058208232
2,0.046941721687999184,0.04732305802970454,28.64163069123763,0.0,210.2198448289166
