PrincipalComponent,coi,c1i,a1i,c2i,a2i
1,0.8407645663227082,0.7110102525130899,29.573504388915776,1.1852521635203814,250.0
2,0.036087335052909376,0.023914068324495757,38.359923853563075,0.0,221.8608903448016
