PrincipalComponent,coi,c1i,a1i,c2i,a2i
1,0.8049425664777783,0.752982163039303,28.73738755532386,1.2160008715648047,250.0
2,0.03119309491840635,0.033358350391442804,38.48677817862004,0.006475144927481614,221.6729318051581
