PrincipalComponent,coi,c1i,a1i,c2i,a2i
1,0.920215286655452,0.611868930872704,46.650530255351406,0.8882597883529255,214.00521538627595
2,0.11986726657126398,0.13152461376199848,32.92173656086317,0.11943938509469539,215.41485697610705
