PrincipalComponent,coi,c1i,a1i,c2i,a2i
1,0.9279552995912311,0.6364299286733685,51.50226918985209,0.8281698296804373,214.085777711426
2,0.13378182497138863,0.13831699652092402,33.40353343241553,0.14945431640351697,216.48575863677488
