PrincipalComponent,coi,c1i,a1i,c2i,a2i
1,0.912947413966391,0.5994114616789739,41.40380612588368,0.9582725689498744,213.74377879648546
2,0.10054629317097592,0.11120614731025871,32.05849775293542,0.07440290969232255,214.1589500903662
