PrincipalComponent,coi,c1i,a1i,c2i,a2i
1,0.8943966789283948,0.8554459771732299,73.05556435684305,0.3476373788797391,217.45027767947144
2,0.14948791656641974,0.2991449965111663,38.18502502045739,0.3296222781929024,222.420148141682
