PrincipalComponent,coi,c1i,a1i,c2i,a2i
1,0.7810836758054537,0.7416504031456487,28.925148358047053,1.2429446942473386,249.99999999999997
2,0.047288798811529975,0.06374538191115245,38.965475698957114,0.01277967861187312,221.76738614350532
