PrincipalComponent,coi,c1i,a1i,c2i,a2i
1,0.9406913274684152,0.9115142717128424,82.13384684186025,0.3127565960630149,215.89774312660506
2,0.15547140643283058,0.24842282224591067,37.18159883259895,0.3030169507215582,223.7677848931616
