PrincipalComponent,coi,c1i,a1i,c2i,a2i
1,0.9055741741139154,0.5997554406525463,38.15578834035297,1.0164959105976308,213.75352205703228
2,0.08346855403810438,0.08509545198735294,31.39835588519426,0.035304105571550795,213.40338844645356
