PrincipalComponent,coi,c1i,a1i,c2i,a2i
1,0.908449316039687,0.595169116665305,34.78677262072387,1.0729241608142184,213.5621664690927
2,0.06572741469849601,0.06718898665937609,30.68112273480687,0.009907273812575283,212.54815108378938
