PrincipalComponent,coi,c1i,a1i,c2i,a2i
1,0.8470159671614561,0.8210856798603824,64.25383542290984,0.3654021026169278,218.15748873464761
2,0.13813938319377728,0.338449622550134,38.03231164056113,0.3464459030961989,220.73283168535934
