PrincipalComponent,coi,c1i,a1i,c2i,a2i
1,0.7440047202521616,0.6089592542368631,31.28941890300592,1.2339068726328632,250.0
2,0.11809679251535089,0.19686340483214645,49.95790295003154,0.004593965087660359,224.2345350283393
