PrincipalComponent,coi,c1i,a1i,c2i,a2i
1,0.9191959233004191,0.9729303459993395,75.22215240388712,0.2909066302834908,218.2986055060547
2,0.1356722829110364,0.2280694037793674,40.5555049692077,0.28051126316562464,223.18876135280794
