PrincipalComponent,coi,c1i,a1i,c2i,a2i
1,0.8782498680921389,1.1487900668573043,80.82148636716104,0.04175654904645282,250.0
2,0.16936195451689579,0.4341381373568566,94.07199851552207,0.048303558329291556,208.5778217099899
