PrincipalComponent,coi,c1i,a1i,c2i,a2i
1,0.821637319351235,0.6789411845431289,32.1758137476926,1.1592972440547142,250.0
2,0.052090200924586876,0.08424248468878191,42.39435983301191,0.00413077623015733,223.12882082293683
