PrincipalComponent,coi,c1i,a1i,c2i,a2i
1,1.012502656097638,1.198407125686793,97.77944196799878,0.11799911740047642,217.21946001616274
2,0.134306159840608,0.08518689854249016,43.8524783180066,0.17695589857140015,228.206280965587
