PrincipalComponent,coi,c1i,a1i,c2i,a2i
1,0.9919172708231457,0.7910042203075275,65.2438822132135,0.6827299534422504,216.18042952930168
2,0.09243635447619519,0.05845637318953665,37.67097278909117,0.0779844692344242,220.55814535328375
