PrincipalComponent,coi,c1i,a1i,c2i,a2i
1,0.9716749322519419,0.6579805961823837,46.58096415406285,0.9431601340037734,214.66373794264425
2,0.052778616183352445,0.02393787852152948,33.36041626124819,0.01644512550169339,215.71005443396118
