PrincipalComponent,coi,c1i,a1i,c2i,a2i
1,0.9976992733969836,0.8675798159965716,72.8789208957269,0.5660769740894449,216.90797121969985
2,0.10182191121753269,0.06722735054346043,39.37894227001198,0.10305275899606185,222.52402502253838
