PrincipalComponent,coi,c1i,a1i,c2i,a2i
1,0.7792625614050804,0.6446635579334214,31.538230815784882,1.1926688748887868,250.0
2,0.08542861428994804,0.14235063265847303,46.07462006529227,0.0,223.65662176893963
