PrincipalComponent,coi,c1i,a1i,c2i,a2i
1,0.8906659946036032,0.622687476672879,33.48188492951738,1.108301428340573,213.8276958757739
2,0.03007833663803388,0.029216168557299783,30.461235608443854,0.009788604633115471,212.29906280325594
