PrincipalComponent,coi,c1i,a1i,c2i,a2i
1,1.00907443194594,0.9923098336986078,83.05622546782439,0.3977072027572751,217.51194603425108
2,0.11251355583847686,0.07182194639876781,41.324073240171316,0.12882551041595297,225.01356605779543
