PrincipalComponent,coi,c1i,a1i,c2i,a2i
1,1.0026628095398546,1.1076621933878579,92.47915251824551,0.19542748611848648,215.45284261348291
2,0.14096541672723764,0.12186328342409422,42.0870322572178,0.22308847832937762,226.22593702245086
