PrincipalComponent,coi,c1i,a1i,c2i,a2i
1,0.9334470159025053,0.6210274480639891,37.399278766164635,1.0545383240676796,213.64055824947644
2,0.038438838041182324,0.020748124711933883,31.198959689141375,0.007118134042785713,213.19557708478806
