PrincipalComponent,coi,c1i,a1i,c2i,a2i
1,0.9776160371093882,0.7070819764271608,53.92479991523497,0.8431605211622433,215.46449193749248
2,0.0655828027258965,0.03462273533780374,35.10241858879019,0.03543104411948524,217.70472609920142
