PrincipalComponent,coi,c1i,a1i,c2i,a2i
1,0.9707598980165297,1.0265982657652457,82.93125502874764,0.2554279872556191,217.16452004073147
2,0.13666655998358335,0.17831450983076919,41.09619282280252,0.25606462201205,224.54636802581155
