PrincipalComponent,coi,c1i,a1i,c2i,a2i
1,1.087156995493842,1.1258718146683369,100.0,0.2780649829246378,208.0082109354519
2,0.06273726328043466,0.04174303259570833,42.244304151658056,0.027984236623365154,226.49605157764617
