PrincipalComponent,coi,c1i,a1i,c2i,a2i
1,1.0726330384504332,0.6847174190845944,67.46581105313712,0.8197497124448588,209.85941312231466
2,0.0354000067772087,0.029821117513298055,36.33982472199325,0.0012031331209289163,219.32059620865252
