PrincipalComponent,coi,c1i,a1i,c2i,a2i
1,0.7596617656535759,0.4898697665816566,29.256095082458025,1.2559540149452837,250.0
2,0.16328970624291142,0.25293528881727645,59.684126025110416,1.9358587464312574e-17,225.47760165569005
