PrincipalComponent,coi,c1i,a1i,c2i,a2i
1,1.0858719646348394,0.909034103076138,87.38883116970698,0.5356707776011559,209.70503158684298
2,0.043895398364896004,0.032382307491860156,40.28152003406118,0.009701771033948803,224.04239000700554
