PrincipalComponent,coi,c1i,a1i,c2i,a2i
1,0.9234526250411556,1.0532284509109993,76.2609095101978,0.25336154467336874,217.715179362537
2,0.13025376373618447,0.192997875750762,39.96161011710368,0.24628403612724115,223.2594338271041
