PrincipalComponent,coi,c1i,a1i,c2i,a2i
1,0.8062018959050619,0.4434492018067954,28.823720110336076,1.2097291694613415,210.7295161924001
2,0.098084364527366,0.18885214663743033,28.753322749282916,0.05313391987981446,210.26191678592923
