PrincipalComponent,coi,c1i,a1i,c2i,a2i
1,1.078871566697099,1.1571798896609353,100.0,0.24184518030518704,207.26601881279933
2,0.07872760836542969,0.050688698032143265,41.85727233634979,0.05471096630146755,226.16108373733044
