PrincipalComponent,coi,c1i,a1i,c2i,a2i
1,1.0220325420630105,1.171805375863631,94.23387096829084,0.1605560497153873,210.95119326748187
2,0.1332326071325442,0.12922120262456435,40.66528507340932,0.19632134906419585,225.37690836232605
