PrincipalComponent,coi,c1i,a1i,c2i,a2i
1,1.0493269610999056,1.2479659858093493,100.0,0.1122892602181568,203.4473961421177
2,0.1265118080136174,0.07190503620784487,39.581162304232016,0.17478758980165168,224.57250659917943
