PrincipalComponent,coi,c1i,a1i,c2i,a2i
1,1.001309079134735,0.5336623821471765,40.58577492996058,1.07797431342477,210.02883160228657
2,0.031156550517989826,0.032519948777712714,30.987194859766518,0.005614417319980725,212.92240530084572
