PrincipalComponent,coi,c1i,a1i,c2i,a2i
1,1.0668655006065049,1.2029914276069031,100.0,0.1777447136364716,203.8244630026984
2,0.10648736625240703,0.05495050320153348,40.16762510084313,0.12327046209798868,224.90162158863365
