PrincipalComponent,coi,c1i,a1i,c2i,a2i
1,0.979217938815689,1.1063898268843675,85.2192307191565,0.21608635711483123,215.17589111017475
2,0.12792662491421739,0.16387469676728317,40.67568403125549,0.22352327305176303,224.57052223797908
