PrincipalComponent,coi,c1i,a1i,c2i,a2i
1,1.0881577765780277,1.1340511390022852,100.0,0.26956136920171636,207.38158615463655
2,0.0676600719617803,0.04467727727879285,42.044917328390355,0.03567819115229426,226.27512713240222
