PrincipalComponent,coi,c1i,a1i,c2i,a2i
1,0.8373856471020155,0.4810014641381458,28.812700359667804,1.186945102523057,210.70083346556837
2,0.07856661911492033,0.13351605483976678,28.717222765520514,0.03820454545567374,210.25233126305068
