PrincipalComponent,coi,c1i,a1i,c2i,a2i
1,1.1465210367935488,1.1508791604203659,100.0,0.22542366086691798,210.01683785826998
2,0.048355143188909135,0.04051455862382921,43.010729844585875,0.02014819645345104,227.14361411913896
