PrincipalComponent,coi,c1i,a1i,c2i,a2i
1,1.1115865153701996,1.0361347048826142,100.0,0.31623038804732595,210.70383618852267
2,0.07244764097832619,0.06075071372694615,43.592738934851994,0.04514071418341803,227.39264068331966
