PrincipalComponent,coi,c1i,a1i,c2i,a2i
1,0.8727945089182538,0.42485930469994937,49.54562259873139,0.9831925693098873,219.15911038771722
2,0.19628728416203142,0.25971227049670087,42.951424744131195,0.1081850881217404,218.70132748026154
