PrincipalComponent,coi,c1i,a1i,c2i,a2i
1,1.1599968671538736,1.3902073622619884,100.0,0.06749111410417186,203.88099114132453
2,0.07066721191306075,0.030784423121041373,41.14989362600295,0.04784282843498678,225.1617837315035
