PrincipalComponent,coi,c1i,a1i,c2i,a2i
1,1.1450545577369473,1.4416276200930258,100.0,0.014293318566025304,203.76748999712876
2,0.0902500964619199,0.04197750661750224,41.14659155447239,0.08355706822552655,225.0658356426597
