PrincipalComponent,coi,c1i,a1i,c2i,a2i
1,1.1604371837990672,1.3803118620896095,100.0,0.07177175408105296,206.31441935102924
2,0.06041646809774958,0.026728808812516484,41.83046994074056,0.024064751864462317,225.92634267189766
