PrincipalComponent,coi,c1i,a1i,c2i,a2i
1,1.0182717121390392,0.6836842709327416,78.0466141487279,0.6908947156225138,213.2536088503104
2,0.12360236759865448,0.11299270320743535,41.61616597217404,0.07300673073955266,223.05492901386543
