PrincipalComponent,coi,c1i,a1i,c2i,a2i
1,1.1641053317762713,1.3164689202323265,100.0,0.11408704128133652,208.01287650375752
2,0.04635120067391781,0.02688150379348102,42.343160379848484,0.007246144957065725,226.48873047261696
