PrincipalComponent,coi,c1i,a1i,c2i,a2i
1,0.8462538048172159,0.4098935830270808,50.802176697868425,1.0033141795813774,222.9593226796772
2,0.2239873591927492,0.30677804441250317,49.314312327852946,0.11759338870516776,220.6171161053075
