PrincipalComponent,coi,c1i,a1i,c2i,a2i
1,1.1616761241342424,1.348167116527701,100.0,0.0945714661134517,207.38507672180143
2,0.051436529360705384,0.027614043176401096,42.15975304085947,0.012805604422273522,226.2735892554974
