PrincipalComponent,coi,c1i,a1i,c2i,a2i
1,0.9054422250508278,0.4689176321316968,50.91220142029248,0.9477736812194185,216.44088536207937
2,0.17395744052173082,0.1940154430245149,39.21957844629322,0.10718667332657018,217.7876863844854
