PrincipalComponent,coi,c1i,a1i,c2i,a2i
1,1.0350440832897219,1.3705615398004314,88.71521799876348,0.0,236.4399332754355
2,0.13002334335784077,0.23135159450533452,100.0,0.02905647238835401,222.64656467816087
