PrincipalComponent,coi,c1i,a1i,c2i,a2i
1,1.1608238600289016,1.3034346580086817,100.0,0.120079027296953,208.50642803728437
2,0.0431397104021029,0.026824383671026856,42.46519887778674,0.004981570032436505,226.64454848130603
