PrincipalComponent,coi,c1i,a1i,c2i,a2i
1,1.1329033970097384,1.4234044633559702,100.0,0.0,210.27417624599863
2,0.0972617348730578,0.09197671000102305,42.971817598305904,0.09819498016684716,226.87760915459006
