PrincipalComponent,coi,c1i,a1i,c2i,a2i
1,1.0892405602008801,1.3735225135290121,95.61497565915039,0.025366670275987057,214.69748294726926
2,0.09561001922673641,0.15624375446093108,43.52652844028236,0.09617760724488764,227.134812404299
