PrincipalComponent,coi,c1i,a1i,c2i,a2i
1,1.045144714245501,1.2245962203667657,100.0,0.23576803570003055,198.31829250115086
2,0.10952824180070503,0.07957918721194918,38.60727330589803,0.15842352067540053,223.37286380760497
