PrincipalComponent,coi,c1i,a1i,c2i,a2i
1,1.1517548082851594,1.4076789100041085,100.0,0.2573994392999985,186.9847233255824
2,0.04140907211350512,0.03452248856814661,36.997319355017524,0.04295871132382193,220.25340299856825
