PrincipalComponent,coi,c1i,a1i,c2i,a2i
1,1.1703691362143476,1.4007974021976308,100.0,0.3123624486042785,179.13330136634195
2,0.03595516030397205,0.029506840676088643,35.10429732855325,0.02729587575031535,217.98487214860535
