PrincipalComponent,coi,c1i,a1i,c2i,a2i
1,0.7466987918979416,0.4084958864605096,40.373481754532456,0.9119297408332757,211.9666788921478
2,0.24574249573402843,0.2766485122571016,31.095595167435203,0.48555216766667275,212.18462726285404
