PrincipalComponent,coi,c1i,a1i,c2i,a2i
1,1.127578234204577,1.7296821195682552,100.0,0.0,201.32234554579153
2,0.03968656638774189,0.05933661672328266,40.87478155191874,0.06736489620784633,224.30449420777853
