PrincipalComponent,coi,c1i,a1i,c2i,a2i
1,0.9667594932363166,1.0175320154908842,100.0,0.2961629631915524,199.18046129963383
2,0.16902184287105013,0.12119461220876762,34.76970201039946,0.29406012902641215,222.91065788018878
