PrincipalComponent,coi,c1i,a1i,c2i,a2i
1,0.789195123121418,0.4566521805985064,47.280525920850714,0.8605070686022189,210.3986235953508
2,0.22810294700461548,0.22981972769487918,29.538552144382223,0.4564455172506993,213.14247362490744
