PrincipalComponent,coi,c1i,a1i,c2i,a2i
1,1.1169354116526715,1.35555414107255,100.0,0.2250917117177469,194.14126102325483
2,0.06178745874364354,0.04379876723754684,38.451832119059716,0.08604503895380027,222.31410373827785
