PrincipalComponent,coi,c1i,a1i,c2i,a2i
1,1.0872937109799854,1.6987090239662785,95.93219245899824,0.0,210.0263798316986
2,0.046426578733642275,0.07173541808494271,42.144888741787064,0.09743199675894729,225.83423543340587
