PrincipalComponent,coi,c1i,a1i,c2i,a2i
1,1.1328648963775734,1.3957224218092819,100.0,0.23249937145925145,191.72581976917363
2,0.05096790193536858,0.03522433552116316,38.05767894452912,0.06097245878414633,221.62805628679206
