PrincipalComponent,coi,c1i,a1i,c2i,a2i
1,0.9083194459885527,0.8581973702885074,98.0600919229493,0.3954627932336477,200.19192254008274
2,0.19385918558782914,0.17113791443011353,30.367035172449654,0.3690120217043133,221.2112700637636
