PrincipalComponent,coi,c1i,a1i,c2i,a2i
1,1.1790849805786918,1.4688774895726606,100.0,0.28584341110551853,177.37010783005942
2,0.03352135468852353,0.02996225919984874,34.65747333196313,0.026613971692672506,217.4615406883581
