PrincipalComponent,coi,c1i,a1i,c2i,a2i
1,0.7153620204713159,0.3966215302834451,38.892877584707485,0.935451842460865,213.82718220234128
2,0.273721672702558,0.2949599113815936,34.25217201468935,0.524596491216326,211.9313025475608
