PrincipalComponent,coi,c1i,a1i,c2i,a2i
1,1.1516043807850491,1.6856341791183076,100.0,0.06408185226054353,191.6433586929037
2,0.038889631344699874,0.041094567688312045,38.288068077642315,0.04631435426897635,221.5410814353085
