PrincipalComponent,coi,c1i,a1i,c2i,a2i
1,1.10078397279918,1.3301439150085803,100.0,0.22261247783552926,195.01804805187632
2,0.06983394063594818,0.0517772160475967,38.56058407634961,0.09988910828616696,222.55801702992932
