PrincipalComponent,coi,c1i,a1i,c2i,a2i
1,1.0161082156287427,1.1269892160882329,100.0,0.2584219109272535,198.95537546531855
2,0.13626072814301904,0.10035414015091662,37.61783450808778,0.2163369604238883,223.36089206323842
