PrincipalComponent,coi,c1i,a1i,c2i,a2i
1,1.1306641184624444,1.3379184921793994,100.0,0.18986118324126763,204.85180429120763
2,0.04385728904538703,0.020428170598839605,41.473958071063116,0.029695903311141702,225.54511181561716
