PrincipalComponent,coi,c1i,a1i,c2i,a2i
1,1.1398976230331916,1.348128602690934,100.0,0.19456429959822966,203.9093332970856
2,0.0415435617867506,0.020304972704839837,41.24222480818282,0.02385679889643594,225.24922658140804
