PrincipalComponent,coi,c1i,a1i,c2i,a2i
1,0.8375067593038094,0.4968142175667241,55.965051229296115,0.8844334535278775,214.6643026131519
2,0.21884934234176232,0.19129738833935184,37.078293427473156,0.25925978957706225,217.85646904732502
