PrincipalComponent,coi,c1i,a1i,c2i,a2i
1,1.0196357749833884,1.0567426306962535,100.0,0.3093030387306917,208.68790544776803
2,0.1295985129881738,0.07042421003142121,41.60884545698779,0.1523399727201324,226.6948435902064
