PrincipalComponent,coi,c1i,a1i,c2i,a2i
1,1.143788016454441,1.3757306764401451,100.0,0.19099832688019872,202.5823583203156
2,0.04008865182691575,0.022342454212083376,40.9233635617363,0.01609602215668799,224.8444576588715
