PrincipalComponent,coi,c1i,a1i,c2i,a2i
1,1.103901572543581,1.2576695084313791,100.0,0.21733647130414135,206.8461340643062
2,0.05851720828485964,0.031506979543349835,41.946099408640634,0.058255624389051866,226.16260445201956
