PrincipalComponent,coi,c1i,a1i,c2i,a2i
1,0.7983277588051614,0.4344461280313343,49.96565317453358,0.9480938119582392,216.50560623255154
2,0.2389859434020314,0.24937846943511485,39.35716369588655,0.27316784957482165,217.25806072522084
