PrincipalComponent,coi,c1i,a1i,c2i,a2i
1,0.9505987692075871,0.9312826685062953,100.0,0.3882812357848876,211.26509450603783
2,0.1760640474959441,0.12128947775215282,42.18079234622572,0.19785503011588418,227.26889209202068
