PrincipalComponent,coi,c1i,a1i,c2i,a2i
1,1.079140793844388,1.1675897334963419,100.0,0.2539065191718394,207.48087035807333
2,0.08291406886105898,0.047987963949601684,41.906599463788915,0.09618206167419906,226.36181448599808
