PrincipalComponent,coi,c1i,a1i,c2i,a2i
1,0.7733996435818773,0.4134578761711393,49.64044989501718,0.9760136600627021,220.31421425023163
2,0.264208457802332,0.2957091473698686,46.509895702477955,0.28421144305883994,218.60669735877673
