PrincipalComponent,coi,c1i,a1i,c2i,a2i
1,1.1571578382874255,1.3942661806438637,100.0,0.2157465413270967,196.23854610686715
2,0.04485279215483983,0.02928988663141189,39.31467532720803,0.018912775308492072,222.9515331451649
