PrincipalComponent,coi,c1i,a1i,c2i,a2i
1,1.151638862692838,1.4358557277950827,100.0,0.19148011357558217,194.4041187078531
2,0.05409822749452705,0.04397898715653022,38.93560656214377,0.03307454956675366,222.39736134333947
