PrincipalComponent,coi,c1i,a1i,c2i,a2i
1,1.1526021055069675,1.3958626787882704,100.0,0.19120042077010635,200.34840865398994
2,0.039281339104066004,0.024134561710254455,40.360579947046446,0.014114538455280087,224.17321048125893
