PrincipalComponent,coi,c1i,a1i,c2i,a2i
1,1.1151209530095885,1.5922163176700659,100.0,0.008339922711957642,202.55007915084835
2,0.0676451040886618,0.06906325390176389,41.19288667602665,0.060902402866237826,224.74358635020542
