PrincipalComponent,coi,c1i,a1i,c2i,a2i
1,1.0972100488299288,1.5704284637681738,100.0,2.3997927554909328e-18,209.2511575107157
2,0.07213937641309674,0.08898762237665356,43.109737322619274,0.09211657360784589,226.67652218491727
