PrincipalComponent,coi,c1i,a1i,c2i,a2i
1,0.8640435436463891,0.6090589370595219,70.6836207216095,0.6919554428404823,191.4367283283887
2,0.16232275762153625,0.16572382139277944,10.859819343503617,0.5493299536438088,210.59679655960784
