PrincipalComponent,coi,c1i,a1i,c2i,a2i
1,0.7865740381923036,0.5251109036323052,57.30374876203833,0.7503478792148289,201.21613542160364
2,0.20759611499964936,0.20368570082409213,15.650006105829995,0.6483891416440204,212.83516653852138
