PrincipalComponent,coi,c1i,a1i,c2i,a2i
1,1.0776847013067332,1.2837931161666685,100.0,0.30766688313059903,175.92325551505633
2,0.10216141594381142,0.03644973024499295,33.06248115669434,0.20219514368292069,217.37325540094534
