PrincipalComponent,coi,c1i,a1i,c2i,a2i
1,0.9416100236490078,0.7881759785713469,86.28345114768679,0.5519919826936238,192.90372229896386
2,0.1850523867835072,0.10900440988651806,28.27972382906674,0.4323423614986037,219.43573664043944
