PrincipalComponent,coi,c1i,a1i,c2i,a2i
1,0.9978077287594391,0.9946198665482663,97.7861757086009,0.3981789990742472,189.20406284855184
2,0.16171666669000076,0.09312461290032707,32.77055519238807,0.34181128324166854,220.9786905885857
