PrincipalComponent,coi,c1i,a1i,c2i,a2i
1,0.6589215367515817,0.4154642063054021,28.570302328743434,0.9566002358824578,201.5123540812681
2,0.21424775638497504,0.2639255497539716,13.151397177973912,0.7495614474176502,202.19094246648498
