PrincipalComponent,coi,c1i,a1i,c2i,a2i
1,1.0598259234749767,1.2750799843656697,100.0,0.285319379110894,178.31725233086286
2,0.11158408801727572,0.04155468124577016,33.38542290067731,0.22223115061851187,218.0893237518861
