PrincipalComponent,coi,c1i,a1i,c2i,a2i
1,1.0175662227094555,1.1660133700826274,100.0,0.2980805869696575,186.36522597084416
2,0.14215365637533992,0.06680437908968082,34.181274165270956,0.2869787741433459,220.5269059539966
