PrincipalComponent,coi,c1i,a1i,c2i,a2i
1,0.7403234494654908,0.4496993091215097,45.18048574008617,0.8475929112474492,204.8648402933542
2,0.221934336180154,0.24342904096454687,18.372067932015344,0.6818758725777834,210.55947245992203
