PrincipalComponent,coi,c1i,a1i,c2i,a2i
1,1.102396347949922,1.2952302260766768,100.0,0.35603641654271595,170.47791955964976
2,0.08490282928941988,0.027843130146494033,32.35635931673982,0.1621807752353653,215.74876516266565
