PrincipalComponent,coi,c1i,a1i,c2i,a2i
1,1.1967277795897024,5.372964511615347e-16,96.5605195190709,1.8323930870550467,115.11920590897238
2,0.036429848603598415,0.015038227911185491,18.634997718919937,0.04790658647794688,198.83640360788388
