PrincipalComponent,coi,c1i,a1i,c2i,a2i
1,1.1351456020143433,1.224950522346338,100.0,0.4766334002485624,156.64328994504356
2,0.06496427351487315,0.02484691515053418,29.235405843621578,0.12699627534461486,211.71914261103663
