PrincipalComponent,coi,c1i,a1i,c2i,a2i
1,1.1800142070233972,0.0,95.14878046599918,1.7580459970546076,115.57466385358701
2,0.04230233304981721,0.02038701317517396,18.174979664249012,0.08024767764834065,198.68823600683172
