PrincipalComponent,coi,c1i,a1i,c2i,a2i
1,1.1651726594075291,1.5751361172893719,100.0,0.30960614523717067,164.77224910767387
2,0.03783823738023063,0.014535845571601444,31.586665544000333,0.044237130952886644,213.89009101915394
