PrincipalComponent,coi,c1i,a1i,c2i,a2i
1,1.1221359828764708,1.82188205791966,100.0,0.05717042544642755,185.21807987494913
2,0.0374631560165778,0.025475116027366868,36.6186953593747,0.06038896038824024,219.69049428101889
