PrincipalComponent,coi,c1i,a1i,c2i,a2i
1,1.0997747633674229,1.84344135380718,100.0,7.046907640107015e-17,199.32799052575768
2,0.04256803930345411,0.03307935460633967,40.16631309114226,0.08573641841401253,223.68552749933426
