PrincipalComponent,coi,c1i,a1i,c2i,a2i
1,0.7052109657524491,0.4524015046869371,45.27199525625264,0.8393343155762407,217.3283980580066
2,0.21987383940164007,0.4297175375523049,45.84452260062386,0.5782530882268556,215.36002875586075
