PrincipalComponent,coi,c1i,a1i,c2i,a2i
1,1.0048024606222943,1.3477127989664281,100.0,0.15666686761959084,203.54020641839847
2,0.08759143856419559,0.17999249405258017,42.390481060541624,0.22023898491108954,225.1134892206701
