PrincipalComponent,coi,c1i,a1i,c2i,a2i
1,0.7711800352237806,0.5456719461758743,57.27766569687146,0.694253151722587,213.1287587532594
2,0.17756354336484598,0.3386823858669937,37.34761240664522,0.5783129524752717,217.0831960202352
