PrincipalComponent,coi,c1i,a1i,c2i,a2i
1,0.8867639563149152,0.8036739759171647,80.41638838595827,0.4906082173503123,208.54979196409317
2,0.14709184689844498,0.2348579238122779,38.06255789014904,0.439090740984296,221.4208189406361
