PrincipalComponent,coi,c1i,a1i,c2i,a2i
1,0.8323169920007787,0.6802876408114464,72.29522041804864,0.5724046029953981,209.65059547140893
2,0.16261397020689217,0.27034170024671156,36.755386605634165,0.5136140004292934,219.54850497192828
