PrincipalComponent,coi,c1i,a1i,c2i,a2i
1,0.731936379750962,0.47123126389016096,46.95322689505487,0.7936536803612428,214.26907285886992
2,0.18808028385791353,0.3878580865484977,38.4168792600629,0.5911176410152363,215.210077184127
