PrincipalComponent,coi,c1i,a1i,c2i,a2i
1,0.9945536659033842,1.3022807796849238,100.0,0.17311803102263623,204.02305532628534
2,0.09179055644958144,0.19293762642242193,42.74476366844508,0.23023960683258476,225.28534497709234
