PrincipalComponent,coi,c1i,a1i,c2i,a2i
1,0.9330629479737913,0.9674472053022733,90.02779497547962,0.37155559850241787,207.48603898766825
2,0.12952933847256598,0.22959083409587266,41.429072196186674,0.349914005811548,223.65344900509527
