PrincipalComponent,coi,c1i,a1i,c2i,a2i
1,0.9569142966616901,1.1233448058653992,95.77250757109755,0.2731304454481434,206.4786122224536
2,0.11231598564750861,0.21795802846051146,42.704098961144844,0.2874813126141221,224.88167320054876
