PrincipalComponent,coi,c1i,a1i,c2i,a2i
1,1.014002836628727,1.4379206713181119,100.0,0.12224064374998792,202.21791774443102
2,0.08064779247708842,0.1571101867837595,42.013428399720354,0.198955071079725,224.73861635023815
