PrincipalComponent,coi,c1i,a1i,c2i,a2i
1,1.0827316494372627,1.7396451215500868,100.0,0.08280238974997609,193.76709831182544
2,0.04314740054690433,0.06597174106712826,39.228786450717955,0.09144893361530912,222.21154901522996
