PrincipalComponent,coi,c1i,a1i,c2i,a2i
1,1.025716087925255,1.522181052294433,100.0,0.09173638854197923,199.26464328093795
2,0.07509818589925282,0.1363713586046216,41.384734528676596,0.18039826006404325,223.88911278069457
