PrincipalComponent,coi,c1i,a1i,c2i,a2i
1,1.0494018160323828,1.6090288528040957,100.0,0.09827561568187194,194.50000437967677
2,0.06373048134147184,0.10165279116013592,39.92048214293058,0.14300768247890927,222.49565073707632
