PrincipalComponent,coi,c1i,a1i,c2i,a2i
1,1.0740273066684707,1.94329675640223,98.26459254641598,1.567226157006702e-16,209.00939925890407
2,0.026722076278411916,0.03317398901522057,42.16378295133592,0.030801001416006623,226.0423853570485
