PrincipalComponent,coi,c1i,a1i,c2i,a2i
1,0.7109566921882042,0.7954335602404904,66.25067645204737,0.34018650529320155,237.9501596347573
2,0.18921384547222717,0.5193631652769845,70.80666120628328,0.37747994697036824,217.03565464424418
