PrincipalComponent,coi,c1i,a1i,c2i,a2i
1,0.6492523585948362,0.6448309182562211,52.60291696211454,0.556299984178436,232.7941572068574
2,0.21766603805669418,0.688595204327642,78.3456786106633,0.29742279433290936,221.95720327730982
