PrincipalComponent,coi,c1i,a1i,c2i,a2i
1,0.8973483848031252,1.4082028078711797,88.25176647345135,0.0,246.05802781480395
2,0.11068530072679916,0.41178419763173674,100.0,0.015910341483543852,211.23582660967585
