PrincipalComponent,coi,c1i,a1i,c2i,a2i
1,0.8851410890958255,1.3815280440608562,87.98999076413895,1.541213536023226e-17,246.76225674756145
2,0.11459129475826038,0.43372569757688967,100.0,0.011438062619854628,211.6180248432382
