PrincipalComponent,coi,c1i,a1i,c2i,a2i
1,0.7529679337108424,0.9562807116790909,75.94548450185685,0.20229967825541698,250.0
2,0.18493338685564795,0.48400157883734113,84.35122487232167,0.2676961174959142,207.93777610436786
