PrincipalComponent,coi,c1i,a1i,c2i,a2i
1,0.8501670510450536,1.297206231900744,87.5284226895172,0.0021614896746897897,250.0
2,0.13220809988063834,0.5050243887337097,100.0,0.002027459447206221,210.46912498697557
