PrincipalComponent,coi,c1i,a1i,c2i,a2i
1,0.6838109114117726,0.7166501751861973,60.17382123305532,0.42985839569501055,232.38729915904068
2,0.1951109520231956,0.5582404987661888,67.33919494673636,0.4088822150843536,220.2118550334822
