PrincipalComponent,coi,c1i,a1i,c2i,a2i
1,0.832560873367774,1.200747593720265,85.55617268700449,0.039934647528076586,250.0
2,0.15090882270108624,0.5230894607269259,100.0,0.04339727482591962,207.6965112188889
