PrincipalComponent,coi,c1i,a1i,c2i,a2i
1,0.9124662178883166,1.4596568810327462,88.9130995188271,2.6840684837669437e-17,243.24627925771614
2,0.10355476772573856,0.36985986374121377,100.0,0.024655713673189666,213.53121772574482
