PrincipalComponent,coi,c1i,a1i,c2i,a2i
1,0.7965431436637069,1.0927256935798042,81.81520182876942,0.09834635645901546,250.0
2,0.17372314833520505,0.5161626451743433,100.0,0.12647825682550762,197.0725414405939
