PrincipalComponent,coi,c1i,a1i,c2i,a2i
1,0.9316878927096263,1.5063596825236647,89.69350395734554,3.1947858946183116e-17,240.21736408003608
2,0.09762715763114448,0.3338324060935048,100.0,0.03301229446269937,215.88290534461706
