PrincipalComponent,coi,c1i,a1i,c2i,a2i
1,0.9924632506338918,1.650808543068023,91.31986838053962,0.05010681191341573,216.449974139227
2,0.036635397838213235,0.16683643069344953,43.23999300407383,0.11627595841402294,226.56548168868557
