PrincipalComponent,coi,c1i,a1i,c2i,a2i
1,0.9634639160254095,1.9262367177486923,86.29591338131368,3.8843762930682574e-17,218.65531883520362
2,0.029679726524208205,0.03559547105307945,42.277912957589656,0.05988296438474916,226.0208884045335
