PrincipalComponent,coi,c1i,a1i,c2i,a2i
1,0.7797759824297783,1.1502243694331342,77.12148833951787,0.08285359137787543,250.0
2,0.11342092838474135,0.49361875661829946,100.0,0.09548000666217614,193.5945562777437
