PrincipalComponent,coi,c1i,a1i,c2i,a2i
1,0.6983724180972775,0.8536213903027514,68.08352125812803,0.2533994426547886,250.0
2,0.14860980527416326,0.5100198655000475,80.95055833534468,0.29852556261635754,205.90822333807188
