PrincipalComponent,coi,c1i,a1i,c2i,a2i
1,0.6435977399579152,0.6703369734019027,58.87523450561333,0.4264128922078574,239.5559333984757
2,0.1646556961459764,0.6288962682432693,71.17723574823907,0.35190858321760604,215.20522569499718
