PrincipalComponent,coi,c1i,a1i,c2i,a2i
1,0.8213157967175044,1.263500772366675,78.83874546761346,0.06686297372930462,250.0
2,0.09289470925493405,0.42722740718104324,100.0,0.09052797715549771,190.0835036962833
