PrincipalComponent,coi,c1i,a1i,c2i,a2i
1,0.7679945346786438,1.076931773841821,76.73711491116242,0.09640683997184897,250.0
2,0.1270433672605272,0.5394540720196278,100.0,0.09969743542296551,195.6888591398779
