PrincipalComponent,coi,c1i,a1i,c2i,a2i
1,0.6228913247427296,0.6533384788130271,59.02017283751269,0.4715071817321717,238.36591319542
2,0.17895091223015086,0.6711589341584894,71.87217658265487,0.3499804058151021,217.2783529197871
