PrincipalComponent,coi,c1i,a1i,c2i,a2i
1,0.8106431594340943,1.237918387755628,78.48949028160304,0.06802429473643072,249.99999999999997
2,0.09610766659593244,0.44711511367144685,100.0,0.08599508486378907,192.20776710222268
