PrincipalComponent,coi,c1i,a1i,c2i,a2i
1,0.6699983663981813,0.7348007945264847,63.526931397631216,0.3428472562327165,243.40355056297298
2,0.15462687228424843,0.5957867367791191,74.64952839540534,0.32997709545117676,213.4292046456579
