PrincipalComponent,coi,c1i,a1i,c2i,a2i
1,0.7405913893447181,0.9907278577822117,75.2432746036907,0.13329138588108438,250.0
2,0.1429919891229655,0.5727853637045529,100.0,0.1301159201664748,193.07407796650318
