PrincipalComponent,coi,c1i,a1i,c2i,a2i
1,0.9041360294615336,1.5822314079212765,86.33809514843475,0.0,250.0
2,0.0501273480353407,0.3180460061209136,99.19168503723311,0.03191901726741461,192.22399157888105
