PrincipalComponent,coi,c1i,a1i,c2i,a2i
1,0.8818423319207954,1.4724200398971155,85.3445241171337,0.008616215079270663,250.0
2,0.062367787859521316,0.38443815387699176,100.0,0.02627743577477371,194.35066076322045
