PrincipalComponent,coi,c1i,a1i,c2i,a2i
1,0.8544977210247957,1.3788884769209948,82.22837641132816,0.03381324132275197,250.0
2,0.07487129314040641,0.41229734155790493,100.0,0.048638256723880426,193.18515147445262
