PrincipalComponent,coi,c1i,a1i,c2i,a2i
1,0.9004429611821891,1.622753306094727,81.22760575028319,0.12079159612433243,219.36819208787264
2,0.02816712574544592,0.12822653932500502,41.6328834201063,0.14554998246052128,225.10172563374627
