PrincipalComponent,coi,c1i,a1i,c2i,a2i
1,0.8818841130688715,1.8102677338252213,82.66344218009412,0.029837479085061666,220.10467693601703
2,0.013604881979497762,0.10684659825834213,42.13986114972491,0.06960210093352709,225.70166015841787
