PrincipalComponent,coi,c1i,a1i,c2i,a2i
1,0.5211942994619587,0.6460112240754763,69.0782652648472,0.000597309225661724,230.21467548640504
