PrincipalComponent,coi,c1i,a1i,c2i,a2i
1,0.9526014287770703,0.81399311438177,100.0,0.3957681377976716,221.7736469452087
2,0.23841660213302715,0.4597408532047726,73.88699804586689,0.05943661586756185,232.24065606979934
