PrincipalComponent,coi,c1i,a1i,c2i,a2i
1,0.9688785975197847,0.8146993964570561,100.0,0.4278959629100591,221.72828574098372
2,0.21763913535133772,0.4397195092685256,74.31220263519585,0.005262720952784614,233.10499720186752
