PrincipalComponent,coi,c1i,a1i,c2i,a2i
1,0.9446659926769603,0.8110133032181778,100.0,0.3942177364886733,221.64749111254187
2,0.2401533673597721,0.47817303961819146,75.79783388264282,0.05830836855701935,232.0914249189049
