PrincipalComponent,coi,c1i,a1i,c2i,a2i
1,0.994176558656178,0.8734157756371164,84.43103360241814,0.4589440208932022,221.6042471265611
2,0.1513416388876887,0.2113408945629178,48.13267393249567,0.1538879061578965,226.96891491248618
