PrincipalComponent,coi,c1i,a1i,c2i,a2i
1,0.9119611847607718,0.9551817945734049,99.73554422596557,0.2342017665920408,225.8971504279834
2,0.22074985267448777,0.5074965128423644,75.33101162935486,0.07527143303992345,232.6950328147698
