PrincipalComponent,coi,c1i,a1i,c2i,a2i
1,0.8837686595123255,0.7790152493203005,81.65856005018962,0.3599507018911422,230.46462718785278
2,0.1825626653971301,0.5793260898270697,72.71517394481464,3.375877114457922e-19,231.70066230291982
