PrincipalComponent,coi,c1i,a1i,c2i,a2i
1,0.9765582948213583,0.8557148381615518,100.0,0.39853796728558855,222.28072644020355
2,0.20309304820524007,0.4057575063361904,70.54494388657,0.01639407449236668,233.09058135517859
