PrincipalComponent,coi,c1i,a1i,c2i,a2i
1,0.9919709549742374,0.8966062201918386,90.03002178292206,0.4136796771586596,222.28192627397084
2,0.1588509204812232,0.24579474589014919,52.09608103999221,0.1318730080623054,228.79180002773015
