PrincipalComponent,coi,c1i,a1i,c2i,a2i
1,0.9663042898515191,0.8172377321602314,100.0,0.4105079035974695,222.2086966620489
2,0.22666605346102492,0.45342480245345573,74.55783690918696,0.019157008209679995,232.99669938158058
