PrincipalComponent,coi,c1i,a1i,c2i,a2i
1,0.9831595825364844,0.9099075413888676,100.0,0.356489728924797,222.94751877948576
2,0.18817790902212042,0.3521351591329289,65.0181539048344,0.049559514901963767,232.67557034543478
