PrincipalComponent,coi,c1i,a1i,c2i,a2i
1,0.9357000198267991,0.8828680743101942,100.0,0.2058157195805363,229.7763194907121
2,0.20103216464128912,0.5264997166545093,75.45469735749901,0.05770481747709562,234.75399644573892
