PrincipalComponent,coi,c1i,a1i,c2i,a2i
1,0.9524451459745392,0.9060926420994294,100.0,0.21642709917139655,226.26811031316322
2,0.2115873455172537,0.4861179117573885,69.75929092998574,0.11640345618313566,232.67072164596345
