PrincipalComponent,coi,c1i,a1i,c2i,a2i
1,0.9355743389626575,0.8596407955377804,99.2646323259587,0.1588966530411603,233.70914049109786
2,0.20904090729413188,0.5503023122289031,78.00225716045986,0.0,236.422183277921
