PrincipalComponent,coi,c1i,a1i,c2i,a2i
1,0.9136649013690852,0.47748307675439455,71.25666945164826,0.8433348771803171,226.57862324173425
2,0.2585492428885478,0.5448277118896253,76.84503414350247,0.0,228.194939274991
