PrincipalComponent,coi,c1i,a1i,c2i,a2i
1,0.8603093192044267,0.5805814730503988,74.92032503607372,0.6638767923778625,230.9871169903438
2,0.2609808708450034,0.7068733558963675,83.85990855050842,1.020016868842756e-17,228.56240640261586
