PrincipalComponent,coi,c1i,a1i,c2i,a2i
1,0.9002074372689947,0.4607720354573122,72.42921087408115,0.8062784004202685,227.80021821836493
2,0.28757299453718216,0.6310960438473584,82.44579152375019,0.0,228.1398079311712
