PrincipalComponent,coi,c1i,a1i,c2i,a2i
1,0.8818313837280958,0.49502890462434734,71.20939955186446,0.6720587356466412,231.26085752797496
2,0.24963290211508715,0.6910918659131522,82.96474936330628,0.0,229.0924976108615
