PrincipalComponent,coi,c1i,a1i,c2i,a2i
1,0.9214822583519129,0.5399700561064545,76.11500858719602,0.7913246825253404,227.25931224068373
2,0.245912338137135,0.513397608858022,75.58104140244164,2.5458222101025723e-18,229.45035985129502
