PrincipalComponent,coi,c1i,a1i,c2i,a2i
1,0.9061111030572118,0.5528094863879472,78.14048388467127,0.6206270884097931,231.24982279475054
2,0.2609658539083394,0.7068859229279099,84.45285145036542,0.0,229.7727234990636
