PrincipalComponent,coi,c1i,a1i,c2i,a2i
1,0.8832985455194361,0.47546886053908366,73.01191583947714,0.7819993376097265,228.90502044889132
2,0.2813971627933315,0.6768155116194722,85.25556663819282,3.8277181818085715e-18,227.78151725034823
