PrincipalComponent,coi,c1i,a1i,c2i,a2i
1,0.8282139165284773,0.501181114271812,59.764552038871535,0.7052318917166596,229.42703651282045
2,0.22190283734495528,0.7030754945501608,73.76337316245375,0.0,226.65463161052247
