PrincipalComponent,coi,c1i,a1i,c2i,a2i
1,0.9521950832043535,0.756958000373668,89.12688128071919,0.5823433275113629,227.58165380770834
2,0.2050653097788011,0.38742350879741533,65.15088005504826,0.08225646927539872,230.87637231114175
