PrincipalComponent,coi,c1i,a1i,c2i,a2i
1,0.8916282450151503,0.4546071948532809,71.96367309688507,0.8028217449719744,228.2988167515123
2,0.2880291350713708,0.6603353899600864,84.79926379083719,0.0,227.70387798561916
