PrincipalComponent,coi,c1i,a1i,c2i,a2i
1,0.8377586970861514,0.5286979418042003,68.30928015156074,0.6003290716618094,232.27309354098315
2,0.239329079549282,0.6790117814295228,76.69188312807981,0.0,229.06765051181864
