PrincipalComponent,coi,c1i,a1i,c2i,a2i
1,0.9387247831652316,0.6769981202375668,87.02475972895277,0.6516929416667184,228.974702410475
2,0.22602311951382043,0.4842804740851533,74.82142207614848,2.3619862321542295e-19,232.07578339379222
