PrincipalComponent,coi,c1i,a1i,c2i,a2i
1,0.8752406203970489,0.46856379372292795,66.36856130560065,0.6462355002555158,231.2489607266862
2,0.2519518843927725,0.6644823076228432,78.49681998031514,1.6197980959748753e-17,228.4062132706792
