PrincipalComponent,coi,c1i,a1i,c2i,a2i
1,0.9064833572836671,0.44889486353223795,70.37595045713786,0.839202207371658,227.13643384057676
2,0.2790906297435935,0.599535933698139,80.39397784474762,6.1359751623319644e-18,227.81524173236494
