PrincipalComponent,coi,c1i,a1i,c2i,a2i
1,0.7387969855930411,0.43518364026471174,37.00093448048371,0.9552777360710288,239.33765612833406
2,0.31802294547693105,0.7031379828182863,100.0,0.06955995871811947,215.01594557875262
