PrincipalComponent,coi,c1i,a1i,c2i,a2i
1,0.7319382411496027,0.4236955200750972,36.89616919349025,0.897655556745323,238.36229834268013
2,0.2789489911908737,0.741154862665575,90.98077925059738,0.0,223.2738371548108
