PrincipalComponent,coi,c1i,a1i,c2i,a2i
1,0.8306048654798305,0.40117676009391695,64.89339247497601,0.8860972742011561,233.6293625646124
2,0.327788333134317,0.5262506225683188,83.07529429698036,0.2523894457558568,219.4387316187432
