PrincipalComponent,coi,c1i,a1i,c2i,a2i
1,0.8702043522572042,0.42310800032793977,66.21667056522512,0.9411218427349685,232.23674850420616
2,0.2888675812410098,0.4209235228796467,72.95591730751077,0.19291597007788877,224.76152515982812
