PrincipalComponent,coi,c1i,a1i,c2i,a2i
1,0.873548965049422,0.44317887260462524,59.483924252923686,0.9617884892074626,224.76910310392435
2,0.25600675433520514,0.28699486025661586,53.12703824986676,0.310148491513822,220.89196591759006
