PrincipalComponent,coi,c1i,a1i,c2i,a2i
1,0.8482891858352303,0.4697889354939359,77.88145684501684,0.7132465962619808,239.1382619077235
2,0.29471175556270857,0.674838343599861,92.46650462243043,0.07982888408514906,227.9096589112373
