PrincipalComponent,coi,c1i,a1i,c2i,a2i
1,0.8498485250678625,0.48133649739293044,47.759265112456774,1.0157535042271393,250.0
2,0.26897184319771444,0.4496688637383343,96.20968056525297,0.07102410297130178,227.20347489450685
