PrincipalComponent,coi,c1i,a1i,c2i,a2i
1,0.8503568505910759,0.4024179487614182,69.62673192365983,0.8797515915491515,234.68878100598684
2,0.3369611654890898,0.5286678276764898,84.89280618827637,0.20823042869595865,222.3814583904109
