PrincipalComponent,coi,c1i,a1i,c2i,a2i
1,0.8609559728118547,0.39320178503981495,67.91441815312588,0.9336166663709458,236.3732972987082
2,0.3195102788761448,0.5305984296858138,86.6336546327123,0.1261051355607498,224.83314084627983
