PrincipalComponent,coi,c1i,a1i,c2i,a2i
1,0.8605163903388813,0.4016677850025319,69.62555259585328,0.9035711278406269,236.0307814593522
2,0.3286295059028892,0.5417702874078357,86.96938842525066,0.1443682066500568,224.42339081706976
