PrincipalComponent,coi,c1i,a1i,c2i,a2i
1,0.8617889237596217,0.47679446949156495,75.48152434739265,0.7209207131407103,233.2433931518409
2,0.3038697713445607,0.5446623606008232,78.87760596953613,0.2628796200890295,223.3485353610476
