PrincipalComponent,coi,c1i,a1i,c2i,a2i
1,0.8747531082000918,0.443606474969477,63.1527087111569,0.9448036994595196,227.5656483265864
2,0.26615686214985623,0.33471025637548946,60.257477576559765,0.26948377532378937,222.71747955177852
