PrincipalComponent,coi,c1i,a1i,c2i,a2i
1,0.8525359902944094,0.4055400592340213,69.74651736179999,0.8803496303209878,234.41347780604414
2,0.33580282585844806,0.5243368209570631,84.0079664815128,0.20248820583731972,223.01164724577066
