PrincipalComponent,coi,c1i,a1i,c2i,a2i
1,0.8426846159120038,0.3977286180381888,67.74219227735016,0.8823405064536586,234.55229398649416
2,0.33574977165923053,0.5380956577299293,85.79665733659911,0.21872306829227134,220.90269501729242
