PrincipalComponent,coi,c1i,a1i,c2i,a2i
1,0.7909055397839272,0.3803208721526352,43.742796324333575,0.8444041219667971,242.78147429396725
2,0.31141442265210945,0.6973111878149644,96.94317003801014,9.187701823366323e-17,225.94674046109122
