PrincipalComponent,coi,c1i,a1i,c2i,a2i
1,0.7720957842811794,0.4343358163738666,44.05892293495127,0.8992000766527233,242.36291398314728
2,0.3592734153861446,0.6044327446737969,100.0,0.04823334891039758,225.81946683538396
