PrincipalComponent,coi,c1i,a1i,c2i,a2i
1,0.7929040789449149,0.5321698550164176,45.40227598203928,0.9047142222220913,249.8854150634567
2,0.2998514124686631,0.47587158820621034,100.0,0.04927682688445412,228.34357345671967
