PrincipalComponent,coi,c1i,a1i,c2i,a2i
1,0.7975951801004595,0.5576230389736542,45.39214397891853,0.8942424870564631,250.0
2,0.29031952107451237,0.4166188982029103,96.86262074820003,0.09892470357139439,226.69987199837382
