PrincipalComponent,coi,c1i,a1i,c2i,a2i
1,0.7541323462803978,0.4727418132472929,46.99476905232029,0.7436917964848366,239.4698598853099
2,0.3254457028110891,0.6834159896413152,100.0,0.04500844062528916,226.4114041321256
