PrincipalComponent,coi,c1i,a1i,c2i,a2i
1,0.6845231573853282,0.5139250193273283,38.59547010308529,0.7595290937612778,237.44800904282346
2,0.3012422340148746,0.7244322308445093,92.90545581129847,5.487804532739768e-19,225.05148126532296
