PrincipalComponent,coi,c1i,a1i,c2i,a2i
1,0.7986222205000041,0.4527692433306471,59.633809863550375,0.7906025212372753,224.8573820810827
2,0.34277621063682306,0.3656758839239667,58.342714338562686,0.39262206265282823,220.57602613520666
