PrincipalComponent,coi,c1i,a1i,c2i,a2i
1,0.7883741204089662,0.4465624728178511,58.12409334890289,0.7910832333694595,224.39391039095918
2,0.34277760702061927,0.3660483082695396,58.58813159756482,0.4238037340556647,219.46208030794236
