PrincipalComponent,coi,c1i,a1i,c2i,a2i
1,0.7744033495353024,0.42983580238030233,43.657474506737316,0.9228200576550316,243.81597495848914
2,0.34933931175388366,0.6010079379041368,100.0,0.022768616589625073,226.682716551969
