PrincipalComponent,coi,c1i,a1i,c2i,a2i
1,0.7960463005026193,0.44955617305833173,59.422655078590516,0.7907587088289948,224.82450784857826
2,0.3441514214995393,0.36429488780743474,58.54993343362271,0.4042033545038121,220.26455704038858
