PrincipalComponent,coi,c1i,a1i,c2i,a2i
1,0.6870532335106906,0.5091290865535836,40.690483863561155,0.7094701713706227,241.83507218204127
2,0.324112571998169,0.6941006640238041,98.30718924404881,0.0,226.4819690406694
