PrincipalComponent,coi,c1i,a1i,c2i,a2i
1,0.8142549246823995,0.45225878135237024,58.55566422194783,0.8438571905516901,225.93122910129952
2,0.31397393860811074,0.36006164014145786,59.11035877373363,0.3011833495434657,221.78125254937098
