PrincipalComponent,coi,c1i,a1i,c2i,a2i
1,0.8145764553243355,0.4648716607890023,56.29592228502482,0.8563394910127895,223.9830588187715
2,0.2981756968115504,0.3232338502136075,53.374329483419366,0.3143682328655285,220.74515586555174
