PrincipalComponent,coi,c1i,a1i,c2i,a2i
1,0.7648208343791816,0.48601484105481846,45.74288197370307,0.7547009893813895,237.77243989459794
2,0.3421037290101189,0.6606728084864997,100.0,0.0924889526301756,223.65111858021058
