PrincipalComponent,coi,c1i,a1i,c2i,a2i
1,0.7913682977914193,0.5121834541214371,45.485667662075095,0.9086076965506051,247.90177685208022
2,0.3075717488278727,0.5145403221802473,100.0,0.023120547069402815,228.9995254386536
