PrincipalComponent,coi,c1i,a1i,c2i,a2i
1,0.7402967591021457,0.4695008554169832,44.13454844871623,0.7097684352360742,241.25767317125627
2,0.3352807833816282,0.6796551840383906,99.17376650221436,0.0,227.33592322202924
