PrincipalComponent,coi,c1i,a1i,c2i,a2i
1,0.690267467574972,0.5111617801060426,37.4655309401817,0.8336287230894877,236.4054475428155
2,0.3419310865533062,0.6570214239996013,100.0,0.1035867900452213,218.07070759979288
