PrincipalComponent,coi,c1i,a1i,c2i,a2i
1,0.8869728260551901,0.5800708999744839,81.3179936091016,0.5794184439828172,217.5505412856452
2,0.2848295683859483,0.2811165918166495,43.97169573669136,0.29329909407405824,225.16403194174524
