PrincipalComponent,coi,c1i,a1i,c2i,a2i
1,0.8071276420088651,0.653184447820476,66.85460281089098,0.39446561353156157,221.53040124160123
2,0.2282199134517795,0.36557994992409953,43.13254468524179,0.3672820591562541,223.12605982492775
