PrincipalComponent,coi,c1i,a1i,c2i,a2i
1,0.8540790134938616,0.5801903522336229,71.0926191717695,0.38049769840166686,222.19577050217075
2,0.25786388001142985,0.3316010087840386,43.974030120889665,0.3658041466549751,224.23522485838183
