PrincipalComponent,coi,c1i,a1i,c2i,a2i
1,0.8787408063906615,0.6760167002064676,90.89926886321132,0.42531312265441407,217.51060171484488
2,0.2989204365714393,0.2860161256369651,41.93540948313309,0.37532159070717974,227.12267140296854
