PrincipalComponent,coi,c1i,a1i,c2i,a2i
1,0.8868731099010768,0.6219107277368375,85.5484309888504,0.5129436067661853,217.9753347785217
2,0.29379630830999537,0.2856582768794154,44.081947579598975,0.31931337631264034,226.20970838952726
