PrincipalComponent,coi,c1i,a1i,c2i,a2i
1,0.8951714973317032,0.598929974009211,65.33173468507314,0.6520998506074326,218.45757284658703
2,0.24254982692641858,0.20434092030349357,39.02889097343251,0.27558095208805566,221.3890970851359
