PrincipalComponent,coi,c1i,a1i,c2i,a2i
1,0.8640669740676392,0.5892956775946384,73.88636413550698,0.4288485322984284,220.66511256887944
2,0.24715957778834763,0.32498422378052905,42.99071783887714,0.40933926206214044,224.29890689273816
