PrincipalComponent,coi,c1i,a1i,c2i,a2i
1,0.8729846947870267,0.6782345562227491,91.36767620382636,0.41497709400215754,216.80029152874044
2,0.29532568566130146,0.2900399352452305,41.038283454983926,0.39828760578129613,226.9436476617521
