PrincipalComponent,coi,c1i,a1i,c2i,a2i
1,0.8244554387980374,0.6446905465222946,71.79471908512024,0.4792375888572827,216.5396730378441
2,0.25085360545701135,0.31291641552554267,34.82893672826214,0.44993732552658006,221.73094158823085
