PrincipalComponent,coi,c1i,a1i,c2i,a2i
1,0.8958986412810865,0.6051393182431689,62.22229203879366,0.6629290663381757,218.1986892045421
2,0.236459040214776,0.17705652573664007,37.770755294168715,0.2855336438049218,220.49086930972325
