PrincipalComponent,coi,c1i,a1i,c2i,a2i
1,0.8742212019242166,0.5872070648247395,72.27390733346915,0.4669333446117086,217.56563821730202
2,0.24986139791173487,0.32284362813410256,36.857330892142706,0.43944820496723547,222.40222837809418
