PrincipalComponent,coi,c1i,a1i,c2i,a2i
1,0.8990519511154413,0.6263185964491863,60.588010206479886,0.6563907768219058,218.1612162333267
2,0.2322171100184271,0.15249688113934284,37.16427271560361,0.2915133389985013,220.05882760325989
