PrincipalComponent,coi,c1i,a1i,c2i,a2i
1,0.8903553382408227,0.5755874021731023,70.7821991117875,0.640527983975946,218.3661193828084
2,0.2598462616050343,0.24350136340429132,41.12551687777562,0.26757796942626233,222.81525302852245
