PrincipalComponent,coi,c1i,a1i,c2i,a2i
1,0.8622353006649671,0.6521983689422323,86.25946179953947,0.44909872830944175,216.24899996899583
2,0.28119305137965267,0.2939258376647425,38.46354144661846,0.4232853058724707,225.3330158175671
