PrincipalComponent,coi,c1i,a1i,c2i,a2i
1,0.8902485160184663,0.5785886692581873,77.06145955133827,0.6061047368167525,218.08140000848775
2,0.2730672167461625,0.268573904352442,43.04156358044432,0.2738915732513548,224.34749389902439
