PrincipalComponent,coi,c1i,a1i,c2i,a2i
1,0.8801378270764321,0.6688056813479124,89.28799741524884,0.43966588665185025,217.84904163726304
2,0.2987182994351822,0.28524799939139284,42.21678363804403,0.363244742424097,226.8861823538723
