PrincipalComponent,coi,c1i,a1i,c2i,a2i
1,0.7969262883109827,0.5938872773141531,61.26967047436023,0.41436721512736413,220.3157030573203
2,0.24659814864524165,0.3178234048232722,39.893068138281876,0.3985273629684982,221.12608876149864
