PrincipalComponent,coi,c1i,a1i,c2i,a2i
1,0.9272187108787444,0.6400254259583351,64.8617277072478,0.3243147036400834,219.35321352363113
2,0.17530933231689816,0.28140431839236413,38.308629614258464,0.30733997007214015,221.36947264314713
