PrincipalComponent,coi,c1i,a1i,c2i,a2i
1,0.9897862541616032,0.9100961130171781,80.46837593745364,0.3016314465807225,220.54454274230312
2,0.17994757546507265,0.11728678189742262,40.93857842306931,0.20807489984328484,225.414687713339
