PrincipalComponent,coi,c1i,a1i,c2i,a2i
1,0.988064575426121,0.8844637216738563,76.01630195590907,0.3459564042582462,220.3344478434551
2,0.17585088759937628,0.09553911550514166,40.02949490928925,0.21546970739527807,224.32471833875738
