PrincipalComponent,coi,c1i,a1i,c2i,a2i
1,0.9504614141002384,0.800707026441411,87.72244926018982,0.31042079572045694,214.98688037164536
2,0.2181684812816438,0.23728775940686533,37.17690822454789,0.3020743824742953,224.92495344114877
