PrincipalComponent,coi,c1i,a1i,c2i,a2i
1,0.9445453918991317,0.7029712575639282,70.42406782685437,0.36704765905912895,217.32487820505523
2,0.18700687259467935,0.26638484055971295,36.06867846634372,0.3453631798106697,221.72554421669474
