PrincipalComponent,coi,c1i,a1i,c2i,a2i
1,0.9784164901192364,0.9606782669818726,99.86324603336273,0.16398029714937204,217.0406403203073
2,0.21363783003297057,0.21451421334159546,42.99664263036487,0.2073833293061306,228.74989270271243
