PrincipalComponent,coi,c1i,a1i,c2i,a2i
1,0.9904690281104531,0.8853195015915516,73.87301380593397,0.3559056802351124,220.40081573041297
2,0.17198117974900168,0.08061262782270115,39.7010720167864,0.21792816545655982,223.8605093193821
