PrincipalComponent,coi,c1i,a1i,c2i,a2i
1,0.8714569040199751,0.738740499110912,62.85256947586938,0.32364143208159635,218.9220739622214
2,0.15513621768143246,0.3033369971906004,37.697280560101305,0.306744475374817,220.75927358120435
