PrincipalComponent,coi,c1i,a1i,c2i,a2i
1,0.9589037369509588,0.8285618936475077,89.57145359202028,0.28367903352126267,215.912054960712
2,0.22208179719119744,0.22914351880655393,38.378531367418255,0.2832232878913174,225.72355222624594
