PrincipalComponent,coi,c1i,a1i,c2i,a2i
1,0.9745637521186415,0.9097378379700938,95.68575983103146,0.20916580605427504,217.13167205539298
2,0.21915976721012892,0.2205581085798058,41.73499426288433,0.233615289727468,227.70548904515888
