PrincipalComponent,coi,c1i,a1i,c2i,a2i
1,0.9852486105137913,0.9926124048534142,98.6899539165052,0.1457683197167903,218.71966339536877
2,0.20488398725265128,0.19710500448931084,43.65376874497362,0.19101130571192354,229.08701899642443
