PrincipalComponent,coi,c1i,a1i,c2i,a2i
1,0.9383211521097536,0.7793549604828464,83.71354843029796,0.3397755998301579,214.8253704557643
2,0.2090126804618738,0.24093564839761142,35.967285668595935,0.32317639501975215,223.85933419669428
