PrincipalComponent,coi,c1i,a1i,c2i,a2i
1,0.8648470513278141,0.672291492082065,57.503171207585154,0.34581196763393685,218.2139289672925
2,0.1729973744155286,0.2661303391324188,36.339023925044906,0.32862279119991694,219.2521772847599
