PrincipalComponent,coi,c1i,a1i,c2i,a2i
1,0.8966977203939802,0.7729662731533313,71.41683133759776,0.36975900946427837,215.7676543039632
2,0.18871047556714426,0.2572167628744246,34.50099215268826,0.3458822138388784,221.2739206707899
