PrincipalComponent,coi,c1i,a1i,c2i,a2i
1,0.9889739364040784,0.9695695967131676,91.68410311400444,0.1951648918730651,220.3137025728818
2,0.19397469578857754,0.16003450922998563,42.85151268645945,0.19636359340998982,227.9375400352311
