PrincipalComponent,coi,c1i,a1i,c2i,a2i
1,0.9623161296112812,0.845252427013338,89.9964165619972,0.26934654209696246,216.52702965898368
2,0.22221444093049314,0.22600182729888263,39.10695961611998,0.2725520431871443,226.06058509467456
