PrincipalComponent,coi,c1i,a1i,c2i,a2i
1,0.9682209943026672,0.8097614800301922,71.47885997693191,0.32139377480562653,218.32488442471632
2,0.17536818139951213,0.18808298350709168,38.770429869840356,0.3051800460414198,222.30758619459127
