PrincipalComponent,coi,c1i,a1i,c2i,a2i
1,1.0215518570606819,1.051363151373897,91.70154647147845,0.15036210153667806,219.16298017252115
2,0.16618890716999743,0.1101224932517567,43.6455695447543,0.17968167927624815,227.56730591832275
