PrincipalComponent,coi,c1i,a1i,c2i,a2i
1,1.0330417259616624,1.0731334534654347,84.844259878082,0.1694443168051671,221.10954999227832
2,0.14216806536769772,0.04868939854503365,42.50624988981064,0.18444531714190443,226.61532059558976
