PrincipalComponent,coi,c1i,a1i,c2i,a2i
1,0.9516171186284063,0.7712059680291368,69.58404405623493,0.32069142141582296,219.10817333050989
2,0.1619317112208773,0.19104917914175132,39.241390874532144,0.30479185051908514,222.25588795662526
