PrincipalComponent,coi,c1i,a1i,c2i,a2i
1,0.8990572598490005,0.8305122789146059,64.72019066318836,0.28529440420348934,219.25934814787144
2,0.13609051049819718,0.23425333055821515,38.5957617875014,0.2703830789199569,221.2275533318673
