PrincipalComponent,coi,c1i,a1i,c2i,a2i
1,0.9289732258090011,0.8856187217007669,74.04831696396442,0.310738560175076,217.28760217861793
2,0.17269556323233454,0.1890844351793255,38.54509818726578,0.2955055685207283,222.47519618007442
