PrincipalComponent,coi,c1i,a1i,c2i,a2i
1,1.0126930950020785,1.0272941493066783,93.52150829623336,0.1592384327385196,217.95530198986597
2,0.17907485075356755,0.13065274314438996,43.89872665534811,0.19039197948195952,227.55963234105081
