PrincipalComponent,coi,c1i,a1i,c2i,a2i
1,0.9925895754455836,0.9479968863696616,88.1019713589149,0.2269189837779116,217.70336467364592
2,0.19890768482378118,0.14988654243261174,42.29460937465699,0.2363626177075229,226.0337261519391
