PrincipalComponent,coi,c1i,a1i,c2i,a2i
1,0.979119865881517,0.9126571153688307,86.47357687233318,0.25986499143053293,216.81551050019087
2,0.2000389635589833,0.15953640328407123,41.40218020216824,0.2613328041898524,225.3005282899021
