PrincipalComponent,coi,c1i,a1i,c2i,a2i
1,1.0344119358757164,1.0730213176858123,83.87805196229684,0.17449612222128558,221.341220174393
2,0.13896297846502664,0.03462608941801101,42.38441839475643,0.18755859282030252,226.4840100117665
