PrincipalComponent,coi,c1i,a1i,c2i,a2i
1,0.9667100443805305,0.8963799276932178,83.78536418541431,0.28303929610046097,216.65188840351698
2,0.19332620543409854,0.16548997263204493,40.60468958497293,0.27801256965735466,224.5673467235324
