PrincipalComponent,coi,c1i,a1i,c2i,a2i
1,1.0065991393118279,0.9946985642774288,91.63224197330224,0.184371597487111,217.9160937108507
2,0.18898594178644448,0.14293909820103218,43.4845359792005,0.2069677737582998,227.02793534273215
