PrincipalComponent,coi,c1i,a1i,c2i,a2i
1,0.9001737105207036,0.8930571170444562,69.6527326466794,0.1406488714562485,250.0
2,0.18280992535230353,0.23984517375080758,75.69248524940413,0.20302452789670478,202.04423293042746
