PrincipalComponent,coi,c1i,a1i,c2i,a2i
1,0.9884066014757913,0.9346240841388982,87.76168959576987,0.23862042678799683,217.36781386432364
2,0.2008086241258227,0.1519565192198416,41.99813997013604,0.24557182429084598,225.82021251968527
