PrincipalComponent,coi,c1i,a1i,c2i,a2i
1,1.0372418763241376,1.077161773681696,83.0643526252816,0.1749614791448995,221.55777184518078
2,0.1362005037246633,0.025635124763754753,42.29196752833365,0.18679312955108054,226.38257974305873
