PrincipalComponent,coi,c1i,a1i,c2i,a2i
1,1.0273434160839003,1.0583526786184962,88.02087729145555,0.1616514435246171,220.24809035963082
2,0.1544561129083575,0.07821610910704224,42.97551214753975,0.18252932228681096,227.05546888435205
