PrincipalComponent,coi,c1i,a1i,c2i,a2i
1,0.9524112357087566,0.8853044443382566,76.94449992803754,0.10175107099015279,250.0
2,0.18855908908071523,0.2863867202787003,83.11176341048927,0.14184142937199348,206.63747025433528
