PrincipalComponent,coi,c1i,a1i,c2i,a2i
1,0.9658920952818413,0.8329205123484583,69.19489841816404,0.26802062880636746,218.8386513317685
2,0.1378438396177389,0.14473692519875478,38.28646184246709,0.25357433325929396,222.1755449067582
