PrincipalComponent,coi,c1i,a1i,c2i,a2i
1,1.0551184521644192,1.0895266829515264,100.0,0.13406955502646292,209.68602023510158
2,0.17311125068105185,0.1108510898418933,40.801376421428195,0.18621804964810768,226.44359041182
