PrincipalComponent,coi,c1i,a1i,c2i,a2i
1,1.0137435553106093,0.8716233932483984,79.30178093711744,0.2678586460774264,217.7744707552998
2,0.14857621391249382,0.13391478967163234,39.961098431117314,0.2588411965939439,224.2227617019015
