PrincipalComponent,coi,c1i,a1i,c2i,a2i
1,1.034957791747448,0.930349812507885,83.42295554951413,0.24880769517523202,215.75808705944453
2,0.158466589619277,0.1390194696771371,39.47553394510112,0.24492683198474482,224.43041214834722
