PrincipalComponent,coi,c1i,a1i,c2i,a2i
1,1.1194781444989248,1.2232656509081634,98.49075352570841,0.04296477117685582,217.40052229662297
2,0.09610622897884738,0.028013561296384146,44.20167822550664,0.11317306972781206,228.9429383781695
