PrincipalComponent,coi,c1i,a1i,c2i,a2i
1,1.0833607689686264,1.1511221550374091,100.0,0.08983313308352667,210.0589401027047
2,0.1400533294710629,0.07654131549593444,41.748574265184835,0.15326079096846354,226.81076340198618
