PrincipalComponent,coi,c1i,a1i,c2i,a2i
1,1.0613132408581534,1.1008045562060174,100.0,0.12331362448480693,210.14223164047607
2,0.16876394445263038,0.10943562903758605,41.090694216162646,0.17818670267727654,226.60996994764096
