PrincipalComponent,coi,c1i,a1i,c2i,a2i
1,1.1164157165926365,1.2145478677914687,98.41998513104933,0.05102388538030705,216.60771351680987
2,0.10048908130231708,0.03664791146700186,43.90540369608171,0.11945873538603706,228.64335322818957
