PrincipalComponent,coi,c1i,a1i,c2i,a2i
1,1.117215925775001,1.216943192349332,98.48531427054297,0.04890261983470269,216.96003622542278
2,0.0981901544317411,0.030118542610319175,44.03658869966323,0.11800290181729305,228.79328918623136
