PrincipalComponent,coi,c1i,a1i,c2i,a2i
1,0.9644909696646249,0.920650102967268,73.5158833496476,0.2389344157804874,218.7420044981472
2,0.12531040486178016,0.17184783477444893,39.17386350234585,0.22890094830606217,223.10979789956187
