PrincipalComponent,coi,c1i,a1i,c2i,a2i
1,1.0984439947926703,1.180173461956702,100.0,0.06797633345416636,212.28446422092566
2,0.1249569635654856,0.06434292483450739,42.62912334633136,0.13733799085944115,227.5753053281955
