PrincipalComponent,coi,c1i,a1i,c2i,a2i
1,1.1111651664352982,1.1998664975574862,100.0,0.053180421927110366,214.7195499962095
2,0.11140029175303323,0.05108755613640061,43.557018467683356,0.12630515591744007,228.39205764441016
