PrincipalComponent,coi,c1i,a1i,c2i,a2i
1,1.0462679431384025,1.0704864563601404,99.71002539457147,0.15234286247115447,209.1043753823068
2,0.17517683225233308,0.11766062042371896,40.36407282512904,0.19888758077998991,226.14954433201265
