PrincipalComponent,coi,c1i,a1i,c2i,a2i
1,0.9953938946783575,1.0187623350236827,85.92999215720181,0.23056649095993206,213.2642912728896
2,0.15880743747852386,0.13458609410174183,38.81749878525831,0.23225449795938521,224.14013164552313
