PrincipalComponent,coi,c1i,a1i,c2i,a2i
1,1.076087045437541,1.1305470994706797,100.0,0.1021638371708301,210.1269389246644
2,0.1530077322285642,0.09317574529078364,41.52447833073289,0.16231178496995805,226.72346430449863
