PrincipalComponent,coi,c1i,a1i,c2i,a2i
1,1.0150432642374931,0.8203820258019909,75.82992009943146,0.24248140939826016,218.77674001533038
2,0.1443420455912758,0.15305566421523095,39.59563114919918,0.23228611779056335,223.6943541794148
