PrincipalComponent,coi,c1i,a1i,c2i,a2i
1,1.0333570085001658,1.0471421190415482,96.72471236828889,0.18408508520115996,209.6037363567856
2,0.1710476632865481,0.12032730764487966,39.779552028372066,0.2151185570761937,225.56549806913424
