PrincipalComponent,coi,c1i,a1i,c2i,a2i
1,1.1001488765912306,1.1096535653226098,82.95625732211732,0.11068300912739136,219.5557136355147
2,0.07265550417906745,0.15976123464117037,41.921363560686316,0.12485761807047643,225.64520805253997
