PrincipalComponent,coi,c1i,a1i,c2i,a2i
1,1.2305373730705547,1.3369178787096887,100.0,6.30060780599212e-18,209.41164811077613
2,0.05688614660741254,0.029418321014563497,42.35832545402432,0.06215550033575017,226.77705275097557
