PrincipalComponent,coi,c1i,a1i,c2i,a2i
1,1.225958369900893,1.3345850122423626,100.0,6.094282702751634e-17,211.90505900526765
2,0.04849409353607758,0.03083497146820285,43.016183675914505,0.034670048872388635,227.54263751469747
