PrincipalComponent,coi,c1i,a1i,c2i,a2i
1,1.2243399398915888,1.331993697469076,100.0,5.867111713874991e-17,212.07465058399143
2,0.04845801386633369,0.03613252681838642,43.06145598907584,0.027436123520594987,227.59293477088085
