PrincipalComponent,coi,c1i,a1i,c2i,a2i
1,1.1464313898516105,1.313530878816525,100.0,0.020913536394123414,206.7761297811513
2,0.1162897511603587,0.08853507233955488,41.68562219634574,0.10770604446989604,225.84346219253987
