PrincipalComponent,coi,c1i,a1i,c2i,a2i
1,1.2211243081986884,1.3364953747148045,100.0,0.0,207.73738624416202
2,0.06554999189730276,0.03557400102813601,41.93154771859989,0.07315151615335695,226.27590295159294
