PrincipalComponent,coi,c1i,a1i,c2i,a2i
1,1.1824174480546508,1.3313150190938954,100.0,0.0,207.0505934381774
2,0.1008707810356709,0.06845088553438387,41.6144550104507,0.09165790933936926,225.97091099877346
