PrincipalComponent,coi,c1i,a1i,c2i,a2i
1,1.1935402573228109,1.3312489623369967,100.0,9.230224353432705e-17,207.69315187299176
2,0.09563496845388526,0.06020804755487283,41.76867121593372,0.09148031540510677,226.18747898045692
