PrincipalComponent,coi,c1i,a1i,c2i,a2i
1,1.1638953235492522,1.3174067466188135,100.0,0.01328537729409428,206.3584855764966
2,0.11167535031579655,0.07768018251481264,41.430733595311075,0.10172229263597032,225.74631132237027
