PrincipalComponent,coi,c1i,a1i,c2i,a2i
1,1.2327610490248424,1.3354444627145485,100.0,1.3859902401081024e-16,210.89159439325104
2,0.05272310232728592,0.024126104780021675,42.73539662654156,0.05357880739264419,227.22575482702
