PrincipalComponent,coi,c1i,a1i,c2i,a2i
1,1.121830978389818,1.2997998852735482,96.85078439313362,0.03463010569705971,212.8274924733037
2,0.11283732611071451,0.11606637583723552,42.75950335178306,0.10464122053225947,226.85209207658758
