PrincipalComponent,coi,c1i,a1i,c2i,a2i
1,1.156317661879144,1.0074484419783851,86.39784071955424,0.10954608994712989,218.83871949654943
2,0.07952416274750929,0.15473531415830544,42.18392753136514,0.12692157116423552,226.25420241479307
