PrincipalComponent,coi,c1i,a1i,c2i,a2i
1,1.2305924961660903,1.3376339949248843,100.0,0.0,212.06355728902025
2,0.04929158817980154,0.027323046967630136,43.039840898984934,0.0403001463560649,227.57799666155103
