PrincipalComponent,coi,c1i,a1i,c2i,a2i
1,1.1085684702723764,1.002989331297368,79.37459712783202,0.1502337442255967,219.80754094318394
2,0.07841043153120225,0.13872001375808968,41.06993441759827,0.1533647895879882,224.87807296936828
