PrincipalComponent,coi,c1i,a1i,c2i,a2i
1,1.216260085616308,1.3337516831445264,100.0,5.87005893974352e-17,207.9898815376968
2,0.07688348397306513,0.043583933762069045,41.948451686569825,0.08298351026648333,226.30978572924937
