PrincipalComponent,coi,c1i,a1i,c2i,a2i
1,1.181520279072826,1.1783344072753212,94.79373790905471,0.07201262753324135,214.72394858286899
2,0.08762318326557171,0.13546636480641888,42.50512829551603,0.12241727221720733,226.91724588085512
