PrincipalComponent,coi,c1i,a1i,c2i,a2i
1,1.1885851304310515,1.4330787418938575,100.0,0.1635730188280443,193.7662325618689
2,0.0529547211259158,0.0475214786447001,38.81950521639296,0.010698929690112682,222.20483807112382
