PrincipalComponent,coi,c1i,a1i,c2i,a2i
1,1.1705320335464926,1.3819782413387498,100.0,0.19168367043066267,194.7648170727438
2,0.057635709773656285,0.07609976666884084,39.46756631383625,0.0,222.57381212389816
