PrincipalComponent,coi,c1i,a1i,c2i,a2i
1,1.167496161512114,1.365427864182593,100.0,0.1992929776859186,195.28898137941036
2,0.06044157146292467,0.08239113632386309,39.74392144684513,2.951535749364315e-18,222.75689830281163
