PrincipalComponent,coi,c1i,a1i,c2i,a2i
1,1.161446999065575,1.5135955471906573,100.0,2.748335205075574e-17,207.79160340694892
2,0.05890661761399712,0.05055720812825357,42.18029892144789,0.10604579624581799,226.21673963313066
