PrincipalComponent,coi,c1i,a1i,c2i,a2i
1,1.193616607882209,1.3707969256442512,94.70178610122099,0.04198167965079817,214.3393672208074
2,0.030712697943732013,0.06823847099147146,42.66110628115075,0.10704985170392763,226.90978453676166
