PrincipalComponent,coi,c1i,a1i,c2i,a2i
1,1.2258507497930893,1.4883202300893477,100.0,0.1919726237533413,187.9067487923423
2,0.03064477088507934,0.016289949273378814,37.17930831324105,0.03019297999994656,220.45816432294484
