PrincipalComponent,coi,c1i,a1i,c2i,a2i
1,1.175251395578463,1.416495008193259,100.0,0.16545343066224194,195.53755322669926
2,0.056754893735919104,0.06573644763685972,39.47581157478487,0.004738198623651472,222.75606873606893
