PrincipalComponent,coi,c1i,a1i,c2i,a2i
1,1.2306484030412692,1.4955188341470602,100.0,0.1698860983524681,190.50870296742178
2,0.03424865758915089,0.015990943848690826,37.812545026634965,0.02235091077234444,221.1970113705135
