PrincipalComponent,coi,c1i,a1i,c2i,a2i
1,1.2117041343304926,1.4344818429577428,100.0,0.20151452369736383,189.4072146547276
2,0.04429950092453244,0.02742886286367474,37.6097855544709,0.013591077485940083,220.9124116936321
