PrincipalComponent,coi,c1i,a1i,c2i,a2i
1,1.125336140473228,1.47795067330897,92.3198215206169,0.03339617942745763,214.9599259605101
2,0.036337160017154695,0.08322918208843551,42.335467285159034,0.09596641364696307,226.50142463214772
