PrincipalComponent,coi,c1i,a1i,c2i,a2i
1,1.1999863586823318,1.4442829572608107,100.0,0.17246932042828275,192.24407462422135
2,0.04988099925543299,0.035100455673139755,38.34797675143713,0.012644460111127503,221.7454726680753
