PrincipalComponent,coi,c1i,a1i,c2i,a2i
1,1.173927137818441,1.6827545580347822,100.0,1.1173373117634074e-16,194.2687783634704
2,0.03134740451237523,0.024482241785033436,38.75954077910137,0.05410954488193022,222.29803961993605
