PrincipalComponent,coi,c1i,a1i,c2i,a2i
1,1.2307731213800528,1.4866581263356977,100.0,0.18401405406996205,189.31027021869374
2,0.03298555806880337,0.015039174532374154,37.5037291617727,0.025194358667493182,220.8531603523204
