PrincipalComponent,coi,c1i,a1i,c2i,a2i
1,1.2022022039029223,1.593582404111739,100.0,3.3429410843042905e-18,201.47571588755898
2,0.04657367903377232,0.026943766356054978,40.51831271648272,0.08484914846447174,224.3528902223288
