PrincipalComponent,coi,c1i,a1i,c2i,a2i
1,1.2130436416223327,1.5126428974243735,100.0,0.17729970444173843,187.54228985545234
2,0.028175621156843654,0.02020401243480907,37.11792442974406,0.03638981154447173,220.36135598710098
