PrincipalComponent,coi,c1i,a1i,c2i,a2i
1,1.224095218842256,1.4659254344664592,100.0,0.1836519167410561,190.47554586883803
2,0.03937505754941936,0.022456629477304493,37.840838966122355,0.015571347902929085,221.2031224804117
