PrincipalComponent,coi,c1i,a1i,c2i,a2i
1,1.2185454516260967,1.4376556677236922,100.0,0.07428051504596227,201.93963711505708
2,0.03928471053930795,0.024438010019136796,40.56444165778058,0.03853496637557752,224.56347712156392
