PrincipalComponent,coi,c1i,a1i,c2i,a2i
1,1.1915319689610915,1.4164755481835936,100.0,0.0639503529942628,205.58303246173517
2,0.03712208389311805,0.04271026811030708,41.55033093877296,0.0008611625321507924,225.68520543509968
