PrincipalComponent,coi,c1i,a1i,c2i,a2i
1,1.2156485643199302,1.42004077384954,100.0,0.08939709147177098,201.3230312662052
2,0.03565127627310412,0.023142942021845483,40.42249888575637,0.02987937666067106,224.3991240373359
