PrincipalComponent,coi,c1i,a1i,c2i,a2i
1,1.1892346829115839,1.4045333330585972,100.0,0.07000051905924291,205.86456879884702
2,0.03989665983516366,0.045765974492692325,41.65449169352135,0.0,225.77448188507654
