PrincipalComponent,coi,c1i,a1i,c2i,a2i
1,1.2049821146373902,1.4434116313541137,100.0,0.04771751597941682,204.69851029936058
2,0.03488467273462996,0.02636835529546024,41.27255104230374,0.015957869874481168,225.39833980239237
