PrincipalComponent,coi,c1i,a1i,c2i,a2i
1,1.2049121758176626,1.4296491506377005,100.0,0.08455312274193282,201.12618579048487
2,0.0500096793532986,0.0336358853247743,40.2973016566147,0.05652402426601622,224.30919489093677
