PrincipalComponent,coi,c1i,a1i,c2i,a2i
1,1.1901774644428564,1.424282014732748,100.0,0.08933896168192271,200.1954077921071
2,0.0563261076661361,0.040307101472072504,40.055456441502365,0.06870839321400547,224.03131152200402
