PrincipalComponent,coi,c1i,a1i,c2i,a2i
1,1.195669195350045,1.440897614478761,100.0,0.04411729744250196,205.93175766160667
2,0.036272778928362746,0.0363117746931599,41.604501813180384,0.00625204663776862,225.7704677585565
