PrincipalComponent,coi,c1i,a1i,c2i,a2i
1,1.2123402026710022,1.4370473122268248,100.0,0.06393574816479537,203.09166345486278
2,0.03428089448007746,0.02368890899936105,40.866420445153715,0.022204968538665847,224.92119844705178
