PrincipalComponent,coi,c1i,a1i,c2i,a2i
1,1.1306080598767405,1.501246374622177,100.0,2.6431167407772427e-17,207.09370614477922
2,0.08164931985902112,0.05122783447966692,41.93372896087071,0.10521779817861927,226.02388473571835
