PrincipalComponent,coi,c1i,a1i,c2i,a2i
1,1.1682812282505761,1.4456008966415155,100.0,0.0698159060760283,200.73662796823746
2,0.06325537549090723,0.045455890930308454,40.20176359283279,0.08159183540510226,224.1853112973144
