PrincipalComponent,coi,c1i,a1i,c2i,a2i
1,1.1685725224012458,1.4069384976113564,100.0,0.0012580242098105992,209.53331121017257
2,0.06891788735032581,0.10106065161093557,42.329753414944,0.09812585234256306,226.72388147639344
