PrincipalComponent,coi,c1i,a1i,c2i,a2i
1,1.1055040860432521,1.2838773858647212,87.6771956364847,0.08595064527620079,218.3488084836144
2,0.047833015168963766,0.1109382204867622,42.36769350379526,0.11910068865980508,226.462130613425
