PrincipalComponent,coi,c1i,a1i,c2i,a2i
1,1.1708160463024102,1.318929271111668,99.38939477207802,0.027688228995073602,213.73126526011484
2,0.04351212724901699,0.11265451371677238,43.50441499373006,0.1105670362482953,227.89305738266856
