PrincipalComponent,coi,c1i,a1i,c2i,a2i
1,1.164364669849941,1.172605403384844,91.52991347008859,0.08364126659820434,217.25121571495484
2,0.04892748005198229,0.11833787043436886,42.72909684586882,0.1228107074597705,227.07032273996825
