PrincipalComponent,coi,c1i,a1i,c2i,a2i
1,1.2172388744963543,1.3200556193448485,100.0,0.44170282786897747,163.82991589042024
2,0.059253662969887516,0.006278013554859145,31.388608573854636,0.04481570708552158,213.57097795880279
