PrincipalComponent,coi,c1i,a1i,c2i,a2i
1,1.1600378794268944,1.3453044667776144,100.0,0.3189740385108596,175.30599690231463
2,0.09008929694744405,0.030272455089976637,34.12603239325903,0.07418545023267441,216.81621434629272
