PrincipalComponent,coi,c1i,a1i,c2i,a2i
1,1.142017868059015,1.3055385329704963,100.0,0.3274193258793837,177.91333152786498
2,0.09418833761043835,0.05610752881531165,34.97098026403956,0.07566130435912535,217.54573776456746
