PrincipalComponent,coi,c1i,a1i,c2i,a2i
1,1.1739765333653933,1.3349551903895274,100.0,0.35411972874074965,171.4408530161804
2,0.0853463852260012,0.01969927827183462,33.173916558078915,0.06818808968069183,215.72089140498795
