PrincipalComponent,coi,c1i,a1i,c2i,a2i
1,1.2041249064415438,1.3211603694138299,100.0,0.4148428653958993,167.01348388801188
2,0.07019540089328836,0.009572870806222482,32.1488493662989,0.05214486926587777,214.4758078459481
