PrincipalComponent,coi,c1i,a1i,c2i,a2i
1,1.2201837629224639,1.2880491973182921,100.0,0.48227258207809703,161.2560008325941
2,0.056150134235289695,0.005695808947127163,30.76734525587974,0.042365192682418604,212.8415205667327
