PrincipalComponent,coi,c1i,a1i,c2i,a2i
1,1.1893547728893903,1.2881604955956314,100.0,0.42593121277048246,165.68873117008818
2,0.07744524093152098,0.013633931862497613,31.809800804346686,0.05917461290937092,214.09065712210864
