PrincipalComponent,coi,c1i,a1i,c2i,a2i
1,1.1459527542089842,1.3444431267483692,100.0,0.2992268053444631,178.91234576421306
2,0.09420292081708682,0.04636576928721795,35.11049651324388,0.07729259598178183,217.83095029432639
