PrincipalComponent,coi,c1i,a1i,c2i,a2i
1,1.139076386356315,1.2946688588752748,100.0,0.3267804702804787,179.14040969025234
2,0.09557027385519269,0.0645772553703213,35.309803869879,0.07621568521896342,217.89400977380674
