PrincipalComponent,coi,c1i,a1i,c2i,a2i
1,1.2215363000303423,1.2374896795702166,99.99999999999999,0.5491518238744911,155.63068996618233
2,0.04936158785353141,0.007134633370046793,29.40014387933234,0.03753843807152984,211.23570873253468
