PrincipalComponent,coi,c1i,a1i,c2i,a2i
1,1.1745126114305942,1.570237495278196,100.0,0.25365427068185276,163.74032480406493
2,0.03728653244980989,0.012717353520648067,31.286574425996402,0.0364058968222712,213.5885414690832
