PrincipalComponent,coi,c1i,a1i,c2i,a2i
1,1.2124401644881753,1.2478129878763877,100.0,0.5571570795667912,153.0191076525601
2,0.0438240334545336,0.00885253931395163,28.756437595941136,0.035501758316852254,210.505951585779
