PrincipalComponent,coi,c1i,a1i,c2i,a2i
1,1.1971738393888063,1.630227961034579,100.0,0.12879073751486914,183.7828245556944
2,0.04910837416379261,4.1753070634463954e-19,36.203958562141565,0.05513619582853594,219.29773668113853
