PrincipalComponent,coi,c1i,a1i,c2i,a2i
1,1.115271531819582,1.6374448948361597,98.58318103465635,0.0,206.78562704781234
2,0.06243841358042145,0.03537560875356198,41.5783877634552,0.10826210700896827,225.63017795074214
