PrincipalComponent,coi,c1i,a1i,c2i,a2i
1,1.1417114485492605,1.6666639414815356,100.0,0.015865874829983924,196.87524817978112
2,0.0674293215448153,0.0,39.52070047811983,0.09450622977753069,223.13546467384833
