PrincipalComponent,coi,c1i,a1i,c2i,a2i
1,1.166607725057486,1.5227526471971404,100.0,0.01249739905567295,207.10848561358452
2,0.06589715721408362,0.03012190939172887,41.973725101630215,0.11718789308262358,226.19748905814956
