PrincipalComponent,coi,c1i,a1i,c2i,a2i
1,1.1397232777817372,1.530751290831753,97.76538014488334,0.02669368722184677,208.7033906126015
2,0.04835440148754319,0.04030985629532305,41.97428034604006,0.11804953427746137,226.1254839058366
