PrincipalComponent,coi,c1i,a1i,c2i,a2i
1,1.042842720178592,1.4699702310391534,100.0,0.08446913199464508,203.10601569960826
2,0.09678050531048123,0.18907641321428723,46.1866308418354,0.0805122758265229,225.46384713443157
