PrincipalComponent,coi,c1i,a1i,c2i,a2i
1,1.0461442913752503,1.5258414273987957,100.0,0.05108915658653442,203.02895587883356
2,0.09774933271791791,0.16310971596169607,44.84582047666235,0.09048660502713883,225.24073154354633
