PrincipalComponent,coi,c1i,a1i,c2i,a2i
1,1.063780450977821,1.590723914475687,100.0,0.04184479014879309,200.79140572152815
2,0.09692524967112916,0.11388249329934101,42.26448525486841,0.09550484644298436,224.33443310296838
