PrincipalComponent,coi,c1i,a1i,c2i,a2i
1,1.0975672414620954,1.6776467500418573,100.0,0.05545501213354314,199.13825044689943
2,0.07875644207143581,0.07661397352447243,40.86485976543416,0.06682418955324354,223.78049384341915
