PrincipalComponent,coi,c1i,a1i,c2i,a2i
1,1.086892628881639,1.6384475309807545,100.0,0.055357653994841584,199.60128824724268
2,0.08743208886859427,0.08956821698889963,41.35878518536596,0.07914164719057755,223.93702633987118
