PrincipalComponent,coi,c1i,a1i,c2i,a2i
1,1.043312019322759,1.4881580525415532,100.0,0.07891908201655122,202.51532340575088
2,0.09726297936954173,0.17684946446013178,45.53745469569237,0.08363919559893226,225.21978583671878
