PrincipalComponent,coi,c1i,a1i,c2i,a2i
1,1.0741420414075573,1.597951129067896,100.0,0.06760661078511335,198.9164361958275
2,0.09263137520619155,0.09988334350206603,41.49701894141228,0.08819378884077693,223.7798899441186
