PrincipalComponent,coi,c1i,a1i,c2i,a2i
1,1.0992371961253136,1.675500718771383,100.0,0.07240364825885608,198.12265432152523
2,0.07604564574045546,0.07314142137408294,40.536054451550854,0.061973866735148764,223.46940585024228
