PrincipalComponent,coi,c1i,a1i,c2i,a2i
1,1.054649913201849,1.5625914360908608,100.0,0.03978910070727795,201.91380927457885
2,0.09777635184119052,0.13491420007341498,43.36261324099135,0.09565186295768852,224.75368678760748
