PrincipalComponent,coi,c1i,a1i,c2i,a2i
1,1.079346456930294,1.8321563416847875,100.0,1.0894795333013264e-16,201.58277129775175
2,0.05063944705736761,0.06279372596038048,40.937107072911544,0.030621471850584024,224.41114802034133
