PrincipalComponent,coi,c1i,a1i,c2i,a2i
1,1.1215785772181632,1.7917557411266731,100.0,1.4667481928203215e-16,206.2982330584953
2,0.05461359732301038,0.04213931210603689,41.95896967355704,0.02629535591259568,225.72380937219552
