PrincipalComponent,coi,c1i,a1i,c2i,a2i
1,1.0417912802746712,1.742428831983015,93.85838908116231,0.0,215.03731608921927
2,0.05030546566677534,0.06029325208003001,42.92955777541125,0.03835239554543518,226.85546368332624
