PrincipalComponent,coi,c1i,a1i,c2i,a2i
1,1.083115388604276,1.6339630315963483,95.36198618030338,1.6260894115530882e-17,214.9988297985524
2,0.07251984922462187,0.03560869135093509,43.13308487438693,0.07023959236264668,227.2005426480859
