PrincipalComponent,coi,c1i,a1i,c2i,a2i
1,1.032673007460783,1.63533068915396,93.83926893281425,0.0,215.79709424442925
2,0.07104560275572647,0.06909416161849892,43.15823875309921,0.07467458883733294,227.1061584374373
