PrincipalComponent,coi,c1i,a1i,c2i,a2i
1,0.9566399577217742,1.455353017498145,91.11323142214057,1.0301561944500117e-16,228.33349834842642
2,0.12208729434877627,0.3151255205485953,82.7044109165751,0.0,233.52097689329108
