PrincipalComponent,coi,c1i,a1i,c2i,a2i
1,0.9867153190371694,1.5685801481268815,91.6846091552033,0.0,229.96291582394682
2,0.11769417120625746,0.236979510157762,97.63273377303925,0.0,230.6127683936072
