PrincipalComponent,coi,c1i,a1i,c2i,a2i
1,1.0160850816286036,1.6353441552900227,93.04127779573707,0.0,217.0977334952533
2,0.07402270948342081,0.154367447802819,44.075275551711,0.07750585908604912,227.24057744802505
