PrincipalComponent,coi,c1i,a1i,c2i,a2i
1,1.0150379002387107,1.6800174378920345,93.56158692184317,3.501067425908292e-16,216.1129593874807
2,0.07291668424791131,0.12179422454717881,43.83551173295051,0.08274409301580098,227.09326971551593
