PrincipalComponent,coi,c1i,a1i,c2i,a2i
1,0.976424055097233,1.5393421390305517,90.73141425398074,0.0,231.26668834987692
2,0.1222718530031357,0.2554702187305966,96.42967009894636,0.0,230.90271753008926
