PrincipalComponent,coi,c1i,a1i,c2i,a2i
1,0.9570664782027268,1.4683810423932533,91.0228424174418,4.526020721787097e-16,228.63330564198816
2,0.1222705517997554,0.3062815706998114,84.33094524218656,1.1104104559485577e-17,233.3296796611322
