PrincipalComponent,coi,c1i,a1i,c2i,a2i
1,1.016851208409179,1.6494188143825448,93.35285908500195,0.0,216.7494922264699
2,0.07415300793988658,0.14266354285726812,44.018185240373974,0.07984762397890444,227.21196799611394
