PrincipalComponent,coi,c1i,a1i,c2i,a2i
1,0.9678744235660768,1.508351992807076,90.30774481653528,5.938880359703876e-17,230.95246779659018
2,0.12271865121951338,0.2763916025938088,92.44775778750574,4.337487403788462e-17,231.76323035437238
