PrincipalComponent,coi,c1i,a1i,c2i,a2i
1,0.9595115503535021,1.4817551482506097,90.41292146522217,2.1048384774891164e-16,229.66643573947135
2,0.12298369919187893,0.29857309423354994,86.97215201713269,3.1810326181580617e-17,232.87964750767208
