PrincipalComponent,coi,c1i,a1i,c2i,a2i
1,1.0060741849696568,1.7119664463162296,93.1602876829138,3.28960230385161e-17,216.0405535446404
2,0.06871156368945908,0.10869184453046372,43.65329261265869,0.08263635520364013,226.97752098284175
