PrincipalComponent,coi,c1i,a1i,c2i,a2i
1,0.9778547377182657,1.7636709206033383,89.2210120658663,2.2472918179776093e-19,217.4092655740754
2,0.05390967396487522,0.10491231956166193,42.94959656599367,0.06652537290333924,226.42058522408283
