PrincipalComponent,coi,c1i,a1i,c2i,a2i
1,0.9303555168021974,1.7579202962262341,83.23414099539077,3.228739540361191e-17,220.33277208764378
2,0.0524815355039059,0.07572517072782775,42.27167986506263,0.019771144808749034,225.93537647677195
