PrincipalComponent,coi,c1i,a1i,c2i,a2i
1,0.9864099203992873,1.7361155248225237,88.89996260135742,0.0,219.08988447497967
2,0.06291594819520055,0.06269889420679993,43.21260543333086,0.026491069780352917,226.91410997124947
