PrincipalComponent,coi,c1i,a1i,c2i,a2i
1,0.9786784054089693,1.6631110244804046,84.96011425308104,2.5673839154828527e-16,220.37450018993866
2,0.07087869477645123,0.05396898176795232,42.58507437254667,0.027870931936319846,226.37684736742904
