PrincipalComponent,coi,c1i,a1i,c2i,a2i
1,0.9291409250184666,1.6674037306154537,83.63668315407487,6.093726849047914e-17,220.69963394050495
2,0.06670723711352497,0.08850894056437546,42.5863796651817,0.030175943235360343,226.1955599896734
