PrincipalComponent,coi,c1i,a1i,c2i,a2i
1,0.910658624377376,1.468529266379225,86.32402443897111,1.592503332973068e-17,243.43699517114229
2,0.10145606936838233,0.3070932769369936,100.0,0.020064706738462803,213.88194233276562
