PrincipalComponent,coi,c1i,a1i,c2i,a2i
1,0.9368610627598724,1.4976244173656053,86.1344666400227,0.0999773187674574,218.65242275846927
2,0.06162663681632544,0.1571942574813663,42.65690883131827,0.13629285895783738,226.07368752809262
