PrincipalComponent,coi,c1i,a1i,c2i,a2i
1,0.9222827869968664,1.4982039286475495,86.49757304821642,1.3547933286581249e-17,242.89233684242438
2,0.0976869802199175,0.2859798425371318,100.0,0.0240572416325834,213.4309450268285
