PrincipalComponent,coi,c1i,a1i,c2i,a2i
1,0.8840329258870372,1.3715002084230403,84.45534062150156,0.0,242.19425954348003
2,0.11125906427152153,0.3844291885467491,100.0,0.002118824508348852,223.11414987369056
