PrincipalComponent,coi,c1i,a1i,c2i,a2i
1,0.8940006297314336,1.4099871008687919,84.39277151691309,1.5162654968674072e-18,244.17802884354523
2,0.10507246880535895,0.3575222296677494,100.0,0.005797363158526658,217.521401501736
