PrincipalComponent,coi,c1i,a1i,c2i,a2i
1,0.9016035404809472,1.4400701348737592,85.18999335754087,4.517328929149577e-17,244.2990435364489
2,0.10414098654085385,0.3323091769166754,100.0,0.01216244506312127,215.1188844577302
