PrincipalComponent,coi,c1i,a1i,c2i,a2i
1,0.9305236527609771,1.5396583994940083,86.89464489658731,0.0,241.75007048162948
2,0.09102185312991258,0.2556889317944267,100.0,0.030490723783531164,212.7331459532275
