PrincipalComponent,coi,c1i,a1i,c2i,a2i
1,0.936430681711457,1.4476085610047675,84.42290905047493,0.12393553472416913,218.89431065988074
2,0.06728841610159643,0.16126404701535993,42.36258023479538,0.15183720899352077,225.72556255722822
