PrincipalComponent,coi,c1i,a1i,c2i,a2i
1,0.8837453393484744,1.3597247814997917,84.43558218777419,8.94169174014474e-17,241.86886605857762
2,0.11347878397402096,0.3910965531485634,99.99999999999997,0.0010787997852929453,224.26461899246922
