PrincipalComponent,coi,c1i,a1i,c2i,a2i
1,0.9416287158785682,1.6416974559645368,85.90733612366479,0.014826581033568483,220.0489941065003
2,0.042357286617061,0.1399573769127181,42.810095802966494,0.06139609897671272,226.45961377815837
