PrincipalComponent,coi,c1i,a1i,c2i,a2i
1,0.8978560516174033,1.6190215589404675,83.79635043802539,0.06248983134157836,219.35440760519498
2,0.040163843123825684,0.15661641526973832,42.27954341795848,0.09809826048024849,225.75368400856237
