PrincipalComponent,coi,c1i,a1i,c2i,a2i
1,0.9283840452851063,1.5428182245253033,86.619373500139,0.0848588149497955,218.5663714555047
2,0.055444084424347014,0.1531420557771793,42.7164643532985,0.12550693027887586,226.17883717341553
