PrincipalComponent,coi,c1i,a1i,c2i,a2i
1,0.8516595726891548,1.7064323990719779,80.99949122075103,0.0,221.1319715660729
2,0.04734213961639631,0.09804810292200415,42.12707407231285,0.03240181598804825,225.71514726997353
