PrincipalComponent,coi,c1i,a1i,c2i,a2i
1,0.8562099377177395,1.6473407567734273,81.95330427310707,7.665527470437472e-17,221.23356744512364
2,0.06409937582655569,0.08157356618254415,42.450192132009,0.0337381373213878,226.0396591094926
