PrincipalComponent,coi,c1i,a1i,c2i,a2i
1,0.8214096845639245,0.8212694517689088,34.23980929848467,1.3506274504152083,250.0
2,0.01894473939156404,0.012328805264598317,39.5037220853042,0.011825155769574647,222.81258987110354
