PrincipalComponent,coi,c1i,a1i,c2i,a2i
1,0.8610222071292113,0.7129861773359036,35.10346285912015,1.284508698527124,249.99999999999997
2,0.0289147667642785,0.05453802396563115,41.62908799777077,8.829373186312538e-18,223.4857900575545
