PrincipalComponent,coi,c1i,a1i,c2i,a2i
1,0.9060725410605839,0.5861828408846713,36.723599052713055,1.2379485631544938,215.3581364003823
2,0.030608817805221764,0.10281469821072388,32.12862435860167,0.0002203199561153701,213.6065193646766
