PrincipalComponent,coi,c1i,a1i,c2i,a2i
1,0.9249374129431234,0.5729731060287022,41.00801204335423,1.1702779091822961,215.55832506947144
2,0.04863641078443937,0.13244823276886322,33.749442716139974,0.014328084460858207,214.80881530228766
