PrincipalComponent,coi,c1i,a1i,c2i,a2i
1,0.9208841922438524,0.5646750268640149,47.53184487891967,1.0622428442353489,216.37929985356882
2,0.08619656496189568,0.20310908076147605,38.17241360428386,0.06328043070994355,216.95835696420895
