PrincipalComponent,coi,c1i,a1i,c2i,a2i
1,0.9254018458027322,0.5652943685897336,49.01322765185319,1.0432620088927582,216.55202818242063
2,0.0927330387523472,0.21407790989336517,39.17265939080369,0.07457194774659119,217.4145272925641
