PrincipalComponent,coi,c1i,a1i,c2i,a2i
1,0.928364312099497,0.5803793899123756,53.31644651078315,0.9882570352898127,216.91385353784753
2,0.10484775282745161,0.23110956010276784,41.01898893992643,0.09998057585802315,218.53882854396213
