PrincipalComponent,coi,c1i,a1i,c2i,a2i
1,0.9429108905492009,0.6459901764221145,67.34719191010183,0.8264360401147376,216.8439447100932
2,0.1406772878405258,0.26824975748502233,47.24236689670276,0.15821457989120258,221.6258928709142
