PrincipalComponent,coi,c1i,a1i,c2i,a2i
1,0.9596625288617854,0.794149016372169,86.85137528086696,0.5925027963915502,218.85091094742253
2,0.1619204892743363,0.35907365610974845,61.6905357858592,0.12565434990604032,227.04442407989984
