PrincipalComponent,coi,c1i,a1i,c2i,a2i
1,0.9122004590282414,1.0435967358656488,98.3450832221838,0.1941530358753973,229.6913018888029
2,0.1742605301592521,0.6062487829352012,80.9519187608718,0.0,234.60530464015972
