PrincipalComponent,coi,c1i,a1i,c2i,a2i
1,0.16292978163458413,0.5707710734671867,40.57238803967717,1.2736695563500575,213.40621022097793
2,0.01503979972786892,0.05257573300616307,32.42688273582798,0.03637850535312502,213.84707673257228
