PrincipalComponent,coi,c1i,a1i,c2i,a2i
1,0.1682290196047047,0.5768444784482559,40.6029289434769,1.34052481507171,213.25611558124402
2,0.015960904629677527,0.045129807195574474,32.35722632278864,0.0800993375688445,213.78751289884593
