PrincipalComponent,coi,c1i,a1i,c2i,a2i
1,0.17332293137539984,0.5711103437692584,40.21404458077596,1.3672584869226805,213.05199753218898
2,0.01460563751463152,0.0465313769371088,32.23102861283211,0.08297743288177772,213.62613333035495
