PrincipalComponent,coi,c1i,a1i,c2i,a2i
1,0.18656781074432566,0.5497094600843593,40.64472576228006,1.4038055593567447,212.76639739748438
2,0.012090009296583548,0.05035324495934764,32.28724741621588,0.08539813875785614,213.65113245696264
