PrincipalComponent,coi,c1i,a1i,c2i,a2i
1,0.19209322444284382,0.535094526067889,40.596427057266254,1.4263702495231552,212.57073668539195
2,0.012101373460346497,0.0495466462847875,32.22772392344105,0.08751420030540341,213.58162294204038
