PrincipalComponent,coi,c1i,a1i,c2i,a2i
1,0.20414412884861619,0.5026948791691356,40.497783759747236,1.462074892578585,212.2219329320872
2,0.01319149725966768,0.04491484119167396,32.10912678438149,0.09228055884807068,213.45339378065935
