PrincipalComponent,coi,c1i,a1i,c2i,a2i
1,0.22070887351193552,0.4835217323012234,39.95392172094542,1.4753469118174989,211.8622305441929
2,0.013220366172889374,0.04562243125055065,31.877619645772054,0.08288233280629793,213.21510153857088
