PrincipalComponent,coi,c1i,a1i,c2i,a2i
1,0.22249195550769185,0.4616945036604608,35.513841592694355,1.4712775206147177,211.702218691925
2,0.015056291756995344,0.04213611144869331,30.74175480643142,0.07951600320722148,212.033486604922
