PrincipalComponent,coi,c1i,a1i,c2i,a2i
1,0.1858828079912452,0.4356908854256061,28.945333508669396,1.4454563511224128,210.40333273026073
2,0.02188692690638938,0.03530525081270837,28.87459309707624,0.06415703601049122,209.95656454551838
