PrincipalComponent,coi,c1i,a1i,c2i,a2i
1,0.6680674256162892,0.7110334748316148,51.23961180245507,0.8683682389484314,216.66368024550206
2,0.06154821789433344,0.13390036369196484,35.90684682592019,0.09454122218494936,217.5638775626477
