PrincipalComponent,coi,c1i,a1i,c2i,a2i
1,0.6788179277380421,0.7348841463131341,49.2918683783019,0.9051826109535597,216.15068677107018
2,0.04062217638942786,0.09014367644153558,34.83308694936616,0.05200713809779512,216.87297625225528
