PrincipalComponent,coi,c1i,a1i,c2i,a2i
1,0.6577540230405757,0.7416579061387637,39.76374689792045,1.1149387315525698,214.32923717791073
2,0.006905645116588738,0.01231899991060087,32.022526753977246,0.0070653887951335256,213.92380656671256
