PrincipalComponent,coi,c1i,a1i,c2i,a2i
1,0.6571293453214676,0.7402582751477054,38.99433105546735,1.2011520753678258,214.55616697051903
2,0.000350300701025281,0.0,31.995806256922315,0.0,213.80959494240662
