PrincipalComponent,coi,c1i,a1i,c2i,a2i
1,0.7023356268828802,0.7999880767694542,74.02178052569245,0.5253072035367717,221.07159505213056
2,0.1313643088618774,0.26148681467912394,45.45619998782858,0.27759990360271747,224.38801392634488
