PrincipalComponent,coi,c1i,a1i,c2i,a2i
1,0.6899800415567809,0.7889215480500295,70.20953990798002,0.5597305601628352,220.3887529045639
2,0.12176549176108759,0.2462146607318334,43.39269008140006,0.2677633988649056,223.2250009761886
