PrincipalComponent,coi,c1i,a1i,c2i,a2i
1,0.6707369993695752,0.763697615072193,63.27872517035233,0.6353068849902078,219.2953957762317
2,0.10912184979153271,0.22177962115894514,40.67508617235736,0.2349468389176381,221.23538125589118
