PrincipalComponent,coi,c1i,a1i,c2i,a2i
1,0.6773852280678532,0.7701670287023089,65.43168636196009,0.6105365991777421,219.7185052539298
2,0.11424140753354553,0.23132027850906864,41.48887588514522,0.24450257287882166,221.87221269928517
