PrincipalComponent,coi,c1i,a1i,c2i,a2i
1,0.6832131427259248,0.7421985688204951,72.98596526436411,0.4535787401277492,224.91185430776744
2,0.15211354500068955,0.4360819964137436,55.68529506552211,0.22962977978422625,226.56894308866018
