PrincipalComponent,coi,c1i,a1i,c2i,a2i
1,0.705806489404928,0.7502245350166143,74.31056293144403,0.5034889623509174,222.7049023920215
2,0.14690160790079615,0.351149853231835,50.59575627663577,0.2730559996815871,225.48617789590799
