PrincipalComponent,coi,c1i,a1i,c2i,a2i
1,0.6688919514937433,0.742383958655495,42.92454013765339,1.0252837073596976,214.6932479655243
2,0.016788845950935605,0.03763538152955429,32.81952972408168,0.01959597940511644,214.8295427069658
