PrincipalComponent,coi,c1i,a1i,c2i,a2i
1,0.704297602561558,0.7860592769055385,75.22955459828698,0.5102527730224808,221.72139256811255
2,0.13696803249051723,0.297851907185527,47.2475524722131,0.2870292696437535,225.0527183978758
