PrincipalComponent,coi,c1i,a1i,c2i,a2i
1,0.6627838723845759,0.7356820220629001,58.01791499635199,0.7231152544620294,218.278336780455
2,0.09061751472408083,0.19399004678007253,38.72595740219491,0.18271387065591013,219.7265014967758
