PrincipalComponent,coi,c1i,a1i,c2i,a2i
1,0.6445828599750234,0.7109169582088242,42.53426973489016,1.073234881806847,214.71643102283616
2,0.03046263486064303,0.056188544382642966,32.80692724410073,0.048969355291176436,214.7366418578782
