PrincipalComponent,coi,c1i,a1i,c2i,a2i
1,0.6681222858891409,0.6904702597366726,68.13915477972385,0.6357791113973982,220.8279237968219
2,0.15400117739093508,0.3137383485187775,46.66225460734038,0.3286420764411692,223.0222575762885
