PrincipalComponent,coi,c1i,a1i,c2i,a2i
1,0.6701547961937872,0.6614280355842505,67.64923221746535,0.6233888188192127,222.04084233976843
2,0.16526005160862856,0.36805322344260005,50.42032535170656,0.30931820746475536,223.62457025065615
