PrincipalComponent,coi,c1i,a1i,c2i,a2i
1,0.6513401508606339,0.6613083140581553,67.29980428986387,0.5687309713903949,224.5646415094586
2,0.16856892504793888,0.46023541579902805,56.42343177022416,0.2508948129111655,225.10235303121485
