PrincipalComponent,coi,c1i,a1i,c2i,a2i
1,0.6323220297258889,0.6695589402146812,52.20103371230397,0.8529629230874971,217.1327799302725
2,0.09044850681399548,0.18522665366173088,37.11678562568027,0.18769686107371905,217.9613196587741
