PrincipalComponent,coi,c1i,a1i,c2i,a2i
1,0.6423994236648009,0.7228872067043611,38.79531542144872,1.267131785587313,214.67994110357674
2,0.0061388059175293795,0.00660223637569627,31.999390798660293,0.006653268566729653,213.78635486327408
