PrincipalComponent,coi,c1i,a1i,c2i,a2i
1,0.6326650558129961,0.6861743209650926,55.23998932756317,0.7848167371791396,217.80728790310417
2,0.1055066441624684,0.2099022372245957,38.50487008834047,0.22933236505541632,218.87053540659343
