PrincipalComponent,coi,c1i,a1i,c2i,a2i
1,0.6407235911262644,0.6711909598546887,49.83178390800105,0.9165023821950452,216.51363666186202
2,0.07579916182480291,0.1526010921004853,35.87323060640536,0.13710892107110048,217.18012478989917
