PrincipalComponent,coi,c1i,a1i,c2i,a2i
1,0.6404690629098584,0.7031409914104156,59.35699260864311,0.7128798953663462,218.69320542051537
2,0.12309462489147563,0.23578716018701057,40.28872039027529,0.2825699852577431,220.0561968492182
