PrincipalComponent,coi,c1i,a1i,c2i,a2i
1,0.6465940204770223,0.703501464735157,60.91772726357119,0.6965595353915438,219.02707522390875
2,0.12819689996545025,0.24493302212488302,41.01153146861291,0.29201006777949884,220.52840345614175
