PrincipalComponent,coi,c1i,a1i,c2i,a2i
1,0.6576631883650411,0.7072606133893148,64.39951548516277,0.6657164866700165,219.5486755434825
2,0.1360695308322651,0.260177546787044,42.77933080686306,0.31378517088587443,221.51008427236837
