PrincipalComponent,coi,c1i,a1i,c2i,a2i
1,0.6682347264025447,0.7038019311934856,66.97505038520258,0.650492639382475,220.090584381856
2,0.14624370004780002,0.27578037702036,44.650110436802144,0.32251793743570645,222.32891898522902
