PrincipalComponent,coi,c1i,a1i,c2i,a2i
1,0.6515333602571481,0.6982377631914324,48.300243697004014,0.9518808201980757,216.04158081854715
2,0.05591925631618229,0.1082612028932713,34.73328149521523,0.09140059317334545,216.5986346936263
