PrincipalComponent,coi,c1i,a1i,c2i,a2i
1,0.6691109375373753,0.7610875975626673,39.94934107413318,1.0611523578076993,214.19161949984468
2,0.0012671043105412058,0.0013090566180596023,32.07494859965617,0.0005252960021403334,213.95613782926617
