PrincipalComponent,coi,c1i,a1i,c2i,a2i
1,0.6846454114174234,0.7836061190615922,56.43130677105021,0.729674027981003,217.65307286126992
2,0.06508488515142788,0.1265999488103032,37.12663028734261,0.1179156165551828,219.09012955508882
