PrincipalComponent,coi,c1i,a1i,c2i,a2i
1,0.732703890447227,0.8952393677501911,81.1245679218041,0.34065561607545497,223.07568358158255
2,0.13424892231029903,0.295661023442892,48.863846062664706,0.2689835984023161,226.84141719862285
