PrincipalComponent,coi,c1i,a1i,c2i,a2i
1,0.6577276481285573,0.7426294513979155,39.14649604517236,1.1387063244382767,214.3480067447119
2,0.00416383026913041,0.005793819813364913,31.961899506914634,0.003935098280206499,213.79767365457212
