PrincipalComponent,coi,c1i,a1i,c2i,a2i
1,0.6965166336777435,0.862966339713769,67.11784617410648,0.5324695209658261,219.8611997240212
2,0.0985714878382496,0.17535587998987218,40.478700311361166,0.21187021538631992,222.25778209213937
