PrincipalComponent,coi,c1i,a1i,c2i,a2i
1,0.7298177609645603,0.9338932948129546,81.76967961766603,0.34692961034638886,222.3442785259663
2,0.12604577228084096,0.24766607266543397,46.267529363541435,0.2733461677621768,226.54271159232312
