PrincipalComponent,coi,c1i,a1i,c2i,a2i
1,0.7002516777899601,0.7848483171841167,50.40749424971494,0.8460611208862522,216.19942634779588
2,0.029717979036374062,0.05787195693429672,34.89319191986997,0.033095704638158696,217.14876313391673
