PrincipalComponent,coi,c1i,a1i,c2i,a2i
1,0.7029340812972744,0.873885910512383,69.38831349570073,0.5022612017266518,220.2455420701843
2,0.10388968887656984,0.18393389897686158,41.16696426408373,0.22278501667184894,222.90259489954536
