PrincipalComponent,coi,c1i,a1i,c2i,a2i
1,0.7282138570850516,0.9405077168571752,80.0724776918202,0.3712336243221979,221.74286218249495
2,0.1213844833494921,0.2114616029853065,44.83901630765222,0.26155475792528204,225.85963616080215
