PrincipalComponent,coi,c1i,a1i,c2i,a2i
1,0.7102636494422859,0.8843437079299702,79.57786421422637,0.29007494940632456,225.0119710719543
2,0.1370751055316552,0.36995253316363114,52.86193058817172,0.2444748725332612,227.58853656187375
