PrincipalComponent,coi,c1i,a1i,c2i,a2i
1,0.6867857176169598,0.8168377691737329,60.684008138245936,0.6415752130015251,218.6286750439487
2,0.08060969197027087,0.14938974081425085,38.55496867561642,0.1590462619901217,220.39593012714516
