PrincipalComponent,coi,c1i,a1i,c2i,a2i
1,0.6916355442137283,0.7725371218727175,52.995410098490225,0.8032497472007873,216.80366697368163
2,0.050529833697569804,0.09492707970429508,35.90360902688114,0.07323442972880756,217.99063228221505
