PrincipalComponent,coi,c1i,a1i,c2i,a2i
1,0.7156395090538809,0.9156411558595517,75.61107334752391,0.42258050973698913,221.08187422158588
2,0.11268027709145428,0.1972700638410186,43.081451042380316,0.24832791044508423,224.6013931862215
