PrincipalComponent,coi,c1i,a1i,c2i,a2i
1,0.7518329749047011,0.9526782927503189,63.387768134276634,0.6014096310156553,218.86678966575468
2,0.030167485240947346,0.03968795183245733,38.25359146990544,0.04041690078503716,221.11737174140225
