PrincipalComponent,coi,c1i,a1i,c2i,a2i
1,0.6965468823453412,0.7969355474854444,45.14352492273594,0.9323321484370148,215.0377771638961
2,0.005295701068198277,0.009223370876758749,33.38577579853661,0.003877122901509696,215.5000471685125
