PrincipalComponent,coi,c1i,a1i,c2i,a2i
1,0.7708726658080499,1.1076009633912436,84.05378417922411,0.2153670592962091,222.31279979294527
2,0.10188239268079724,0.17404435800399562,44.197532082824864,0.22901216100763575,226.92641839254625
