PrincipalComponent,coi,c1i,a1i,c2i,a2i
1,0.7584254316735072,1.1792063037615157,82.59151734217197,0.20557485069387613,223.19655053142588
2,0.07844600966905696,0.10846768193342299,43.64956206573295,0.15678568096179626,226.96201434708527
