PrincipalComponent,coi,c1i,a1i,c2i,a2i
1,0.6698643429860834,0.7458803981957493,43.31752463321376,1.0144941153216347,214.78443912436805
2,0.017665035398614377,0.038579430498251674,32.93312802153428,0.019242397528365745,214.95592112958337
