PrincipalComponent,coi,c1i,a1i,c2i,a2i
1,0.7422113207318604,0.9839162793267843,76.70616806261323,0.2414240196810513,222.58638329558894
2,0.10700704004487332,0.2817842234698509,45.68707118991079,0.24006648601019948,225.4598134285495
