PrincipalComponent,coi,c1i,a1i,c2i,a2i
1,0.7701124417565017,1.049470885629218,82.27563922080354,0.2288661748405137,222.2935988934257
2,0.10932561448259766,0.21869109239043302,45.054225118775,0.23687979451406954,226.51916864184807
