PrincipalComponent,coi,c1i,a1i,c2i,a2i
1,0.7674388518164941,1.181255463334885,85.28529356173229,0.17274006494969607,222.9937503385488
2,0.09020302738103787,0.12877190176857445,44.17860612956733,0.1939583134329796,227.47096007352786
