PrincipalComponent,coi,c1i,a1i,c2i,a2i
1,0.7459288836748159,0.9920090227692658,67.79742074268951,0.5112562101506691,219.98347427851954
2,0.04408862133595962,0.0653590522849347,39.57790282290569,0.07486003445758715,222.51548268975813
