PrincipalComponent,coi,c1i,a1i,c2i,a2i
1,0.7565757710433549,0.9326232035543072,59.73622866136595,0.6586339356121207,218.18564220841114
2,0.01230600517680595,0.014811331694715464,37.16291534796196,0.011573596264981766,220.00898976768445
