PrincipalComponent,coi,c1i,a1i,c2i,a2i
1,0.72983718577059,0.8551052786971763,50.53513177156403,0.8213873316833503,216.06979537513092
2,0.0007061329281153446,0.00010009546050774138,34.77794337159942,0.00016641354170963932,217.13870750437025
