PrincipalComponent,coi,c1i,a1i,c2i,a2i
1,0.7640021419469745,1.2174750666182605,85.78013800536941,0.14582076209926984,223.7814145974555
2,0.08450167673095717,0.11537379716136169,44.47077726365828,0.168071157088609,227.87967339345164
