PrincipalComponent,coi,c1i,a1i,c2i,a2i
1,0.7494618290366979,1.0632264974576322,73.58395854060167,0.38772727710369553,221.3323190627874
2,0.05871945594354202,0.08596557829588362,41.23902523635973,0.10879794873199844,224.29319734341158
