PrincipalComponent,coi,c1i,a1i,c2i,a2i
1,0.750091307300627,0.9071796749107522,56.349507694836326,0.7137742204378096,217.31674323739324
2,0.007289784443754999,0.01030547842496186,36.28659032166919,0.004677974925104333,218.92560672786132
