PrincipalComponent,coi,c1i,a1i,c2i,a2i
1,0.7952176162096054,1.1694634347327661,76.4130905582303,0.3402636182536738,221.90898529158835
2,0.024598014396965365,0.03122293480390421,41.68989990129756,0.043058315263145706,225.18505349089457
