PrincipalComponent,coi,c1i,a1i,c2i,a2i
1,0.8088325283277054,1.300440893439413,87.02006821489894,0.11129023425075696,223.33251633858862
2,0.06619787683823793,0.08873573361872666,44.25488983211408,0.14409876733117996,228.04122555861835
