PrincipalComponent,coi,c1i,a1i,c2i,a2i
1,0.7951557435308095,1.0449982038285728,66.93192494122934,0.5208262266937264,219.9999681798861
2,0.0018304447044449018,0.0010779184157827426,39.232654245953405,0.001497799023820813,222.33603993033958
