PrincipalComponent,coi,c1i,a1i,c2i,a2i
1,0.6767057637155285,0.7387451102280833,47.223759549210016,0.9329649811972722,215.57804447088873
2,0.033340750402683125,0.07878261309879105,34.139968629892145,0.039022410587110895,216.1807799192495
