PrincipalComponent,coi,c1i,a1i,c2i,a2i
1,0.8093579725783612,1.1621367922360661,83.83404540375487,0.17510271917283085,222.48797598906498
2,0.08618437259573768,0.1758632869974822,44.26617216177542,0.1918375002531193,226.9689686148122
