PrincipalComponent,coi,c1i,a1i,c2i,a2i
1,0.7986031928605991,1.098611609655601,71.27839767707401,0.4498918375674121,220.77189420462187
2,0.012726425095861249,0.012705846802954127,40.22964298640813,0.018379578958816308,223.5921067899532
