PrincipalComponent,coi,c1i,a1i,c2i,a2i
1,0.8059398423716138,1.334414953087226,87.38871476576128,0.0840743955057493,224.04544289488484
2,0.05971843809055723,0.07591172477081526,44.54515702796281,0.12071159970121138,228.3865060469172
