PrincipalComponent,coi,c1i,a1i,c2i,a2i
1,0.800093236445234,1.279707872605734,83.08764973182313,0.182652700928616,223.4207696337904
2,0.03777001299983648,0.0481560397655143,43.51074154822276,0.07038926150551526,227.23513131519013
