PrincipalComponent,coi,c1i,a1i,c2i,a2i
1,0.8104995419253,1.2279602449403124,85.87345077341749,0.154589031750259,222.6739380568799
2,0.07932194303271027,0.1324168413712265,44.03625052643461,0.1793233523116535,227.51149274077156
