PrincipalComponent,coi,c1i,a1i,c2i,a2i
1,0.7086374152699135,0.81273933970096,49.737846309264114,0.8438177367858748,215.8438965970395
2,0.017829838099922436,0.03556547177375325,34.55116925607358,0.016454054099958728,216.8660172560543
