PrincipalComponent,coi,c1i,a1i,c2i,a2i
1,0.8155074006189336,1.273310973668168,87.06856536251868,0.12910978791796354,222.91857461519493
2,0.07269134354102942,0.10179591532791551,44.20753773858326,0.15997158737279155,227.89529449106973
