PrincipalComponent,coi,c1i,a1i,c2i,a2i
1,0.8037634538278636,1.3519449965742119,87.66091936776239,0.07194134656327045,224.26500788653706
2,0.05495345904648057,0.06889196418763739,44.68020281332609,0.11063607167399386,228.5430827875414
