PrincipalComponent,coi,c1i,a1i,c2i,a2i
1,0.7775001285498073,1.0773648117533585,77.51012663422694,0.20397178177177663,222.32529357091033
2,0.08553473835416349,0.23703978708672266,44.087377863142294,0.20640039108485111,225.4834618900849
