PrincipalComponent,coi,c1i,a1i,c2i,a2i
1,0.7138160101739599,0.8308137353482962,54.201970401208186,0.7620616609034665,216.89780480222652
2,0.035119852191486674,0.059106576665366214,35.904458564063304,0.04087929540373831,218.29151289187402
