PrincipalComponent,coi,c1i,a1i,c2i,a2i
1,0.8324057610455368,1.3227955827618503,83.58904949771119,0.19589841004929404,223.6216394179649
2,0.010877755122390259,0.015168183012626521,43.52455209393904,0.016420012409013498,227.4261845728291
