PrincipalComponent,coi,c1i,a1i,c2i,a2i
1,0.8391876387422004,1.4615433672264195,90.60013704102172,0.010131623134732377,224.57394921385827
2,0.036230169092268595,0.0486667625354406,45.281218860300484,0.06625373537226491,229.34761190573272
