PrincipalComponent,coi,c1i,a1i,c2i,a2i
1,0.6785659671274157,0.7388948685907051,50.959367976280916,0.860727158509844,216.51139086504665
2,0.0522655545208165,0.11026975365594435,35.49633168169828,0.06838743329382471,217.41865382654856
