PrincipalComponent,coi,c1i,a1i,c2i,a2i
1,0.8312334384574303,1.2228450439758163,78.00601395951527,0.3205302551580285,222.51159317582807
2,0.0032396608980813993,0.0030765455655344214,42.197121833054666,0.003288105764916301,225.77168740956404
