PrincipalComponent,coi,c1i,a1i,c2i,a2i
1,0.847054858051687,1.351951980285945,89.61474993157857,0.08412513860070421,223.20766525069052
2,0.060501429796734195,0.1098221928433556,44.82895129078096,0.12815378943863176,228.59947761505885
