PrincipalComponent,coi,c1i,a1i,c2i,a2i
1,0.7599447944027955,0.9535357750976068,61.838851702493955,0.6145085632532247,218.50864702963955
2,0.0205773266087314,0.02550804495920916,37.76119741017175,0.021790624218044397,220.62941779010703
