PrincipalComponent,coi,c1i,a1i,c2i,a2i
1,0.8449131258382616,1.2807257323472603,87.40608640315865,0.11044097466394828,222.99692170291883
2,0.06826187681488068,0.1512577795785301,44.829776389617194,0.1433327740614154,228.00849128589527
