PrincipalComponent,coi,c1i,a1i,c2i,a2i
1,0.8451501422116552,1.4208626622972127,90.44330124191004,0.042150143629925876,223.80308765995753
2,0.046459276688516515,0.06841034012422734,45.077009307042,0.09434529323817259,229.0317195413131
