PrincipalComponent,coi,c1i,a1i,c2i,a2i
1,0.8415806148954124,1.4480157775142173,90.47217380015314,0.019601946867993866,224.4307101348246
2,0.040940176258707967,0.05538081277387718,45.21484502820292,0.07420991838045433,229.26077901491036
