PrincipalComponent,coi,c1i,a1i,c2i,a2i
1,0.8167696919132749,1.1398902539759113,73.2896894545637,0.3984559323230455,221.553314731411
2,0.0026515658911863645,0.0022664231477399943,40.96366513792098,0.0017957820796180627,224.35128661459916
