PrincipalComponent,coi,c1i,a1i,c2i,a2i
1,0.8407630986039164,1.4753218969932667,91.22052119197777,0.0014984089470474716,225.12667903925856
2,0.02114831410210537,0.029010152497621403,45.58923732237735,0.03545279279365645,229.72689359919704
