PrincipalComponent,coi,c1i,a1i,c2i,a2i
1,0.8116145051881993,1.1787404270393684,80.37928030356254,0.1549884214794812,222.81481730884167
2,0.06856559459320076,0.20896281878584222,44.254861206908444,0.16632053341147474,226.34185962081565
