PrincipalComponent,coi,c1i,a1i,c2i,a2i
1,0.7045638163018446,0.8303747172698429,56.03516136529806,0.7249435576586043,217.4579776210738
2,0.04748998564584101,0.08319459122036135,36.601098502070414,0.07155440415355288,218.92021268216294
