PrincipalComponent,coi,c1i,a1i,c2i,a2i
1,0.667980465255318,0.7271508153026447,52.342247499980935,0.8274609751094062,216.96095402186512
2,0.06488767911646112,0.14036519088166893,36.289955212986605,0.10291620775716379,217.92997705885136
