PrincipalComponent,coi,c1i,a1i,c2i,a2i
1,0.8149930515115155,1.172473877257157,75.27595622776823,0.3615625605719514,222.00069965340862
2,0.0076521166107239936,0.01004522105375227,41.423452757737145,0.012161803479587271,224.9355482589328
