PrincipalComponent,coi,c1i,a1i,c2i,a2i
1,0.8371651726856255,1.27367705715507,79.99137061021537,0.28619696035470815,222.97801832932683
2,0.0012237396308771202,0.0007598205238764366,42.73544525535223,0.00042941206643812746,226.38159653543437
