PrincipalComponent,coi,c1i,a1i,c2i,a2i
1,0.8571496293075652,1.524331287938346,91.61708333212405,0.0,224.4399734636306
2,0.03114077372003329,0.029765589967491884,45.40691398166263,0.05291811808160107,229.52682123768966
