PrincipalComponent,coi,c1i,a1i,c2i,a2i
1,0.8435931984488102,1.3938817556392713,85.75110212930564,0.15530206668286686,224.22313523379808
2,0.0045500896623782445,0.005150263032709162,44.267014266945466,0.004011051476949667,228.14775433892933
