PrincipalComponent,coi,c1i,a1i,c2i,a2i
1,0.8543846391743203,1.5283552155718096,91.42159544984486,0.0,224.59005729795928
2,0.026150222730871343,0.025918893061676215,45.43998799090347,0.04373459651465222,229.5401522322821
