PrincipalComponent,coi,c1i,a1i,c2i,a2i
1,0.8670225499668746,1.461583085457782,92.38653422356786,0.032341074067478985,223.56314076648064
2,0.04720329588520304,0.08736612907700862,45.44841625306315,0.09440032985762374,229.38865565881576
