PrincipalComponent,coi,c1i,a1i,c2i,a2i
1,0.8627761691838649,1.5188735124630444,92.62615261912744,7.921075606630402e-17,223.93322016522052
2,0.0357623406691745,0.04366575737463893,45.49115776506495,0.06769773629633367,229.59806246667515
