PrincipalComponent,coi,c1i,a1i,c2i,a2i
1,0.8525807575965931,1.5258711668750997,91.51886711154522,0.0,225.20374158212425
2,0.012224873621635896,0.013544898739618559,45.5461218764139,0.016604672549355794,229.78483365781744
