PrincipalComponent,coi,c1i,a1i,c2i,a2i
1,0.7518136934848748,0.9649221351969061,63.89868190490337,0.5761169238132525,219.06939873318862
2,0.03163534840966577,0.04491611274598731,38.42635394102163,0.04534750056028254,221.3015588261882
