PrincipalComponent,coi,c1i,a1i,c2i,a2i
1,0.8289202977263003,1.2706867499222378,82.40311546962153,0.12252581182492904,223.04672043934647
2,0.0578348811481593,0.17894295059934867,44.25197782877052,0.14187931750980107,226.87899282603124
