PrincipalComponent,coi,c1i,a1i,c2i,a2i
1,0.8632535929864018,1.3856102969194004,89.85844463978766,0.06545053816890228,223.27493505274708
2,0.05658045031608147,0.12469354743204342,45.16688799149234,0.11272541666634486,228.68665994439286
