PrincipalComponent,coi,c1i,a1i,c2i,a2i
1,0.8127112010965988,1.268711478830132,81.2786050399438,0.2406560072533371,223.05860211680164
2,0.018174644354428438,0.029140887249439404,43.012221644833076,0.03354279140537975,226.7143062662661
