PrincipalComponent,coi,c1i,a1i,c2i,a2i
1,0.6585286854535983,0.7288327440476755,55.54927236150152,0.7681775765348451,217.78213114538224
2,0.08111650342465433,0.1799246989817096,37.92784740969487,0.15198809876530156,218.99881927151924
