PrincipalComponent,coi,c1i,a1i,c2i,a2i
1,0.8642019189653294,1.5842101012413874,91.71727561389982,3.52443872887956e-17,224.9715319619124
2,0.0036209116772649833,0.0028019876589222862,45.67809731458546,0.003216019443200992,229.76154790422405
