PrincipalComponent,coi,c1i,a1i,c2i,a2i
1,0.8573851476083826,1.5630798971534314,92.36283307997599,4.3754770289208364e-18,225.4010549889409
2,0.0016203107777701246,0.0010689683933207527,45.95702388017215,0.00026608450049876844,230.08292810100664
