PrincipalComponent,coi,c1i,a1i,c2i,a2i
1,0.8890045395060767,1.5170063457278542,92.36376423719534,0.013071318262959753,223.2228908140131
2,0.0379659851598574,0.09841033188741363,45.4550583794813,0.07901544224377155,229.24368578364533
