PrincipalComponent,coi,c1i,a1i,c2i,a2i
1,0.8719929779417097,1.6001877449672173,91.85895436113984,0.0,224.3489346571473
2,0.012682942646885886,0.009487958222930087,45.312597070012615,0.019732338681596292,229.5542582604554
