PrincipalComponent,coi,c1i,a1i,c2i,a2i
1,0.6958002290885311,0.8471653136350736,59.88017786244455,0.657086644864423,218.34018431817404
2,0.06353784349282139,0.11781457688459072,37.99162907422737,0.11621867529351076,220.12426510431874
