PrincipalComponent,coi,c1i,a1i,c2i,a2i
1,0.843856875156118,1.4199209560760568,87.18555639624488,0.13208810426757212,224.3931073300164
2,0.005450981157748875,0.007706455482374053,44.6101719738847,0.00838023326158638,228.53932936780873
