PrincipalComponent,coi,c1i,a1i,c2i,a2i
1,0.7438661873405763,1.0063659331771335,68.56796476092924,0.49271041136653815,220.16159790871507
2,0.04692244617365181,0.07507528839563687,39.87979800744823,0.08156854176160518,222.75249170259846
