PrincipalComponent,coi,c1i,a1i,c2i,a2i
1,0.8537840205427506,1.3892978942075405,84.73998759335197,0.08226143850037174,223.0663677004702
2,0.04022939699104288,0.15006909676621374,44.32639072107443,0.11293859514976168,227.40067567114195
