PrincipalComponent,coi,c1i,a1i,c2i,a2i
1,0.8821612207186592,1.599255230110738,92.98509838373428,1.1315435434178441e-17,223.40963151034353
2,0.022046246191808554,0.018271681598073387,45.35039589514506,0.043018432222382094,229.49642827717986
