PrincipalComponent,coi,c1i,a1i,c2i,a2i
1,0.8914712659491673,1.5932404349827516,93.92139534993264,7.83353088293312e-17,223.09762867780424
2,0.027547394439611832,0.027732873449822306,45.497378089028054,0.05513678889264001,229.61473965434595
