PrincipalComponent,coi,c1i,a1i,c2i,a2i
1,0.8880824361247455,1.5758929310588075,93.77439294425119,0.0,223.10097116444618
2,0.0350768635652514,0.05012023164203051,45.49362996081494,0.07367925568547574,229.55687322044417
