PrincipalComponent,coi,c1i,a1i,c2i,a2i
1,0.8761246504706189,1.599039603644955,92.05121858913184,0.0,224.0008400439042
2,0.01629535621920337,0.012262788371934272,45.282594736208175,0.026633116339972854,229.458775047234
