PrincipalComponent,coi,c1i,a1i,c2i,a2i
1,0.8805620498959117,1.6167851593370233,91.87591904174425,0.0,224.09326483669795
2,0.009695433709939675,0.006264395302334666,45.32726484641092,0.014483815693206212,229.4494932565168
