PrincipalComponent,coi,c1i,a1i,c2i,a2i
1,0.8613531993411817,1.5709262220705262,92.30968843947107,9.049390575734636e-18,225.23293737333486
2,0.00286779488594095,0.0019849105403540253,45.89087946199539,0.0012019692708425773,230.0077892026027
