PrincipalComponent,coi,c1i,a1i,c2i,a2i
1,0.9000015093715179,1.5510258098782148,92.85422046572752,3.0522773542105465e-18,223.08061018891038
2,0.03372105279764445,0.09053608696653474,45.43621694673136,0.07059217237521179,229.30200539600014
