PrincipalComponent,coi,c1i,a1i,c2i,a2i
1,0.7005476627656875,0.8604539443249459,62.10038336983294,0.621836585987671,218.8192202693299
2,0.06821655208352943,0.1290089163445929,38.74798376677787,0.12843867065195566,220.8094856592251
