PrincipalComponent,coi,c1i,a1i,c2i,a2i
1,0.8710007001164088,1.596551304461157,91.69269294394246,0.0,224.8198546746415
2,0.002328071604013942,0.001212425836741767,45.61804309844842,0.001353462283094492,229.6945097974183
