PrincipalComponent,coi,c1i,a1i,c2i,a2i
1,0.8921017701048066,1.618485717451175,93.03490129905707,0.0,223.26418231706734
2,0.017892201887596944,0.013900764313319026,45.28837845774239,0.03577249399691526,229.44992451508404
