PrincipalComponent,coi,c1i,a1i,c2i,a2i
1,0.9019298329441735,1.6140347736162641,93.96585982637538,7.139974227787808e-17,222.9260230790758
2,0.023105991547936636,0.022543576217896995,45.41078319051884,0.04677138492228126,229.5536087647157
