PrincipalComponent,coi,c1i,a1i,c2i,a2i
1,0.8984540734205091,1.5983038028729613,93.79830542302619,5.508797414266008e-18,222.9046337325444
2,0.030565826197253797,0.04401758952470189,45.43926644299522,0.06444226262180051,229.48924019452667
