PrincipalComponent,coi,c1i,a1i,c2i,a2i
1,0.7482935490267892,1.031176650902457,71.08438983199025,0.4477740243971931,220.70049095048347
2,0.05172641327032741,0.08445961322775766,40.6345830579255,0.09241142869891188,223.52389548955458
