PrincipalComponent,coi,c1i,a1i,c2i,a2i
1,0.8650733590056817,1.4229244675928179,85.37438324506878,0.06956269095867115,223.05745133814168
2,0.03587837864721581,0.1423979358631913,44.32458048247828,0.10380506589922166,227.52694036426664
