PrincipalComponent,coi,c1i,a1i,c2i,a2i
1,0.8854054477471085,1.6167756805941773,92.08736312769994,4.49997304219919e-17,223.98403969208755
2,0.012604336564329391,0.008543555789327001,45.222381844480154,0.020732392976526147,229.44235709631513
