PrincipalComponent,coi,c1i,a1i,c2i,a2i
1,0.8181760538871206,1.3173047601819128,84.34108114673711,0.17488093274690328,223.67777420221867
2,0.0218463653087618,0.036142839829978485,43.83892392425873,0.04081314503854752,227.63219510984382
