PrincipalComponent,coi,c1i,a1i,c2i,a2i
1,0.6618535696519183,0.7334900557840384,57.142277695132044,0.7422365227337153,218.14757832445596
2,0.08627000872427691,0.19232820409089235,38.69013943954694,0.16487893393705758,219.52761114737464
