PrincipalComponent,coi,c1i,a1i,c2i,a2i
1,0.8508801082373315,1.4889875543511304,90.6043094508155,0.049592872692088584,225.0261349082409
2,0.007879473015162846,0.011416085411864965,45.37553784722213,0.01244215605957997,229.52623667069767
