PrincipalComponent,coi,c1i,a1i,c2i,a2i
1,0.8524083183814639,1.5304379159833656,92.33450633341388,2.620717991987867e-18,225.0477628140143
2,0.013268904910054427,0.017895265229710237,45.70911172678203,0.024255103466200023,229.9341273276492
