PrincipalComponent,coi,c1i,a1i,c2i,a2i
1,0.7033642780258296,0.8918648679005196,65.9704301239051,0.5498322509258174,219.73165677275858
2,0.0780945716839137,0.14308222011292213,39.946072850766114,0.15728770230459674,221.99849590058665
