PrincipalComponent,coi,c1i,a1i,c2i,a2i
1,0.9157302910212995,1.648179266983117,94.18279557435855,0.0,222.75350500691752
2,0.015963315238515387,0.015252845544477171,45.332872458790305,0.032919013460026014,229.52603314379152
