PrincipalComponent,coi,c1i,a1i,c2i,a2i
1,0.8641439023926857,1.5807600201831042,92.13668957008522,0.0,225.00632677039889
2,0.004932481376075378,0.004338753336297246,45.77667573235454,0.007028352177207646,229.87733316539666
