PrincipalComponent,coi,c1i,a1i,c2i,a2i
1,0.8970386792152194,1.644482432737329,92.30568799088626,0.0,223.9378315607228
2,0.007295567507451696,0.004672997267195455,45.437760788777624,0.011034025177687307,229.49465254936803
