PrincipalComponent,coi,c1i,a1i,c2i,a2i
1,0.82167080317993,1.410699900825739,89.58512928953333,0.048657453911880706,224.84850287243003
2,0.029819761603903885,0.0463956836285592,45.27102280898853,0.05887483592347226,229.2425889605168
