PrincipalComponent,coi,c1i,a1i,c2i,a2i
1,0.8773728387614119,1.6136870013149727,91.71929996853584,2.1204559132256308e-17,224.60562311248353
2,0.0017215864144428034,0.0009907116207300845,45.552335170039356,0.000590411355578612,229.61559735419962
