PrincipalComponent,coi,c1i,a1i,c2i,a2i
1,0.7509800008216292,1.0848835349965633,75.6616778651728,0.3553406343243737,221.7528567018902
2,0.061135998563886365,0.09811378102896,41.94579796950709,0.11682359733046545,224.92477033763356
