PrincipalComponent,coi,c1i,a1i,c2i,a2i
1,0.8815437428336378,1.4804185791970115,86.40871941948116,0.04844240269424234,223.04380612536573
2,0.027628733595115983,0.1286287018973336,44.345926069021495,0.08896850576477232,227.74060424642946
