PrincipalComponent,coi,c1i,a1i,c2i,a2i
1,0.9050717210173169,1.6502678492148402,93.2868285828822,5.544195030268394e-17,223.21468444331057
2,0.011585664566639536,0.00827271230974251,45.23574716172823,0.02302193670822273,229.45711734538173
