PrincipalComponent,coi,c1i,a1i,c2i,a2i
1,0.664794370185984,0.7530129217193334,60.66317389938716,0.6806117805093789,218.92492822651624
2,0.09565721557938685,0.20905616601466687,39.99708079739324,0.1945420317360116,220.6034352756253
