PrincipalComponent,coi,c1i,a1i,c2i,a2i
1,0.8913205819326294,1.6426121267942049,92.05467567228433,0.0,224.08016450456446
2,0.005280304116109794,0.002751827640696377,45.44343851815627,0.006637559581833321,229.4959456936044
