PrincipalComponent,coi,c1i,a1i,c2i,a2i
1,0.9127930922468516,1.591621396998952,92.59482010338844,6.262614759550916e-17,222.69397770261006
2,0.031153432548724186,0.062312036748244204,45.22584302371238,0.07162143786266699,229.11219217342364
