PrincipalComponent,coi,c1i,a1i,c2i,a2i
1,0.9131219932824134,1.6356037776889,94.02201980603124,3.347679742991393e-17,222.65768740206155
2,0.022923387210958147,0.03449410297583965,45.35705065616451,0.04920751192106295,229.44407828352396
