PrincipalComponent,coi,c1i,a1i,c2i,a2i
1,0.9300051427894303,1.6173729857529986,89.84596220723972,4.293515635661657e-17,222.48312732429773
2,0.015555469321845128,0.0860857362324126,44.59496773031537,0.06140937379140421,228.31781076886034
