PrincipalComponent,coi,c1i,a1i,c2i,a2i
1,0.9556202627544202,1.7190573036726347,95.88668583149489,1.3710677505825221e-16,221.93978930405856
2,0.004351260690239642,0.004571027225196923,45.5594193035302,0.006023003692776702,229.6610262028388
