PrincipalComponent,coi,c1i,a1i,c2i,a2i
1,0.9202507481473895,1.6865146189227709,93.36153198447876,3.898197487688925e-18,223.20976769282146
2,0.0033660834419099728,0.0011021352507696177,45.431655778827114,0.0025845569312268114,229.494054292761
