PrincipalComponent,coi,c1i,a1i,c2i,a2i
1,0.9423146706660188,1.7124382254413857,94.96918339842684,0.0,222.37497939304725
2,0.001963892196408911,0.0019299832375825627,45.509817526638905,0.0021101580303613007,229.5979699261115
