PrincipalComponent,coi,c1i,a1i,c2i,a2i
1,0.8955522742582364,1.6355140365081977,92.53388735022091,6.303520078150893e-17,223.58426650509546
2,0.009280066698168108,0.005606671506576991,45.30349266363337,0.016770591287595168,229.4270610436793
