PrincipalComponent,coi,c1i,a1i,c2i,a2i
1,0.9573737944929195,1.7185924350881954,95.72684972540033,0.0,221.80890374455342
2,0.0077775759538397105,0.01658082833957087,45.20134204533228,0.015409366687025496,229.49510331953385
