PrincipalComponent,coi,c1i,a1i,c2i,a2i
1,0.855613912203301,1.5207404301125884,92.44058613469566,0.0,224.22498986503768
2,0.03329362106329944,0.03387984379585949,45.551176987589606,0.06697005120207776,229.65963648247575
