PrincipalComponent,coi,c1i,a1i,c2i,a2i
1,0.7580457829502437,1.1936007325998177,84.80572417127048,0.16427704726927844,223.3241107965533
2,0.08994734527304202,0.12329732209218842,44.18855233194486,0.18546006804625215,227.48367379004253
