PrincipalComponent,coi,c1i,a1i,c2i,a2i
1,0.8746380472884439,1.5870424241567314,92.58446207410746,8.968776064517829e-17,223.8751837838444
2,0.019021384939251054,0.013802993577468588,45.40962017273253,0.037249071794501654,229.56877522709635
