PrincipalComponent,coi,c1i,a1i,c2i,a2i
1,0.6772866686433139,0.8107792095019752,70.25490989117165,0.5295610850944306,220.72789432421
2,0.12537419648938078,0.23991166666871372,43.166187111224886,0.26680408407911277,223.3520144120738
