PrincipalComponent,coi,c1i,a1i,c2i,a2i
1,0.7169596677685593,1.0043355898333117,78.1086516674702,0.3362713682977187,221.9389838847463
2,0.10795264437095975,0.17081615078088655,43.19956807263215,0.23023291574387875,225.46902536741214
