PrincipalComponent,coi,c1i,a1i,c2i,a2i
1,0.9297828998841536,1.6950117208751319,93.74907051580696,0.0,223.01991988013845
2,0.0024105665435686006,0.00043542775909353397,45.44227394081978,0.0012193839982752677,229.50940444794895
