PrincipalComponent,coi,c1i,a1i,c2i,a2i
1,0.8184588897892793,1.3676508862392345,88.35517932319854,0.0700744433525685,224.05097491092798
2,0.05249408364614992,0.07187265548596623,44.734723205024544,0.11162423311275917,228.6183815321224
