PrincipalComponent,coi,c1i,a1i,c2i,a2i
1,0.8848207556926941,1.5795691883837446,93.52980507892349,2.2872510484082184e-17,223.3067918595624
2,0.030707400764448004,0.033349238957584126,45.46591431868726,0.06457173189895586,229.58116913964255
