PrincipalComponent,coi,c1i,a1i,c2i,a2i
1,0.9391571622014101,1.7032787054344283,94.42639646001402,9.252016163515709e-17,222.4115492165219
2,0.007670732241436123,0.008937100738482586,45.32733286246468,0.013095691183809618,229.43210147410815
