PrincipalComponent,coi,c1i,a1i,c2i,a2i
1,0.9635443779202109,1.6913049114537457,90.67951725930618,1.9586084121723167e-16,221.93624191282967
2,0.011943196946582111,0.0463204367163221,44.3696525973149,0.05285071619293105,228.28633956546136
