PrincipalComponent,coi,c1i,a1i,c2i,a2i
1,0.9498696518018476,1.7165038473348209,94.88525211046132,0.0,222.32892230654872
2,0.005478218965487726,0.006951033682633878,45.43697779906143,0.007796383738065506,229.52448834309678
