PrincipalComponent,coi,c1i,a1i,c2i,a2i
1,0.9880939002387775,1.7713908345757012,96.82282608433651,0.0,221.2943592437104
2,0.0029445559688354157,0.0040947343751072335,45.50035953052426,0.003684863331379006,229.60520950319724
