PrincipalComponent,coi,c1i,a1i,c2i,a2i
1,0.9648707825090915,1.7436272285605459,96.16661813447693,0.0,221.6037002007363
2,0.0034299121683521163,0.00364876438966668,45.501386030793064,0.0018691815183704676,229.5950481849486
