PrincipalComponent,coi,c1i,a1i,c2i,a2i
1,0.9089023228675368,1.6378509169790512,93.44298308654878,5.085095234357697e-17,222.80451783640817
2,0.017881321199080324,0.01977289789753544,45.237508960876816,0.03856141973675638,229.3716136026903
