PrincipalComponent,coi,c1i,a1i,c2i,a2i
1,0.6931533237500596,0.8388586815825347,77.33448114957788,0.4484990943192374,222.13783734368283
2,0.14270368686965695,0.28126826048122366,46.91060207786668,0.2929497839242807,225.57908618360682
