PrincipalComponent,coi,c1i,a1i,c2i,a2i
1,0.8233618872651666,1.308795657344957,87.4398907502831,0.11223895912036579,223.21273061750904
2,0.06562200174015212,0.10354009497273571,44.358347110512454,0.1464877500456225,228.07540915649727
