PrincipalComponent,coi,c1i,a1i,c2i,a2i
1,0.7304286719703006,1.033485619602908,83.83026377817859,0.25688858947011217,222.61441407526306
2,0.12249589793808197,0.20724450716028,45.28554793433698,0.26644558675253077,226.9720091307308
