PrincipalComponent,coi,c1i,a1i,c2i,a2i
1,0.994009177028933,1.7480014933370056,95.38246762401299,0.0,221.29635872290936
2,0.006907645774349211,0.016945120186691223,44.918779744995895,0.01652542690702654,229.17932299683443
