PrincipalComponent,coi,c1i,a1i,c2i,a2i
1,0.8638055003149147,1.4835981652513879,92.66315268662431,0.024665384564204335,223.60343250668816
2,0.04287059556905758,0.06886473781464099,45.42599507629841,0.08942244967590521,229.47187144557077
