PrincipalComponent,coi,c1i,a1i,c2i,a2i
1,0.8513787185961325,1.5331601750804544,91.71261944714007,4.3118840143626116e-17,224.64933644171646
2,0.020426496251996655,0.02261196599959416,45.50347339006054,0.03909840273119333,229.64400049120783
