PrincipalComponent,coi,c1i,a1i,c2i,a2i
1,0.7532074320940824,1.1597143926296176,80.53973786006154,0.24467669336318768,222.80533133836192
2,0.07292701011810399,0.10753775673092827,43.24310468810352,0.14265500726168392,226.37703373133465
