PrincipalComponent,coi,c1i,a1i,c2i,a2i
1,0.666725817959573,0.7811823289508354,64.00639538061166,0.619081997406191,219.60472338151553
2,0.1073608770586145,0.22213412048242795,41.09191486575804,0.22191783971777868,221.55490511303123
