PrincipalComponent,coi,c1i,a1i,c2i,a2i
1,0.9023565970550322,1.6662657277554038,92.07119488879283,5.932865813755063e-17,223.75413144573432
2,0.0021645715151014347,0.001705793926053708,45.33574442640881,0.0016363348515434663,229.3719553702118
