PrincipalComponent,coi,c1i,a1i,c2i,a2i
1,0.9091033596840207,1.670132815993506,92.36863295316863,0.0,223.58648257631577
2,0.003443252797837259,0.0027566887222342214,45.33637631533468,0.004379370495004926,229.37819910205772
