PrincipalComponent,coi,c1i,a1i,c2i,a2i
1,0.918166591719622,1.6795584391207345,93.45357148858976,8.544092086333025e-17,223.03923787602733
2,0.007092770377663483,0.005498246570069914,45.39490896078636,0.01261472027634096,229.4547031500691
