PrincipalComponent,coi,c1i,a1i,c2i,a2i
1,0.8189965815436332,1.4237842539438754,89.78312816987778,0.026784710856902455,224.80696156915812
2,0.03892832551548418,0.055993064343257334,45.28395398523642,0.07743340315826,229.24968522621532
