PrincipalComponent,coi,c1i,a1i,c2i,a2i
1,0.7054385177167639,0.9374700428837093,69.92351027026623,0.4696091604117811,220.54113912201774
2,0.08951878018111704,0.15437547395051082,41.01825040632541,0.1847951449250521,223.14680645883848
