PrincipalComponent,coi,c1i,a1i,c2i,a2i
1,0.9297837572194789,1.6805867712406966,94.30561077289244,2.1207792431251046e-18,222.3348266738593
2,0.010123242306742926,0.011216048591585901,45.06238373501445,0.020684867689449195,229.3854770519219
