PrincipalComponent,coi,c1i,a1i,c2i,a2i
1,0.9288082812249424,1.671629154932004,94.1493060287699,0.0,222.35834805595533
2,0.015728398591821978,0.028427925578794616,45.23731290562718,0.03474879253416837,229.35374270863318
