PrincipalComponent,coi,c1i,a1i,c2i,a2i
1,0.7192418409800997,0.9433687844835731,82.25054703615591,0.2578451782099442,223.86563302729732
2,0.13406390000947535,0.3331738950636525,50.066491275731735,0.26249467926420167,227.54526852378334
