PrincipalComponent,coi,c1i,a1i,c2i,a2i
1,0.8933601669015719,1.5487395223125322,90.53197324996614,0.009308606442870517,223.0767755551402
2,0.025676877613062622,0.11282737703632675,45.09663055002568,0.06961487428951499,228.7367829391877
