PrincipalComponent,coi,c1i,a1i,c2i,a2i
1,0.9566854703308728,1.702678032771153,93.05618467639508,1.9926099800489788e-16,221.60067313788238
2,0.012670958543056172,0.046300691870499636,44.81773219865916,0.036099118857072544,228.78374974976379
