PrincipalComponent,coi,c1i,a1i,c2i,a2i
1,0.7457068562531756,1.0061859053520572,79.20407467141575,0.24525783064350884,222.31392896984536
2,0.11130025034853702,0.27127412870545103,45.496236675690426,0.246828168022081,225.92635997521492
