PrincipalComponent,coi,c1i,a1i,c2i,a2i
1,0.9824869884464572,1.7938745466366708,87.93894279027285,0.0,222.54256684070185
2,0.002566848469050635,0.003904749403045086,43.85470238936765,0.006340279790691269,227.76354825547787
