PrincipalComponent,coi,c1i,a1i,c2i,a2i
1,0.9372286846939583,1.6611726136370195,91.7314927694773,7.353458802374652e-17,222.2376036640954
2,0.017122982243569486,0.059394876114445064,44.82619788796148,0.050530327386100304,228.6915167119752
