PrincipalComponent,coi,c1i,a1i,c2i,a2i
1,0.8647500004394963,1.4485690231624344,89.17758397902395,0.0499230793205997,223.19408655902805
2,0.040563165108588393,0.13417239963628663,45.1057840463794,0.09843565550418802,228.5025258817693
