PrincipalComponent,coi,c1i,a1i,c2i,a2i
1,0.9247734917973394,1.6406972039024883,91.17735816962458,0.0,222.4564713913138
2,0.02027552249954425,0.0655205608939952,44.8483144142161,0.06053534032943123,228.6483668045135
