PrincipalComponent,coi,c1i,a1i,c2i,a2i
1,1.0047835539202041,1.7963433467589014,92.17620918772268,1.2746782290551873e-16,222.00234166740321
2,0.00297362361124201,0.004122877767991136,44.59611308462387,0.002209079348711284,228.61547902685007
