PrincipalComponent,coi,c1i,a1i,c2i,a2i
1,0.8005257414195761,1.1621087760329112,82.00623370807973,0.1735756948650106,222.65118360346895
2,0.07833978419730614,0.20815649462928204,44.380406792430016,0.1867437263269532,226.6509942432212
