PrincipalComponent,coi,c1i,a1i,c2i,a2i
1,0.9900889978653312,1.7761993320684044,93.62327531581565,0.0,221.78707717657895
2,0.005264738232360153,0.017217839190378156,44.781302325656924,0.013886399436486167,228.8917689250888
