PrincipalComponent,coi,c1i,a1i,c2i,a2i
1,0.8397921202318342,1.3230455810886887,86.74603708515947,0.10311057826525528,223.05824983240052
2,0.05705169525507145,0.1655919319019668,44.86545459258763,0.13614202635941614,227.8953986451447
