PrincipalComponent,coi,c1i,a1i,c2i,a2i
1,0.9773307160257191,1.7323422579553156,93.92335619886684,1.753276751102127e-17,221.3572789428913
2,0.009285633112155082,0.034182455575744786,44.809445932191714,0.027952004819222963,228.88706957450896
