PrincipalComponent,coi,c1i,a1i,c2i,a2i
1,0.8143636165265161,1.224192570589647,84.76692800429093,0.1524327829350434,222.72642975930123
2,0.07592595449012324,0.1588881868051591,44.17906891283372,0.17447618429153322,227.27099564946408
