PrincipalComponent,coi,c1i,a1i,c2i,a2i
1,0.7562912152158202,1.0511545842954089,81.1508401876748,0.2392487285962829,221.98501650321657
2,0.11040135281668226,0.21910858643698755,44.41689921519649,0.24478959663311703,226.1423861860383
