PrincipalComponent,coi,c1i,a1i,c2i,a2i
1,0.6930467290093718,0.8071796171696665,78.68616284686834,0.42762533506531747,223.6042115622539
2,0.15578509506320742,0.35947603298233544,51.89803828965226,0.2787997798523683,226.8962786380936
