PrincipalComponent,coi,c1i,a1i,c2i,a2i
1,0.9500765928110362,1.6975300989273854,93.67413459363905,0.0,221.93735550079847
2,0.012395835309155927,0.029887067082313156,44.96251721357476,0.029037334979442844,229.0639781420273
