PrincipalComponent,coi,c1i,a1i,c2i,a2i
1,0.9044023658193129,1.6007248139656123,92.31469809753034,5.1581053666975964e-17,222.74011702599017
2,0.028582620518916198,0.05558861486467282,45.12784820199236,0.0675332479647961,229.05852686849184
