PrincipalComponent,coi,c1i,a1i,c2i,a2i
1,0.9382315828324411,1.6790765668191556,93.18824649901268,0.0,222.10791211215954
2,0.015406714556513565,0.034775216398173575,44.95021034582426,0.0375032109295255,229.02003603214533
