PrincipalComponent,coi,c1i,a1i,c2i,a2i
1,0.8801363479932459,1.52482470101752,92.41142652222919,0.012615076531174777,223.2382076768478
2,0.03682837888221672,0.09117559525596695,45.42226326281737,0.07919909840791388,229.2684595727727
