PrincipalComponent,coi,c1i,a1i,c2i,a2i
1,0.8547156255282448,1.3956495761371521,89.88483150539133,0.07161521062092273,223.1584641318549
2,0.054102475089616714,0.1188002777105557,45.02146873770716,0.11915082852751813,228.64659169362608
