PrincipalComponent,coi,c1i,a1i,c2i,a2i
1,0.7284561302063608,0.9745649708983741,83.14274604186973,0.26692021440939706,222.94838991012955
2,0.13026839859202086,0.27607947183943765,47.49592790850942,0.2729764696546905,227.14338996208636
