PrincipalComponent,coi,c1i,a1i,c2i,a2i
1,1.0106692462818125,1.7913543546797,94.19255200175017,0.0,221.65882847407843
2,0.002197659311372184,0.0021677408484196436,44.94279172267637,0.0017022379746341187,229.01569609732658
