PrincipalComponent,coi,c1i,a1i,c2i,a2i
1,0.9979106381666353,1.7909526976335037,95.63521918579903,0.0,221.45980855672312
2,0.003549655748540481,0.003722316968430882,45.2413261586804,0.0020709132960921913,229.32588948767076
