PrincipalComponent,coi,c1i,a1i,c2i,a2i
1,0.7800263141913268,1.1063426244305874,78.5107790106401,0.19022033289142262,222.61577541715258
2,0.07954343787979122,0.24725037044121023,44.50200605771687,0.19534165577197699,225.85320036707978
