PrincipalComponent,coi,c1i,a1i,c2i,a2i
1,0.935813129557643,1.658866450891774,90.45581671640666,0.0,222.146034578544
2,0.017117438735382583,0.06993427129422314,44.63963495193148,0.06083450138137552,228.34524323550875
