PrincipalComponent,coi,c1i,a1i,c2i,a2i
1,0.8176539960696066,1.25170855693249,82.59162066266974,0.13397844415744548,222.97968314726643
2,0.05911957602104322,0.2016055549241107,44.594857900717486,0.15271199805898372,226.9107239326844
