PrincipalComponent,coi,c1i,a1i,c2i,a2i
1,0.7276485001726655,0.9690571710682626,76.56121349492075,0.24562406126205577,222.77423023909304
2,0.11278844535042719,0.3125392596716922,46.51326114088465,0.24373618383657722,225.57772301842334
