PrincipalComponent,coi,c1i,a1i,c2i,a2i
1,0.7031061976015416,0.9217240777937239,80.6012511763519,0.2427558657895576,224.98941880612605
2,0.13729684420316665,0.3790833862660485,52.37677348602191,0.24601503740159622,227.76614122393156
