PrincipalComponent,coi,c1i,a1i,c2i,a2i
1,0.6725077236950319,0.7786788697024403,77.14831744240112,0.38679722042566683,226.75181116409019
2,0.16496511666667837,0.4791761113110756,59.780973959221264,0.2113447647075125,228.51042447016562
