PrincipalComponent,coi,c1i,a1i,c2i,a2i
1,0.8418070187431974,1.3703254672712997,84.94044386967543,0.08708759071553761,223.1220905161496
2,0.04317736916965753,0.1693384191029215,44.64260678444162,0.11746161580838162,227.4898920754057
