PrincipalComponent,coi,c1i,a1i,c2i,a2i
1,0.9067805995892103,1.586613200704016,88.71122458005988,0.007036334562583409,222.88517750341654
2,0.015677731547174223,0.11623891745496845,44.60346495983774,0.06206876746031939,228.18469565092417
