PrincipalComponent,coi,c1i,a1i,c2i,a2i
1,0.8700520842083899,1.4645213510162842,86.1200627796009,0.053340729411602845,223.07206050374288
2,0.028733210871684168,0.14494980225066148,44.49766385441348,0.09210111655068949,227.6987157756221
