PrincipalComponent,coi,c1i,a1i,c2i,a2i
1,0.9889010485117911,1.7762440832276407,89.74174690028924,0.0,222.26645538296842
2,0.003798986382230415,0.01382819670499229,44.11513180498007,0.013408829795075445,228.09545025315435
