PrincipalComponent,coi,c1i,a1i,c2i,a2i
1,0.8468247488373905,0.4894797868317015,37.7489517389736,1.1341958430469217,214.91513049093962
2,0.12734823042631266,0.16806707011051014,32.81688166033483,0.19804759952326373,213.59288280192942
