PrincipalComponent,coi,c1i,a1i,c2i,a2i
1,0.8500410476552303,0.5817222702770977,54.19471739128868,0.7756388968720045,216.47342972061776
2,0.16068683168968975,0.3021892709903186,39.69447619547736,0.41775004652057407,217.4449649322223
