PrincipalComponent,coi,c1i,a1i,c2i,a2i
1,0.8486535948630877,0.5026929266425796,44.99995581597081,0.9486477627487822,213.9147904094395
2,0.15636700302140863,0.2493108770698076,34.651636121492885,0.3997854091308143,214.47582913487435
