PrincipalComponent,coi,c1i,a1i,c2i,a2i
1,0.8448845855260569,0.4957532380090025,39.594335356838556,1.0708253810896622,214.14599341382214
2,0.1454851639434269,0.18811301852398704,32.72481766237869,0.2716019741567002,213.62054632301414
