PrincipalComponent,coi,c1i,a1i,c2i,a2i
1,0.8168592795517163,0.6676551344424632,29.78930701308267,1.4206109656525752,250.0
2,0.022123940136358683,0.04262481546929688,39.10576133446111,0.006545728830596033,221.90797705455716
