PrincipalComponent,coi,c1i,a1i,c2i,a2i
1,0.8609995323838378,0.4747177331902589,42.20693636544717,1.0186341046969,213.14182647908083
2,0.15899882178706923,0.21462479678350282,33.26468545570325,0.3636447966756307,213.61221903964235
