PrincipalComponent,coi,c1i,a1i,c2i,a2i
1,0.8016267054352735,0.7241715823066273,29.52803037473556,1.4608264860639095,250.0
2,0.008128918123033273,0.01573177307669179,38.700475314568706,0.0008794569209586966,221.74123081104383
