PrincipalComponent,coi,c1i,a1i,c2i,a2i
1,0.8002099607315242,0.7653205871300606,30.14498841513901,1.503611537201713,250.0
2,0.0003623511712603247,2.66896743525472e-05,38.823619952803725,0.0,221.8529624885829
