PrincipalComponent,coi,c1i,a1i,c2i,a2i
1,0.8493289411609359,0.5622033361947967,35.744862282569535,1.2685652267999665,250.0
2,0.09125418066911266,0.1432879889323541,49.112452519452724,0.05298963576905689,224.44180106666437
