PrincipalComponent,coi,c1i,a1i,c2i,a2i
1,0.8506720659960353,0.5901361455021078,33.268498801423824,1.3314112576082278,250.0
2,0.05606008186389181,0.09685834029933907,42.81084443125205,0.024601086976787208,223.2251045470802
