PrincipalComponent,coi,c1i,a1i,c2i,a2i
1,0.8539933834576907,0.477328105195795,40.39103942388813,1.0435524123813877,213.26476590885852
2,0.1529179885454455,0.20536179705067797,32.60720672383698,0.33249940253249466,213.341438620854
