PrincipalComponent,coi,c1i,a1i,c2i,a2i
1,0.8483706012967439,0.4928452745642409,39.84505842702574,1.058865075977194,213.96436432885628
2,0.1483175237583382,0.19566738781315277,32.62249203684093,0.2892930030300953,213.57409668315373
