PrincipalComponent,coi,c1i,a1i,c2i,a2i
1,0.8520887408989918,0.49035625249973613,37.064988497988246,1.187374379743099,215.9080023700313
2,0.10559271709114122,0.15125474628682958,33.06728847338487,0.14255365286467206,213.81309088873667
