PrincipalComponent,coi,c1i,a1i,c2i,a2i
1,0.7935126854332835,0.5481722785175426,44.72463786320957,0.875314789438928,231.66344577406315
2,0.22932072767962106,0.5726334138885213,91.59963488402633,0.10883321149579112,220.97553156020018
