PrincipalComponent,coi,c1i,a1i,c2i,a2i
1,0.8227120705889457,0.4568282854825961,39.026907185248454,1.0768031239242073,214.48130238766058
2,0.17561464902923796,0.23213119685987263,34.62698420466776,0.3683163453593775,213.21627839625418
