PrincipalComponent,coi,c1i,a1i,c2i,a2i
1,0.8187942235113618,0.5396351937197427,34.65036031251683,1.3101028371814902,250.0
2,0.11237840927434128,0.1866978691459223,53.336394267862694,0.06383860319788212,224.61028123963314
