PrincipalComponent,coi,c1i,a1i,c2i,a2i
1,0.7811592826588706,0.7107614503467491,29.73426051248734,1.513625048390807,250.0
2,0.023729752801762923,0.03887917564521268,38.928088725109525,0.009233726699316836,221.78826190462655
