PrincipalComponent,coi,c1i,a1i,c2i,a2i
1,0.7557826668300419,0.6214614830085264,48.64016437565492,0.710935423293956,233.0926032207579
2,0.2195612364589986,0.6903074352673154,93.88581038346945,0.06010483390504782,225.22962888603016
