PrincipalComponent,coi,c1i,a1i,c2i,a2i
1,0.8157537515240335,0.47568279638782335,38.830656480545926,1.1016928009375622,215.30725760561418
2,0.16665089285441428,0.21584867533389923,34.40647766076659,0.3073803125077092,213.68991207045573
