PrincipalComponent,coi,c1i,a1i,c2i,a2i
1,0.7885570292480354,0.7656907191271276,30.51976532871643,1.5628136843871432,250.0
2,0.007443222227668914,0.00937717977849729,38.90859384503919,0.0018474327690028063,221.9059023062323
