PrincipalComponent,coi,c1i,a1i,c2i,a2i
1,0.8075827380588022,0.5362502275077262,36.24526721713687,1.2300570086020697,250.0
2,0.1438148292845387,0.23018725889157146,60.40720652156964,0.09238337897994231,225.0556638784235
