PrincipalComponent,coi,c1i,a1i,c2i,a2i
1,0.8182903049297764,0.47212417795719014,38.77291158231066,1.0913217508508837,215.03954257513175
2,0.16967511822279183,0.22293450525577727,34.25996538283822,0.32561211549843816,213.5388409499876
