PrincipalComponent,coi,c1i,a1i,c2i,a2i
1,0.8138744859622943,0.4777066215433949,43.19781389166834,0.9874053100915575,215.34470872820492
2,0.18358219826590447,0.28055273143725656,37.6259638100083,0.4288138012137524,214.27880793329166
