PrincipalComponent,coi,c1i,a1i,c2i,a2i
1,0.8210385678977697,0.47187438204608034,38.23676753900444,1.159458272903442,216.85678792442073
2,0.14916214156113206,0.19866301275856055,35.13309389207844,0.22955182937939067,214.26713067092913
