PrincipalComponent,coi,c1i,a1i,c2i,a2i
1,0.8273541776536459,0.45311194725758747,40.44347437506754,1.0550373342354766,214.46519129364057
2,0.18375970349916182,0.242029592107522,35.64096309069882,0.39730037084353914,213.37582632430744
