PrincipalComponent,coi,c1i,a1i,c2i,a2i
1,0.7932848782836763,0.6500425797421793,29.855257757274916,1.4668395502288345,250.0
2,0.04007058511712779,0.07066132413021861,39.817478624225906,0.021199794587590668,221.9880990583308
