PrincipalComponent,coi,c1i,a1i,c2i,a2i
1,0.8226887927022138,0.5702907926321391,32.90666981201635,1.3722191758338964,250.0
2,0.07675969638097034,0.13039365200426303,45.02382762792727,0.04244274031579359,223.38316421978325
