PrincipalComponent,coi,c1i,a1i,c2i,a2i
1,0.8763918415640739,0.5208875214379886,38.65920678005955,1.1088988068169792,213.9301234338212
2,0.112587481679009,0.1187400304649085,31.94570270078968,0.1793470087566735,213.46671774837398
