PrincipalComponent,coi,c1i,a1i,c2i,a2i
1,0.8860088029311279,0.5587768578523193,50.41655406847382,0.8880198937323643,213.19247752056054
2,0.14272572651895446,0.19863802808883144,34.01266697666918,0.377395771727276,215.46275679107862
