PrincipalComponent,coi,c1i,a1i,c2i,a2i
1,0.8979514854559375,0.5232769562607028,46.910072610235076,0.966772267077645,212.26008433678268
2,0.14582393180805078,0.16386483651988135,32.73584904578334,0.34129581384345103,214.42892245446396
