PrincipalComponent,coi,c1i,a1i,c2i,a2i
1,0.8378223867508141,0.6735364948864432,29.671784149333106,1.3899015774769805,250.0
2,0.010551810023099963,0.01670960203415359,38.7037427339366,0.003059918609928133,221.83948825671064
