PrincipalComponent,coi,c1i,a1i,c2i,a2i
1,0.8824394570562871,0.5329065963340577,42.43481930117498,1.0221136250019636,213.3419215076797
2,0.13416373000919102,0.1447361459199975,32.12179124519717,0.26765354705344446,214.0176556897378
