PrincipalComponent,coi,c1i,a1i,c2i,a2i
1,0.8894005611037376,0.5168722216269698,35.578145775796784,1.2374514839860413,215.3417165698706
2,0.06712246891510444,0.08139424270832943,31.728904330850366,0.07284785313662612,213.2523950587432
