PrincipalComponent,coi,c1i,a1i,c2i,a2i
1,0.8777020609436998,0.608892461555479,33.824198594038045,1.300486775605762,249.99999999999997
2,0.041281862621628945,0.05568562736302557,41.09156177238527,0.020681285687283522,223.08228157998334
