PrincipalComponent,coi,c1i,a1i,c2i,a2i
1,0.888898294445975,0.520605961216181,43.95240073746765,1.000697514877775,212.4981971078724
2,0.14035602109268344,0.15396555787527227,32.095918327501835,0.3103448701341094,213.95674248441182
