PrincipalComponent,coi,c1i,a1i,c2i,a2i
1,0.8174052320133633,0.718746401541807,29.260838187475546,1.4272941478885879,250.0
2,0.0014267411789133377,0.0015198453940267556,38.64015479629281,0.0,221.71902858773745
