PrincipalComponent,coi,c1i,a1i,c2i,a2i
1,0.878886023354163,0.5345561954832088,41.983217843245995,1.035425644445448,213.53834072425065
2,0.13076090815429056,0.13776018250928432,32.21379929143008,0.25025520331434464,214.0064590594202
