PrincipalComponent,coi,c1i,a1i,c2i,a2i
1,0.8041323928469682,0.7391095550808614,29.67656015488398,1.4676691159534805,250.0
2,0.0049687168239929,0.007793855649937193,38.739622044201404,0.0004926143129049042,221.7802885169364
