PrincipalComponent,coi,c1i,a1i,c2i,a2i
1,0.8789917571016066,0.5169771075415344,37.22153303455976,1.166242765144925,214.41697430320164
2,0.09068939776397074,0.10374237307332454,31.849334906293915,0.1257899789621326,213.33253487847404
