PrincipalComponent,coi,c1i,a1i,c2i,a2i
1,0.8887262651984067,0.6748413629826836,62.31979130586204,0.6704003648848785,216.13577102641077
2,0.14740852158026402,0.2449292626548678,38.92102894557973,0.4023951600037748,219.0623425369483
