PrincipalComponent,coi,c1i,a1i,c2i,a2i
1,0.8206355055393125,0.6604098150714188,29.89987740503772,1.4194477641953327,250.0
2,0.023248454261171028,0.04533686142429879,39.2758125969937,0.0039181656299566315,221.96477337449704
