PrincipalComponent,coi,c1i,a1i,c2i,a2i
1,0.8489949267726503,0.6671161129740512,29.977396036740195,1.3812800902635123,250.0
2,0.006748773499304657,0.010102450505245907,38.822381749068846,0.0010478459283734583,221.9480876520963
