PrincipalComponent,coi,c1i,a1i,c2i,a2i
1,0.9847440144795049,0.6555756577575211,61.88592014081367,0.8795550523502891,212.75767504269706
2,0.09925334670827732,0.0766545297457345,35.38771563666988,0.18968937937043284,218.49010274526353
