PrincipalComponent,coi,c1i,a1i,c2i,a2i
1,0.9721838072487228,0.9940138451715459,89.11720790317648,0.3257180506178562,215.50166851929822
2,0.12447929917552336,0.17912444186518817,42.36019643546711,0.3287887545122492,225.12618264066415
