PrincipalComponent,coi,c1i,a1i,c2i,a2i
1,1.0014814952699698,1.0693129659789138,100.0,0.2859194954880941,211.3374315723603
2,0.12214912952043823,0.13437137572665764,41.75546648446107,0.30055656506170697,226.33969927582504
