PrincipalComponent,coi,c1i,a1i,c2i,a2i
1,0.9027965046345502,0.8980101424481952,72.22973885463462,0.39350636653097637,218.19823953066592
2,0.11349929955514257,0.222574226306384,40.45253666638095,0.3763670548594082,222.28528813512062
