PrincipalComponent,coi,c1i,a1i,c2i,a2i
1,1.0086654476135555,0.7749213235448171,79.73837016111028,0.6762146229971471,209.5891246397361
2,0.1119388199757311,0.09163630924392657,37.34134121111287,0.24211515122405894,221.44679535540195
