PrincipalComponent,coi,c1i,a1i,c2i,a2i
1,0.9669205846700593,0.5544824205369222,45.47616212543262,1.109325388973019,213.38140651852447
2,0.05804997749522845,0.04803178077856238,32.826199246685896,0.08370512349237942,214.99669944740458
