PrincipalComponent,coi,c1i,a1i,c2i,a2i
1,0.8935699513372881,0.56324789479881,28.83534810831284,1.345060013807379,210.71227532776237
2,0.0004607919442290835,0.0005507454482899175,28.760918093431634,0.0,210.2487483111481
