PrincipalComponent,coi,c1i,a1i,c2i,a2i
1,0.9731288776226287,0.5780022300525,50.31616904062758,1.0312347783991305,213.03605611895244
2,0.07769623114087196,0.06210057414463986,33.61104192005406,0.12715101131595816,215.9791922974423
