PrincipalComponent,coi,c1i,a1i,c2i,a2i
1,0.9546841085646554,0.5361918265481221,35.50174658161203,1.2589432668974547,214.58989428232263
2,0.014770608199890636,0.011866421776499898,31.013958454959564,0.011338363213761277,212.99538227958402
