PrincipalComponent,coi,c1i,a1i,c2i,a2i
1,0.988846526343149,0.6678427873118488,63.858476668763025,0.8507634266270911,212.40005282029097
2,0.10413071965672242,0.08199768432699392,35.50215317221413,0.20532953947578247,218.80110139316156
