PrincipalComponent,coi,c1i,a1i,c2i,a2i
1,1.0237353268911373,1.0124616892310583,100.0,0.3733494620949761,207.646437508898
2,0.11995824495932758,0.10306810245404839,40.50426333350773,0.26786367305926967,225.3191269111178
