PrincipalComponent,coi,c1i,a1i,c2i,a2i
1,0.9656919920877184,0.5319492648477296,40.11309392155384,1.1995708218888774,213.55516591696698
2,0.036998102648830425,0.031095145773255433,31.79134227810712,0.04280581100693092,213.79382655290232
