PrincipalComponent,coi,c1i,a1i,c2i,a2i
1,1.0219786981702688,0.5458649900621029,42.1271686227319,1.1955128804815878,213.86440986692102
2,0.0022217692254596997,0.0006300694711274066,32.25321177307781,0.001459879371799311,214.38889623978767
