PrincipalComponent,coi,c1i,a1i,c2i,a2i
1,1.0814845443994825,1.1289135126730223,100.0,0.3368297109448643,210.83886377632865
2,0.07194904628468464,0.0414246086600359,42.53641121923978,0.13778297535251657,227.15979574213296
