PrincipalComponent,coi,c1i,a1i,c2i,a2i
1,0.9201415212117653,0.5364210927440166,28.84277679637811,1.3166161789902546,210.72925881426278
2,0.00852520586371631,0.009280957709928813,28.756902885303834,0.004455114110227473,210.26543495655903
