PrincipalComponent,coi,c1i,a1i,c2i,a2i
1,1.0654969517646482,0.706000373758347,68.44729862206262,0.8962899577147025,212.63521707035383
2,0.03273652654339791,0.020124223035649966,37.204789504674146,0.04921719798844512,220.30617608254633
