PrincipalComponent,coi,c1i,a1i,c2i,a2i
1,1.0308877933406142,1.1298626344384533,93.81305990485869,0.23520606180465758,214.10583478589413
2,0.0955536991602077,0.14214906648621575,42.461286296178606,0.2620081946499046,226.23939214601273
