PrincipalComponent,coi,c1i,a1i,c2i,a2i
1,1.0796253407670773,0.8662827246975326,84.10869362577047,0.6656220900051745,211.79182829299387
2,0.05054793708613259,0.03168410458046842,40.036843113844995,0.08320994409371125,223.74418442838876
