PrincipalComponent,coi,c1i,a1i,c2i,a2i
1,0.8440810105763804,0.603132689601689,31.543039276996563,1.362280957197021,250.0
2,0.0463751808988141,0.08702446541142231,41.67406434052373,0.014038159452482041,222.7146061578802
