PrincipalComponent,coi,c1i,a1i,c2i,a2i
1,1.0499552502049618,1.188031950015145,100.0,0.21965272338232905,208.82893307708252
2,0.09528676602645555,0.08928431200595913,41.571508204251934,0.24467150796808035,226.23387493270565
