PrincipalComponent,coi,c1i,a1i,c2i,a2i
1,1.0747691553632797,1.1235592935520506,100.0,0.31068143790797725,204.80807139352075
2,0.09029108430898904,0.062072015320106415,40.54370245404598,0.21285455337139136,225.16582754879587
