PrincipalComponent,coi,c1i,a1i,c2i,a2i
1,1.0825214233330418,1.1305821149122086,100.0,0.3276816570687362,210.12747107348645
2,0.0768476829045411,0.045515598277140405,42.21695793334402,0.1520046039649026,226.91011524964915
