PrincipalComponent,coi,c1i,a1i,c2i,a2i
1,1.078055943195379,1.1196186156995467,100.0,0.3259238137093416,205.863480740179
2,0.08376639054243974,0.05336698541064694,40.86481691191326,0.18640974780429156,225.5672834658244
