PrincipalComponent,coi,c1i,a1i,c2i,a2i
1,0.9595825036806638,1.0125736717095026,77.43768279577179,0.32163457470235157,218.0163666955175
2,0.09165042634504414,0.18168786722201896,40.812813949886355,0.31218891026117324,223.62220008309734
