PrincipalComponent,coi,c1i,a1i,c2i,a2i
1,1.0543942698150288,0.6004932725390536,54.90642936299863,1.075113381879249,213.0146070930621
2,0.015400066337242505,0.008794663352533566,34.542313071084685,0.01978467451745956,217.1839797459744
