PrincipalComponent,coi,c1i,a1i,c2i,a2i
1,0.880343958901658,0.5424525815637978,28.807030119103036,1.3333637861295697,210.63724312220268
2,0.022405166228682608,0.032435779205031975,28.68524457163184,0.015248767080674174,210.21268043495118
