PrincipalComponent,coi,c1i,a1i,c2i,a2i
1,0.9639471459018183,0.5421765086666619,37.45091440839743,1.2210591485284645,213.83181435906872
2,0.02577626820632104,0.01981531391710677,31.270952554657548,0.02252354947341667,213.2375634732805
