PrincipalComponent,coi,c1i,a1i,c2i,a2i
1,1.113624070756853,1.221318321553032,100.0,0.2671870690735903,203.17250436317448
2,0.06281725580755268,0.04821305750012041,40.8155805151583,0.15142433723074109,224.8881601799741
