PrincipalComponent,coi,c1i,a1i,c2i,a2i
1,1.1293060618810231,1.1278369334483356,100.0,0.4074998231287428,211.33008521782725
2,0.014115247323962346,0.01055537593617717,43.22923678264698,0.01924920427659245,227.49869069891386
