PrincipalComponent,coi,c1i,a1i,c2i,a2i
1,0.8582764918374712,0.5806730873855469,34.87359991181686,1.284748211437629,250.0
2,0.07478172546002902,0.11896153717954427,46.30269809081424,0.03411605033334463,224.02683186115266
