PrincipalComponent,coi,c1i,a1i,c2i,a2i
1,1.1230606112618533,0.8818319062929983,85.54661546520478,0.7072187168186426,212.46530850516606
2,0.0037907567644873434,0.002347594590675092,40.749501081493115,0.0033995893736792917,224.40107950693678
