PrincipalComponent,coi,c1i,a1i,c2i,a2i
1,1.1178146212598015,1.2264613317093542,100.0,0.2819638956596828,208.57926437184923
2,0.04625623410302535,0.027437551551594604,42.383236827930844,0.08829651791411905,226.59984235534296
