PrincipalComponent,coi,c1i,a1i,c2i,a2i
1,1.0868815914868624,1.2892047573590175,100.0,0.1772584972303275,207.18297344342145
2,0.070169028866429,0.07271521840454143,41.89605412287036,0.1807082948957521,225.9907377872978
