PrincipalComponent,coi,c1i,a1i,c2i,a2i
1,1.11548836737954,1.2198945081290247,100.0,0.27637047883653576,204.18788903556438
2,0.05758378552553704,0.03870503844346571,41.09378726743568,0.12915253119903902,225.23900286627935
