PrincipalComponent,coi,c1i,a1i,c2i,a2i
1,0.9097635369319749,0.5397100715854797,35.12384787708006,1.2466010644193997,215.13636120586474
2,0.045996814994404424,0.04975021310929897,31.317492979966197,0.040813679751565725,213.06921170629198
