PrincipalComponent,coi,c1i,a1i,c2i,a2i
1,1.1191052607478276,1.2289511921294975,100.0,0.2748002852543737,207.92819456868565
2,0.05091085890629363,0.03129312426893065,42.132822787669205,0.09999657860438688,226.37527713393305
