PrincipalComponent,coi,c1i,a1i,c2i,a2i
1,1.0749576357800181,0.6227541228320544,57.49855398553696,1.043369534568204,214.00231108002419
2,0.003090955272882628,0.002230805450591937,35.420766037754284,0.0016245221008945102,218.12299145582264
