PrincipalComponent,coi,c1i,a1i,c2i,a2i
1,1.0766733772201709,1.2953423901781171,99.40973368132126,0.11654616741263873,213.01802364839574
2,0.06967559984759275,0.1324758583961299,43.72928535021993,0.18667587702839253,227.47696942695904
