PrincipalComponent,coi,c1i,a1i,c2i,a2i
1,1.0069841711902465,1.148027979724537,83.35826151808095,0.23074387282313835,218.1857624455136
2,0.06862498772291316,0.16900595843608687,42.125358912991935,0.23870406473623496,225.2088567775809
