PrincipalComponent,coi,c1i,a1i,c2i,a2i
1,1.1280411009855746,1.164731112220191,100.0,0.3560814590476907,209.65791603858517
2,0.026992030533457143,0.02038494647627877,42.801516733894424,0.043483463037006856,226.97300272725653
