PrincipalComponent,coi,c1i,a1i,c2i,a2i
1,1.1351440605178298,1.1343875651650261,100.0,0.42601593512023683,211.3390788465716
2,0.001601140397481725,0.0007377141508101836,43.42384211824561,0.00017889687616926556,227.54769271971614
