PrincipalComponent,coi,c1i,a1i,c2i,a2i
1,0.9626145062946125,0.5534095136364645,41.50554482578832,1.1601180972290812,213.62573219878223
2,0.041173702943000365,0.03404058189626509,32.11813443730073,0.049025870649300266,214.15071859197587
