PrincipalComponent,coi,c1i,a1i,c2i,a2i
1,0.8608436269432787,0.5059099532681981,36.80316023544544,1.2193514639500833,216.65546371542797
2,0.08902850265569005,0.1303302177196372,33.17657339248619,0.09570926504162487,214.03014670996058
