PrincipalComponent,coi,c1i,a1i,c2i,a2i
1,1.1343643002307886,1.3123184564620267,100.0,0.2402479147025481,206.69054673088212
2,0.03447870743043345,0.01943169852167111,41.97430303463657,0.0638421300178875,226.04371100166526
