PrincipalComponent,coi,c1i,a1i,c2i,a2i
1,0.899306583556991,0.5377248010999657,36.861038307692795,1.1966369537163486,214.33431766225442
2,0.06402378569008149,0.06798933186354385,31.56449114151373,0.07488504696488703,213.24875870956785
