PrincipalComponent,coi,c1i,a1i,c2i,a2i
1,1.1356380619907875,1.204139039028782,100.0,0.3553665507672603,210.26693242295846
2,0.0055984180352688685,0.003568368863930748,43.127801234122146,0.004726008687174865,227.21409620852936
