PrincipalComponent,coi,c1i,a1i,c2i,a2i
1,1.0285230279449102,1.2676675942722146,86.56360966211967,0.16620673229999638,218.09252732543007
2,0.05215277817583688,0.15159152627893735,42.644948741579675,0.1898558022802577,225.9998379116458
