PrincipalComponent,coi,c1i,a1i,c2i,a2i
1,1.1043119190160215,1.3795475678998643,100.0,0.14815594243090224,206.17395698317333
2,0.05202324413059597,0.05733557133554673,41.83744471703322,0.1346931451089347,225.78422462113545
