PrincipalComponent,coi,c1i,a1i,c2i,a2i
1,1.1330200703679183,1.3074368735430446,100.0,0.2477275971910144,207.35940355553083
2,0.029810405683318567,0.01648400542256902,42.1644201640751,0.05381177363194133,226.26038719535376
