PrincipalComponent,coi,c1i,a1i,c2i,a2i
1,1.132101200006554,1.3022731014659574,100.0,0.2480691864792031,202.9785817299353
2,0.04024684946901782,0.026274376985143236,41.02118106485213,0.08852739951204434,224.935619075853
