PrincipalComponent,coi,c1i,a1i,c2i,a2i
1,1.1392741982205696,1.246099771031949,100.0,0.31008602942507635,208.7072091746068
2,0.014691031419455025,0.009620074024571669,42.512019085544544,0.02008023150018992,226.68809086649827
