PrincipalComponent,coi,c1i,a1i,c2i,a2i
1,1.1497484367191864,1.2698634862680667,100.0,0.3124909241992731,207.75052736271095
2,0.0017750259349566802,0.0012950276935545552,42.46335020148399,5.963111948670274e-19,226.4464014498382
