PrincipalComponent,coi,c1i,a1i,c2i,a2i
1,1.1646374172294958,1.3918611632372857,100.0,0.21725499188876943,204.01643088100488
2,0.01600934261879625,0.008840074507685158,41.25107380369379,0.03089719377045386,225.25017513526282
