PrincipalComponent,coi,c1i,a1i,c2i,a2i
1,1.1366268281246188,1.4684744028483616,100.0,0.13327043208308376,203.22763616377645
2,0.03260369252026036,0.04044518521382984,41.19091628370949,0.0887367514533585,224.9616239507177
