PrincipalComponent,coi,c1i,a1i,c2i,a2i
1,1.1621836722427066,1.3864413370260085,100.0,0.22781116281871114,198.66556177468553
2,0.0257020571988337,0.022388868388673523,39.981669080230446,0.06440704199816985,223.6608873515122
