PrincipalComponent,coi,c1i,a1i,c2i,a2i
1,1.1635114941900335,1.3832140655099388,100.0,0.23054874220810545,199.819404833017
2,0.021391241371544217,0.013742649873245328,40.243774769089825,0.0494515811424044,224.01402282685535
