PrincipalComponent,coi,c1i,a1i,c2i,a2i
1,1.1203202161585644,1.5491928776336146,100.0,0.0,210.17410430680118
2,0.03621876105932758,0.07834906836830899,43.08839738625101,0.10817338083156612,226.93215671546477
