PrincipalComponent,coi,c1i,a1i,c2i,a2i
1,1.1611679480524781,1.320576768583081,100.0,0.27357190511743196,206.30719158548993
2,0.0038972041755467473,0.00245598505532326,42.06325855134907,0.0036119781035771443,225.99321387409418
