PrincipalComponent,coi,c1i,a1i,c2i,a2i
1,1.1385361735755593,1.186804541723337,100.0,0.37691413773890325,208.7172874750796
2,0.007342358114107001,0.005940260449533419,42.73352211349677,0.00971714527863548,226.75073642741154
