PrincipalComponent,coi,c1i,a1i,c2i,a2i
1,0.8955264134309789,0.5294234556779863,38.717235634249334,1.1403213325682573,213.92161427103048
2,0.08715359047643585,0.09576603422537637,32.028916847555614,0.12567822117336688,213.53818662379652
