PrincipalComponent,coi,c1i,a1i,c2i,a2i
1,1.1067134614065146,0.9885227595255166,93.21376251355652,0.5459943690776399,212.3634610247028
2,0.02432569878129091,0.02328289866234813,42.219411369154294,0.03693987997769287,226.17016351485216
