PrincipalComponent,coi,c1i,a1i,c2i,a2i
1,0.8527338277536592,0.4890790132488601,37.65228550870612,1.1652772541848153,215.91106646213328
2,0.11339097047457496,0.16381180831374295,33.73338431475676,0.150874025280391,214.00038309184427
