PrincipalComponent,coi,c1i,a1i,c2i,a2i
1,1.0678255476421745,1.4091393176302507,90.32971002086892,0.09179642065625403,217.292028075549
2,0.03186820543984854,0.13273764845051375,43.05270178350749,0.13839793257379934,226.68049756227205
