PrincipalComponent,coi,c1i,a1i,c2i,a2i
1,1.1618312121879522,1.3857198158427781,100.0,0.22264534284925264,204.71678212834104
2,0.012745853748370763,0.006484487405955953,41.371510241704314,0.023756650180139043,225.44059053831
