PrincipalComponent,coi,c1i,a1i,c2i,a2i
1,0.9665857584092669,0.5611627761546543,46.00061044154547,1.0911220420837147,213.1889125728987
2,0.06261604818721879,0.05729126460522245,33.007182395400974,0.09047491258614498,215.0603991991514
