PrincipalComponent,coi,c1i,a1i,c2i,a2i
1,1.174837167000575,1.3999536352021433,100.0,0.23390400078133583,198.93150272358224
2,0.016958288173522202,0.010769601423380362,39.98124374508566,0.04054842020186066,223.73647150515743
