PrincipalComponent,coi,c1i,a1i,c2i,a2i
1,1.1322664672537555,1.5739751166734253,100.0,2.9603905174511485e-17,209.51278995408734
2,0.03622466594246556,0.05918388017124081,42.867478060096346,0.10910254279684155,226.73220047045524
