PrincipalComponent,coi,c1i,a1i,c2i,a2i
1,0.8974805942653976,0.5278592224124907,39.37459004363837,1.124524512723197,213.80418632070518
2,0.09429713747553402,0.1023319197407839,32.1667192138868,0.14391202977751985,213.64878247087216
