PrincipalComponent,coi,c1i,a1i,c2i,a2i
1,1.0806767577818024,1.4505748130782352,91.29389714562598,0.07281343051377208,217.0681962836655
2,0.027787369278074004,0.1253133504858955,43.11780919356438,0.12656681644033158,226.83628543573994
