PrincipalComponent,coi,c1i,a1i,c2i,a2i
1,0.8529175826212348,0.48490123983736844,37.89524378172474,1.1510823534353543,215.62669922694167
2,0.12100181510171158,0.17160881593648664,33.77771119940442,0.17049639146542273,213.9559743403413
