PrincipalComponent,coi,c1i,a1i,c2i,a2i
1,1.1128038528699482,1.091531953105056,100.0,0.4214788777033205,211.62661647423573
2,0.02954874583196762,0.027980349530814852,43.41193052843611,0.04660073062428014,227.567002441893
