PrincipalComponent,coi,c1i,a1i,c2i,a2i
1,1.1691859552992643,1.3355190657870224,100.0,0.27083534428401473,205.51490030089815
2,0.0023025137393912613,0.0014053418282179164,41.84540858369074,0.0013430867180708051,225.74655657064656
