PrincipalComponent,coi,c1i,a1i,c2i,a2i
1,1.1483796708410121,1.4899408913273215,100.0,0.1354909865008744,202.47875107227784
2,0.027924407829153213,0.03582922299403973,40.97035877055646,0.07709793830493077,224.73490623267332
