PrincipalComponent,coi,c1i,a1i,c2i,a2i
1,1.1414778858943657,1.1956984548903342,100.0,0.370018362744179,207.83674202697415
2,0.010327920671576634,0.008353831029321919,42.42060526642244,0.015227117824104706,226.4554173664118
