PrincipalComponent,coi,c1i,a1i,c2i,a2i
1,1.1719783796401493,1.401321449223862,100.0,0.22396926030435435,203.98123631622713
2,0.009401801304718967,0.004534249553988965,41.3691603191941,0.01726166758172406,225.2365827695981
