PrincipalComponent,coi,c1i,a1i,c2i,a2i
1,0.9707043654450118,0.5653225077272047,47.64935436282063,1.0699642133416154,213.0174219183681
2,0.06918988282805762,0.0632109611468838,33.309541221273875,0.10573266159281554,215.38426018399844
