PrincipalComponent,coi,c1i,a1i,c2i,a2i
1,1.1547360400230111,1.2814587791053407,100.0,0.30819088546144546,206.9678159449267
2,0.0030474342282562662,0.0019471680105505942,42.24814247464751,0.0014187426832343421,226.20355325643433
