PrincipalComponent,coi,c1i,a1i,c2i,a2i
1,0.8504339094022315,0.4839357852036709,39.32761310087799,1.112229976713541,215.11788892645382
2,0.13255656235772895,0.18271005859671624,33.84206346332725,0.21279667395409108,214.06072193297473
