PrincipalComponent,coi,c1i,a1i,c2i,a2i
1,1.1543433438348127,1.3126832953401166,100.0,0.2867908719281202,206.01769263444916
2,0.005814348934605092,0.0034250310882040814,42.00173965486672,0.008381412923907984,225.90860287258408
