PrincipalComponent,coi,c1i,a1i,c2i,a2i
1,1.179654923937538,1.4363922282154817,100.0,0.21803696548679619,202.68245419646556
2,0.004938140180003859,0.002336561606703853,41.08790790254901,0.007189649330230261,224.8658317242935
