PrincipalComponent,coi,c1i,a1i,c2i,a2i
1,1.1601656774389888,1.5309796200328445,100.0,0.1379776102109083,200.97845580396958
2,0.020388657173572043,0.028970022409801264,40.587113132283164,0.05579818042567556,224.29400974466455
