PrincipalComponent,coi,c1i,a1i,c2i,a2i
1,0.898184959023032,0.5337959698360748,42.01917587511506,1.0791008880165986,213.73560866881806
2,0.10609240644903539,0.11224866852038635,32.618975466726255,0.18226429320786366,214.19125963377937
