PrincipalComponent,coi,c1i,a1i,c2i,a2i
1,1.1722901525815104,1.3681932218178416,100.0,0.2572318130958809,204.36968457615515
2,0.0019231514018624373,0.0011960629709229613,41.54922832458956,0.00022448998750500607,225.39558856973917
