PrincipalComponent,coi,c1i,a1i,c2i,a2i
1,1.0965267168515254,1.5363872986384122,93.5832632284167,0.027840306424835662,216.47652830014184
2,0.019476002287712877,0.11699902253880716,43.37364809218494,0.09965334986620603,227.19608978406134
