PrincipalComponent,coi,c1i,a1i,c2i,a2i
1,1.1846340851893935,1.4376309356718602,100.0,0.2325384435590277,197.7101341924633
2,0.010869677755217369,0.006320493494879238,39.66686621813209,0.024805014502524467,223.35841895835657
