PrincipalComponent,coi,c1i,a1i,c2i,a2i
1,1.1041716735260854,1.1158662438404503,100.0,0.3869241134844268,210.75212928457924
2,0.03937799700551588,0.03406289497918488,43.10736067633892,0.0707542780732666,227.26617417821163
