PrincipalComponent,coi,c1i,a1i,c2i,a2i
1,1.1849627509493454,1.4436937435323347,100.0,0.2314547658093406,196.2964633924239
2,0.014260655898736716,0.01296027577073606,39.30867728125479,0.03601693194374438,222.9422964953001
