PrincipalComponent,coi,c1i,a1i,c2i,a2i
1,1.1369259208102802,1.221702325320839,100.0,0.344031154852119,206.85652910668796
2,0.01681825409918115,0.012297022439250616,42.08655969517822,0.03080357432215237,226.14386121983904
