PrincipalComponent,coi,c1i,a1i,c2i,a2i
1,1.1837049155754522,1.444447544775892,100.0,0.21429207666511568,201.96146131822653
2,0.0074696000173118515,0.002952191223664941,40.88854046389464,0.011869864539891535,224.63694286430987
