PrincipalComponent,coi,c1i,a1i,c2i,a2i
1,1.130846548452483,1.2555440939746472,100.0,0.30107784049582126,202.21698096611848
2,0.03872208346744959,0.02036104888218244,40.843903501628816,0.08583084708467772,224.74453965780958
