PrincipalComponent,coi,c1i,a1i,c2i,a2i
1,1.1568071037871144,1.3451114052411839,100.0,0.26475586495546194,200.46727876138814
2,0.020549430029913874,0.009086153269765465,40.4327612743023,0.04511675219178065,224.22533098164746
