PrincipalComponent,coi,c1i,a1i,c2i,a2i
1,1.2142198195403362,1.4680683302103157,100.0,0.2767966104597197,189.23586769179047
2,0.002052308047571878,0.001821393763037654,37.72971028754337,0.0015628883381063013,220.92050642369645
