PrincipalComponent,coi,c1i,a1i,c2i,a2i
1,1.17551639393848,1.7306742762588918,100.0,7.200782840941923e-17,202.86029475358848
2,0.01343134236798238,0.029748781828592193,41.005354118304936,0.04004525844408098,224.75821196802818
