PrincipalComponent,coi,c1i,a1i,c2i,a2i
1,1.182625656059866,1.4026002099755348,100.0,0.25215111967257187,198.28626585203156
2,0.009597223544219446,0.003975755611191473,39.93517571942835,0.019379333261949884,223.563876219388
