PrincipalComponent,coi,c1i,a1i,c2i,a2i
1,1.2171194655685034,1.478815952929241,100.0,0.28085003960200655,188.12594772306056
2,0.003760028704996694,0.0045341299283501516,37.452627096356125,0.005546127984694918,220.5888658837235
