PrincipalComponent,coi,c1i,a1i,c2i,a2i
1,0.9063709071961562,0.5526869275156575,49.272803407577676,0.9665861163191737,212.61974353597836
2,0.13754573450384924,0.1282570680927178,33.031106640061196,0.2844311883057497,215.3110283540307
