PrincipalComponent,coi,c1i,a1i,c2i,a2i
1,1.2004550344708622,1.471329955713657,100.0,0.23811436986809092,195.64774534401087
2,0.003918198241364947,0.0007108225380687357,39.312714590296586,0.002780840844965176,222.78539842810022
