PrincipalComponent,coi,c1i,a1i,c2i,a2i
1,1.1954226155311283,1.5896160412770488,100.0,0.17805683000846484,194.21309758861074
2,0.0072052963820186545,0.013248606004102619,38.864846419530934,0.017113748638043748,222.29332799266754
