PrincipalComponent,coi,c1i,a1i,c2i,a2i
1,0.8490568915445877,0.4806559196383352,42.07883624287519,1.0318718792784005,213.68733244812918
2,0.1628508470015568,0.19886118365328487,33.29498435514138,0.32252959881539217,213.912842281736
