PrincipalComponent,coi,c1i,a1i,c2i,a2i
1,0.9971460151223741,0.7471616980760964,76.1581982050521,0.7216719848702821,210.65995039692208
2,0.11525353999175789,0.08561918432192656,37.26081789725629,0.22982380551801015,221.04823860012814
