PrincipalComponent,coi,c1i,a1i,c2i,a2i
1,1.0911485328472,1.1508300175059734,100.0,0.321664013433813,206.56637434271119
2,0.06766020386282726,0.042953643435305,41.53781229305524,0.14676110744476084,225.9246494606664
