PrincipalComponent,coi,c1i,a1i,c2i,a2i
1,1.2083853315491526,1.4789909172512394,100.0,0.24164279003270397,194.54403201293056
2,0.0022772412397273293,0.0009331535729262745,39.03033271929771,0.0009912685532035188,222.45723050420375
