PrincipalComponent,coi,c1i,a1i,c2i,a2i
1,1.2111452264727163,1.5400323780800813,100.0,0.2083977741620247,193.07510408110392
2,0.004724403005023817,0.006616826318457433,38.64401774324096,0.01026833681254517,221.9979600880345
