PrincipalComponent,coi,c1i,a1i,c2i,a2i
1,1.1510274262187075,1.758941720197996,95.3186130374007,0.0,212.1971316583903
2,0.012855885846048075,0.02567727083824414,42.307731499401704,0.0665511807174295,226.27371504864314
