PrincipalComponent,coi,c1i,a1i,c2i,a2i
1,1.1960982787549341,1.8041631734470172,100.0,2.75166693298259e-17,202.49646511776925
2,0.005736594831259147,0.013767680848061719,40.78393417030174,0.01850681874405363,224.59089878684583
