PrincipalComponent,coi,c1i,a1i,c2i,a2i
1,1.2187336523323624,1.5355420291695474,100.0,0.2479271160395562,187.83530133801693
2,0.0037338222674784868,0.0029099114511578635,37.368550206914975,0.0031352007131588205,220.48928259098992
