PrincipalComponent,coi,c1i,a1i,c2i,a2i
1,0.84935382186501,0.479490240774318,43.9082573927849,0.9778477697323139,213.06067931005958
2,0.17080271220055027,0.2331960668914649,33.894496535069294,0.3866406259007766,213.91571050950463
