PrincipalComponent,coi,c1i,a1i,c2i,a2i
1,1.2021131066769457,1.5294507993150268,100.0,0.20305204426190832,194.28359897395706
2,0.006503732668500722,0.008608067129952589,38.93742024355392,0.015961982537522047,222.34133297129904
