PrincipalComponent,coi,c1i,a1i,c2i,a2i
1,1.0086411691597559,1.0338715571580592,100.0,0.33491209008728834,207.73252676105812
2,0.12813319372613713,0.1170428420338344,40.176987920154346,0.28723459787939154,225.22931673821208
