PrincipalComponent,coi,c1i,a1i,c2i,a2i
1,1.2077593116468086,1.6788575089986446,100.0,0.14944479823295578,193.79151364565476
2,0.002487937512828721,0.003964129412723068,38.80834422935978,0.0031919259800557197,222.17059987387702
