PrincipalComponent,coi,c1i,a1i,c2i,a2i
1,1.1789939353961862,1.4552169689067138,100.0,0.20599687385829757,196.78803148798247
2,0.016757161966656074,0.015659142996647762,39.46161361225813,0.046765355490631544,223.096388237212
