PrincipalComponent,coi,c1i,a1i,c2i,a2i
1,1.2253747983311438,1.5560059119834904,100.0,0.2517260660472328,187.1653423980985
2,0.002045781229524926,0.00157165163440538,37.19389210506802,0.00045214984339252677,220.28464795038838
