PrincipalComponent,coi,c1i,a1i,c2i,a2i
1,1.1215079209806178,1.291305155920357,100.0,0.249618395971548,200.92017380920797
2,0.050377413974300615,0.04097644133553931,40.38478523753019,0.1293621422778311,224.28094513198835
