PrincipalComponent,coi,c1i,a1i,c2i,a2i
1,1.1497452021058658,1.3885298389929555,100.0,0.2166203245422796,199.21849229358773
2,0.03057999012617559,0.02562310907046328,40.14315438541777,0.0802989741877653,223.8251813766111
