PrincipalComponent,coi,c1i,a1i,c2i,a2i
1,1.0793046350274302,1.1814602570039165,100.0,0.26416572652160775,205.10488629477334
2,0.08109228919606389,0.06640318555119659,40.84449755381465,0.1997536809683666,225.33366580359848
