PrincipalComponent,coi,c1i,a1i,c2i,a2i
1,0.9136566509606857,0.576837715984629,55.49298745848939,0.8745521662815148,211.65062809705015
2,0.14595584274873932,0.16073596656603129,33.7249077544968,0.34880527078160917,216.11987024122422
