PrincipalComponent,coi,c1i,a1i,c2i,a2i
1,1.178090404600408,1.3939419288743902,100.0,0.24675822172323442,202.30350058090102
2,0.0038588671941250825,0.0019908378748842667,41.01371523088286,0.003694613519077719,224.77281991263652
