PrincipalComponent,coi,c1i,a1i,c2i,a2i
1,1.1959622690131697,1.4692100791550748,100.0,0.2169816628064142,199.34029844138863
2,0.0034468485345130083,0.002431207493826273,40.225665478493106,0.0039196675599800605,223.86098985151733
