PrincipalComponent,coi,c1i,a1i,c2i,a2i
1,1.098894849816059,1.1426420070297363,100.0,0.35222107863611424,209.3776663817632
2,0.05145409259648962,0.03675620307083984,42.544868243217564,0.0965403977616255,226.81238435671222
