PrincipalComponent,coi,c1i,a1i,c2i,a2i
1,1.197849933298843,1.461404743545139,100.0,0.24055676225771697,194.840297795482
2,0.0062768974059886126,0.005111910828917654,39.12171142750411,0.012614124768503909,222.54947193378607
