PrincipalComponent,coi,c1i,a1i,c2i,a2i
1,0.9841406222283434,0.6408994952592804,60.97487933314568,0.9103971971427645,212.58493567461647
2,0.09597375643218259,0.07606927647891586,35.4575335632907,0.17068047726358573,218.24869473796585
