PrincipalComponent,coi,c1i,a1i,c2i,a2i
1,1.1569886837958794,1.3382098703282652,100.0,0.26945530709876586,204.07363112725542
2,0.010678185089793884,0.004747810157873015,41.39677446363859,0.018916847405590468,225.2909788670373
