PrincipalComponent,coi,c1i,a1i,c2i,a2i
1,0.9014417151283757,0.5466952027154591,45.115690950577665,1.0338749224008583,213.5408752857461
2,0.12057723236498409,0.11734402432438541,32.91207384430316,0.21823744350070398,214.76764075017968
