PrincipalComponent,coi,c1i,a1i,c2i,a2i
1,1.1908645851104636,1.461417608716722,100.0,0.21831682249867776,200.18409921871566
2,0.002389226288953792,0.0013195002396889956,40.453867383437725,0.0015501748173764383,224.1221797293464
