PrincipalComponent,coi,c1i,a1i,c2i,a2i
1,0.8484097108458492,0.4877229597709702,40.4997159407878,1.0806524545505065,214.54585961129146
2,0.14707091748159054,0.18780534582621916,33.573395985207206,0.2522422776652358,214.01278431262529
