PrincipalComponent,coi,c1i,a1i,c2i,a2i
1,1.1588180161042543,1.6637784637916708,100.0,4.803274087975938e-17,206.2084799249626
2,0.021470298377235793,0.04459348244434767,42.00139172247086,0.06654568265336305,225.75411808607072
