PrincipalComponent,coi,c1i,a1i,c2i,a2i
1,1.1759527494232878,1.5620450985260725,100.0,0.1463803801469131,198.3990113773046
2,0.013657704203210918,0.02450669346049747,39.9023933968942,0.03833872010213391,223.5233269739257
