PrincipalComponent,coi,c1i,a1i,c2i,a2i
1,1.1996022785687122,1.4678022813993354,100.0,0.24259686980409367,193.52505728271072
2,0.008565071910839309,0.010699874977361919,38.64365241201321,0.021152080642134297,222.11884516195218
