PrincipalComponent,coi,c1i,a1i,c2i,a2i
1,1.009082654249295,1.1173117517837712,89.89639520252562,0.24834159635863487,215.12193904883964
2,0.08432012225117602,0.1717239727542122,42.486794036931556,0.26374874185667363,225.768861139122
