PrincipalComponent,coi,c1i,a1i,c2i,a2i
1,1.17434679082019,1.842221038901313,99.19547879639155,0.0,208.52795381388185
2,0.0047274030700341085,0.011709372128957337,42.163945295521856,0.021308773960876028,226.11583435653523
