PrincipalComponent,coi,c1i,a1i,c2i,a2i
1,1.12349717045333,1.583235575455874,99.82029037971165,8.553653605053227e-18,210.95430382753767
2,0.02705534117357496,0.08190701141232724,43.32787127224672,0.10968963997330025,227.10729715602272
