PrincipalComponent,coi,c1i,a1i,c2i,a2i
1,1.162331859713292,1.8808457860624683,94.94917853596458,1.2443253429756943e-16,213.1916178896547
2,0.0030469170116213967,0.0031955670571616334,42.50926821583784,0.0035260874945947907,226.45204141127167
