PrincipalComponent,coi,c1i,a1i,c2i,a2i
1,1.0606171988504112,1.32919324980014,96.93627663981707,0.12005206802362639,213.24003763476665
2,0.05395680228532284,0.146600076506209,43.53642890019363,0.18205356774325968,227.03981437310597
