PrincipalComponent,coi,c1i,a1i,c2i,a2i
1,1.1617188326549466,1.6965317341801471,99.88220936733372,0.0,208.25256790005898
2,0.015442909950312438,0.04432355963070473,42.44780043269166,0.07216449989283837,226.28510507292435
