PrincipalComponent,coi,c1i,a1i,c2i,a2i
1,0.9265990860648147,0.9177421464485275,81.03547824093684,0.38385276676703173,215.94501191510605
2,0.1268743485864002,0.21719947928697977,41.35443284399799,0.36826176179316333,223.5196358992032
