PrincipalComponent,coi,c1i,a1i,c2i,a2i
1,0.8335599015170636,0.671587946867837,67.15723549637217,0.5919664174887573,219.75362052199574
2,0.17840382954493292,0.3637183745303384,47.50030393514113,0.42158634285537,221.67654132212576
