PrincipalComponent,coi,c1i,a1i,c2i,a2i
1,1.1505265313103938,1.6735419235745168,99.57812262967194,5.976897102564799e-17,208.95402943119137
2,0.01882206034596927,0.04893829663875531,42.61492707702124,0.0835518297095386,226.42852019056633
