PrincipalComponent,coi,c1i,a1i,c2i,a2i
1,1.1774063730647453,1.7870521091596674,100.0,0.0,204.99863459830382
2,0.00836225147769476,0.023265316805695786,41.41873534505616,0.04177550246930612,225.31932021099928
