PrincipalComponent,coi,c1i,a1i,c2i,a2i
1,1.1681455720133058,1.7480676255928946,100.0,2.5205142975366355e-17,205.39606678908223
2,0.011719850217471888,0.03301624020771433,41.644935196078556,0.05368556054842536,225.4721952909697
