PrincipalComponent,coi,c1i,a1i,c2i,a2i
1,1.0938430425916972,1.4916896200054552,100.0,0.023996835295263207,212.2681893109393
2,0.03338858981512448,0.12601078243386596,43.899298542614865,0.12382919337860235,227.5449528188076
