PrincipalComponent,coi,c1i,a1i,c2i,a2i
1,1.191219257799016,1.7289213918229511,100.0,0.045822607716872285,198.0050056418506
2,0.008532547474349346,0.015381364369981807,39.62628448775691,0.024307521717725468,223.3435908011006
