PrincipalComponent,coi,c1i,a1i,c2i,a2i
1,0.8445230617007334,0.5518658590420252,54.47094435439337,0.8035145282477599,215.38374785842333
2,0.17724712014220267,0.29834996544737785,39.11868385803453,0.4224401084335506,217.10770575466822
