PrincipalComponent,coi,c1i,a1i,c2i,a2i
1,0.971603269547939,0.9927138636440496,91.82978211072263,0.3309462901419391,212.71787247695147
2,0.1331778221167151,0.17283900520064377,40.98972977185991,0.33353952120144215,224.8680670544531
