PrincipalComponent,coi,c1i,a1i,c2i,a2i
1,1.1444463396659326,1.6080839193094045,100.0,0.01429490185040305,204.6488626090505
2,0.027775875196218117,0.041691460864796935,41.60161133252706,0.08694922242448828,225.3390992761245
