PrincipalComponent,coi,c1i,a1i,c2i,a2i
1,1.0555370504467965,1.2161844778152868,100.0,0.17207932925852684,211.01445767456812
2,0.08628524244598304,0.12906208733946184,42.5781602172179,0.2297338722952023,226.9409578830948
