PrincipalComponent,coi,c1i,a1i,c2i,a2i
1,1.0878000102738277,1.3986151029972502,100.0,0.08891542763814649,207.82322095413966
2,0.061222817794985306,0.08372793929807675,42.28683874211964,0.1713122906261088,226.21358788827263
