PrincipalComponent,coi,c1i,a1i,c2i,a2i
1,1.1818558596019426,1.71327722350141,100.0,0.014697046987158797,201.48031091475812
2,0.011043763639076262,0.024164636325147183,40.55792138466944,0.038536433211807754,224.36061951644547
