PrincipalComponent,coi,c1i,a1i,c2i,a2i
1,0.9122950958178715,0.7496142449922826,74.06403245808735,0.5797559978459849,214.66856048705486
2,0.1526816996386606,0.22111129977827162,39.30867411401072,0.390165751204932,221.17471099236974
