PrincipalComponent,coi,c1i,a1i,c2i,a2i
1,1.1140363683006158,1.5279277407748453,100.0,0.03056952967901361,206.43252670593876
2,0.041987141761830674,0.05787634360959644,42.07227207318501,0.12374403981436052,225.8690151568657
