PrincipalComponent,coi,c1i,a1i,c2i,a2i
1,1.1926112901626216,1.8477393445378243,100.0,3.054628992804217e-17,202.46242064649425
2,0.0030090974601411037,0.003676067289339456,40.89752750196939,0.0031071197887109214,224.61322412004068
