PrincipalComponent,coi,c1i,a1i,c2i,a2i
1,1.1408561246661935,1.8454476190412747,92.02825647259921,3.7382973854487774e-17,215.04357581617225
2,0.00555785773097479,0.007679067677312202,42.275603431765965,0.027497002990176628,226.2773021037049
