PrincipalComponent,coi,c1i,a1i,c2i,a2i
1,1.0782003085467233,1.5007256127580042,92.4800202307669,0.053468780137462896,216.21425430883616
2,0.020129797136148007,0.1301730543771512,43.237719818253936,0.11611670413011096,226.87572536617586
