PrincipalComponent,coi,c1i,a1i,c2i,a2i
1,1.1259575279401755,1.716243890304172,95.34053588862797,0.0,212.29199740625816
2,0.017933170361438575,0.042193161953788375,42.518216789973174,0.09018607108488565,226.35276894183016
