PrincipalComponent,coi,c1i,a1i,c2i,a2i
1,0.8343027347189294,0.7935574935579026,67.48199543867706,0.4529058069209354,218.80225906911602
2,0.13717239282638788,0.3124604822591036,42.15361839123115,0.4339991449938851,221.38480941430373
