PrincipalComponent,coi,c1i,a1i,c2i,a2i
1,1.043878219359715,1.3796136719536591,90.02090080419357,0.11399256954012865,216.87840319570307
2,0.03404859036085542,0.1503368698594134,43.128969032518896,0.15599413581849897,226.4954533714601
