PrincipalComponent,coi,c1i,a1i,c2i,a2i
1,1.116848719120155,1.664085308673641,94.57104008525272,5.372959157720635e-17,214.23266684532624
2,0.01263261775278162,0.07838031470578667,42.958501593915294,0.08722141401594338,226.73940323644118
