PrincipalComponent,coi,c1i,a1i,c2i,a2i
1,0.806411214811534,0.7678113502979976,71.70765347429705,0.4318631156978698,223.2484612333919
2,0.17320033411220198,0.41903482434236866,52.089670786526106,0.4097766905320794,224.12787354973608
