PrincipalComponent,coi,c1i,a1i,c2i,a2i
1,1.1077614575419057,1.638989871022316,94.58828052433039,4.1087773872665103e-17,214.89316347288408
2,0.010922927152572046,0.09792965261775105,43.159696180751766,0.08559005617228223,226.96784249014902
