PrincipalComponent,coi,c1i,a1i,c2i,a2i
1,0.8776410763079792,0.8723539305795965,71.10877911688718,0.41039264586924473,217.79879564194917
2,0.1182649387182606,0.25263621857447816,40.58201350917315,0.3909421177916777,221.89641140128253
