PrincipalComponent,coi,c1i,a1i,c2i,a2i
1,1.1285337932966772,1.8236923490648065,94.03379850105458,0.0,213.53329552853685
2,0.008684059333727793,0.017243092329610722,42.31100460292114,0.05014574884943998,226.34705211547566
