PrincipalComponent,coi,c1i,a1i,c2i,a2i
1,1.1373999134927484,1.7574050077510475,95.70103430866186,0.0,211.77212274377507
2,0.014611938731865455,0.029831223504089566,42.35312579396343,0.07695713621714097,226.26759296096233
