PrincipalComponent,coi,c1i,a1i,c2i,a2i
1,1.1185217489915371,1.876742335452143,90.44867162090097,1.4315469033374327e-16,216.56961026625862
2,0.0047059722870112595,0.006698689789912245,42.47671970843452,0.019583033429454805,226.37690521329966
