PrincipalComponent,coi,c1i,a1i,c2i,a2i
1,0.3135308443258642,0.0,28.989825536535925,1.8818651650853397,210.38457325539483
2,0.02954270653279396,0.03279286492747376,28.918321885152295,0.053707158713880356,209.95884079247176
