PrincipalComponent,coi,c1i,a1i,c2i,a2i
1,0.11540102317927414,0.15361879467046877,28.86060384935563,0.7336370846056428,210.13079887581495
