PrincipalComponent,coi,c1i,a1i,c2i,a2i
1,0.24940792394205985,0.17554396549138257,28.940630423928443,1.3518970077558556,210.26982017331986
2,0.09888613502156285,0.11619740099006858,28.849822362075425,0.571901944096209,209.7684128333737
