PrincipalComponent,coi,c1i,a1i,c2i,a2i
1,0.280089167411335,0.05527165523936381,28.981338166044395,1.8155238229778305,210.36077120766447
2,0.0173979112973715,0.025536373537273775,28.910449274504263,0.07309547675205806,209.94012819540592
