PrincipalComponent,coi,c1i,a1i,c2i,a2i
1,0.18299260282714955,0.811146277491041,68.66461598982592,0.5850336075200154,219.77218224839507
2,0.08413411682905655,0.08764782370094402,40.54154647149694,0.5594400535670168,222.96379061012289
