PrincipalComponent,coi,c1i,a1i,c2i,a2i
1,0.24916228872829813,0.23887715354610825,28.8971496195862,1.5213686529738466,210.33093684091486
2,0.00525584318266429,0.006191980586745051,28.826696737789515,0.012128617353608765,209.91468140809636
