PrincipalComponent,coi,c1i,a1i,c2i,a2i
1,0.30211074662168946,0.14133311978492857,28.934850220235315,1.5801014557630912,210.3931642376803
2,0.025300829134413,0.04792274314714513,28.864508095416888,0.06865517712488245,209.9619744310003
