PrincipalComponent,coi,c1i,a1i,c2i,a2i
1,0.3057884942749742,0.5423678958337174,100.0,0.8905351610282161,191.29203082265946
2,0.03754064575776127,0.03688348143579382,39.78775758065071,0.13672821870896812,222.70648376275219
