PrincipalComponent,coi,c1i,a1i,c2i,a2i
1,0.1794308045856159,0.34313321076733017,18.000937891677566,1.2798895118885791,250.0
2,0.10211772402967918,0.3106376938902541,60.015298735424835,0.3384325828252028,219.8766352985291
