PrincipalComponent,coi,c1i,a1i,c2i,a2i
1,0.20488716897768033,0.7472702797366683,60.05512524802197,0.6892446237197274,218.42934701369296
2,0.0646539199127164,0.05192728926211784,37.831215767102776,0.32484969272458725,220.57101216839104
