PrincipalComponent,coi,c1i,a1i,c2i,a2i
1,0.22497371172508235,0.47506580627460576,47.08376336125389,0.9284693306817567,214.15792751985666
2,0.1037155843111343,0.06590555782300847,34.03545601473306,0.6234699832694981,215.78751333332258
