PrincipalComponent,coi,c1i,a1i,c2i,a2i
1,0.26791120466326795,0.11724462473428708,28.9326025564719,1.6746696427291552,210.34443600413093
2,0.011946452626913639,0.015289400706057981,28.862907484968837,0.04200230571658193,209.9223196571822
