PrincipalComponent,coi,c1i,a1i,c2i,a2i
1,0.28034603210971515,1.0836089648371503,100.0,0.31120918355688304,217.04818419484897
2,0.042935883916235706,0.053633566862603364,46.67047003378116,0.15872844285280707,230.39616231685272
