PrincipalComponent,coi,c1i,a1i,c2i,a2i
1,0.1020358028034418,0.5114751324237029,20.242733351004226,1.1076804820487707,250.0
2,0.09842829311252942,0.5845221835945054,85.75631255370034,0.03721464653688586,222.20751335623993
