PrincipalComponent,coi,c1i,a1i,c2i,a2i
1,0.15880656004578245,0.635142207688416,45.7428325381055,0.7458913504796284,215.5688404530341
2,0.07899772463979411,0.051403749096448674,33.8130467920585,0.5953359134756069,216.52875750048557
