PrincipalComponent,coi,c1i,a1i,c2i,a2i
1,0.2834789487078141,0.886821648314509,100.0,0.4676157808215951,214.3778080818315
2,0.056508758129393676,0.06550556761681918,45.30825007806487,0.2256410078905927,230.0637427905557
