PrincipalComponent,coi,c1i,a1i,c2i,a2i
1,0.15902961155043316,0.6522329360719247,53.90504983274364,0.7205879744173012,216.81573741803908
2,0.10292049379048071,0.04840007661212227,36.368135439117395,0.6878435957510239,219.09867018345128
