PrincipalComponent,coi,c1i,a1i,c2i,a2i
1,0.25524354152279866,0.21843910804625372,28.906605405039134,1.3120138400766588,210.383002587371
2,0.03613653022764078,0.05687637485447191,28.83577333709537,0.18665572210715564,209.95002610555727
