PrincipalComponent,coi,c1i,a1i,c2i,a2i
1,0.25601837420855705,0.13947408513650067,28.943824131354347,1.3398953440252883,210.27628250062824
2,0.11534292263760262,0.09014645575521961,28.84785141054942,0.6501003527650374,209.74703513543673
