PrincipalComponent,coi,c1i,a1i,c2i,a2i
1,0.21970211635247797,0.4422142924775641,44.39618876987249,0.9028722648277104,214.53539468396463
2,0.12559724843782247,0.02239468310033737,33.6020705079914,0.7447209116860964,216.4964952879737
