PrincipalComponent,coi,c1i,a1i,c2i,a2i
1,0.3340657888242726,0.012098028065561947,42.86195160623846,1.9883610782948347,250.0
2,0.0397535246638395,0.033632137245592976,42.66678531597394,0.05826853059820254,225.3097159964136
