PrincipalComponent,coi,c1i,a1i,c2i,a2i
1,0.13904222290589646,0.0909131110803705,28.86866791602163,0.799926182298548,210.13071269223866
