PrincipalComponent,coi,c1i,a1i,c2i,a2i
1,0.31789869625392914,0.06854715241865747,28.941504664622546,1.6126923265788247,210.39810141410828
2,0.03329107820959336,0.05772506466152563,28.87173885697437,0.10256526235960366,209.9677021565804
