PrincipalComponent,coi,c1i,a1i,c2i,a2i
1,0.2840327689269326,0.16370513125594174,35.984630612357634,1.7850749952818006,250.0
2,0.009234365409791834,0.0085090338150274,41.09502257424894,0.012856419505262067,223.64068758196134
