PrincipalComponent,coi,c1i,a1i,c2i,a2i
1,0.09504338270049138,0.5001397599522233,19.489105554879828,1.1129316666953164,250.0
2,0.10777189633318704,0.38136905287041883,65.8519491912613,0.309383783583158,219.52618371212404
