PrincipalComponent,coi,c1i,a1i,c2i,a2i
1,0.2960856852673938,0.10626647617447132,42.890936364101165,1.9317781620226826,250.0
2,0.017399734683823245,0.024047669911651092,42.644893527675436,0.03365661949610701,225.3413915433232
