PrincipalComponent,coi,c1i,a1i,c2i,a2i
1,0.19476378084941237,0.6320612326682082,54.00560643438845,0.7458001003138334,217.24310877356524
2,0.08108288903734844,0.0447834737434837,36.00467888583952,0.4305462715753652,219.13146934698625
