PrincipalComponent,coi,c1i,a1i,c2i,a2i
1,0.16120218387198595,0.5357101484271942,44.683993045177864,0.8040728613488295,215.73833768987134
2,0.09113882142907308,0.0256843566525404,33.90374232981628,0.7553383280850797,217.7188423603439
