PrincipalComponent,coi,c1i,a1i,c2i,a2i
1,0.16158210056342578,0.5963395646311273,55.83733246398214,0.753674471758973,231.50778257242274
2,0.11647491908181744,0.0,38.03482973067476,0.8510787564785561,211.0495681639083
