PrincipalComponent,coi,c1i,a1i,c2i,a2i
1,0.19744283899979637,0.48611566539171996,50.719986159708135,0.869152887563656,216.44214145192225
2,0.08481760615342807,0.04271751772664553,34.840624094498786,0.5621895530269372,219.25770577860263
