PrincipalComponent,coi,c1i,a1i,c2i,a2i
1,0.08975319940828255,0.45606679549833984,17.0373278605024,1.1899723730608482,250.0
2,0.09889378964100777,0.26061891289872874,47.20669656061102,0.5382755645055025,218.3686608239713
