PrincipalComponent,coi,c1i,a1i,c2i,a2i
1,0.18451511183699043,0.2750553721337757,15.204294066982577,1.3343883857038958,250.0
2,0.09812759021051587,0.171973761700119,32.983578832781674,0.6464667482323097,222.55524377040035
