PrincipalComponent,coi,c1i,a1i,c2i,a2i
1,0.27478671094262835,0.10145104988780246,28.93666706592138,1.4215006412710072,210.37440971261813
2,0.0419365411170647,0.06143655935010651,28.86618607311799,0.26017431295435417,209.95223730406073
