PrincipalComponent,coi,c1i,a1i,c2i,a2i
1,0.27890882664010735,0.555551731333509,100.0,0.8142559154045508,196.50428153340465
2,0.061303317541270656,0.07267999603322388,37.6419385954999,0.32270609905024505,227.2201349686322
