PrincipalComponent,coi,c1i,a1i,c2i,a2i
1,0.2947804849082877,0.0,42.913584438946735,2.111702723952335,250.0
2,0.04148118516777828,0.030603416610005166,42.73848661208596,0.08091873461261442,225.2910714841733
