PrincipalComponent,coi,c1i,a1i,c2i,a2i
1,0.2711751152111583,0.07934807083827307,28.986367659318255,1.3845676716630784,210.29850084131684
2,0.12602029287339603,0.03716756098059407,28.88898414214463,0.7887542548787813,209.76197566638285
