PrincipalComponent,coi,c1i,a1i,c2i,a2i
1,0.3233631950977056,0.054035236285356426,42.86949096712767,1.754921675271287,250.0
2,0.04695936415887032,0.062344024523547904,42.77908692061116,0.15499229988851912,225.50492951771375
