PrincipalComponent,coi,c1i,a1i,c2i,a2i
1,0.2188217931258569,0.36924213300628206,41.95483410610359,0.9538365787846322,215.24950503961992
2,0.12517842479135685,4.650205485256663e-18,34.04455054082274,0.8968699508309903,219.23264602168138
