PrincipalComponent,coi,c1i,a1i,c2i,a2i
1,0.16763007289076168,0.016423449604485375,48.87375628217819,1.0063823688758888,250.0
