PrincipalComponent,coi,c1i,a1i,c2i,a2i
1,0.18695437015790173,0.24407045055384494,14.208833727032006,1.4134722056988738,250.0
2,0.11100721589423447,0.15873868960327087,33.43185122773655,0.7343857437213492,218.35521788141196
