PrincipalComponent,coi,c1i,a1i,c2i,a2i
1,0.28625958640363586,0.0,42.904233503982425,2.240589866146811,250.0
2,0.038700197870856434,0.029025030903947334,42.69254499864244,0.10529052023766795,225.18035262011043
