PrincipalComponent,coi,c1i,a1i,c2i,a2i
1,0.2708195580675635,0.0,87.34447815429091,1.393928301607177,150.66516435840728
2,0.05021668671126554,0.0834457246172343,20.65686236287788,0.4017626717704506,210.3055249702453
