PrincipalComponent,coi,c1i,a1i,c2i,a2i
1,0.165151794140033,0.537688552724341,55.618929901175285,0.8299281247844283,231.57634176878415
2,0.11711898120282498,2.2525208455610455e-18,37.07033213866869,0.9630880570726275,204.56491736088614
