PrincipalComponent,coi,c1i,a1i,c2i,a2i
1,0.17027853854554478,0.4964766517389583,46.397425729876566,0.8471966242775448,222.02085851743155
2,0.09486876394019073,0.02709799693381442,34.052870021909214,0.880043722409437,214.81798403738816
