PrincipalComponent,coi,c1i,a1i,c2i,a2i
1,0.22035445497251613,0.36589227498174853,45.0136997489391,0.9780414214763087,224.98520720475204
2,0.12408318224027824,1.2556649305822171e-17,36.017663627087146,1.0182184465985735,216.14063973066936
