PrincipalComponent,coi,c1i,a1i,c2i,a2i
1,0.2215044695909771,0.5740499790807776,76.75399794948436,0.7483729956179697,217.93248067662904
2,0.09865332389664536,0.05142295857977822,40.02356378237766,0.6679341580137956,229.97555182989734
