PrincipalComponent,coi,c1i,a1i,c2i,a2i
1,0.16406995021016138,0.0,48.92075976967494,1.1712466030790658,250.0
