PrincipalComponent,coi,c1i,a1i,c2i,a2i
1,0.07905192010381931,0.4291665640332991,14.879167516010925,1.2919864786652333,250.0
2,0.10416404431801231,0.27196202078617865,49.87912117502378,0.5937865223563128,213.15008764109496
