PrincipalComponent,coi,c1i,a1i,c2i,a2i
1,0.3212079685800284,0.0,39.42482653605947,1.8753710674643724,240.35552978620512
2,0.05325308052047044,0.06247275720766813,39.07964077063614,0.20216028955236096,221.5779567133096
