PrincipalComponent,coi,c1i,a1i,c2i,a2i
1,0.26733036936386245,0.06661056042011884,29.00766616588286,1.4309892510862456,210.26727007322714
2,0.14622480166804244,1.388982224027595e-18,28.916229615277096,0.9131926401449744,209.74881025135693
