PrincipalComponent,coi,c1i,a1i,c2i,a2i
1,0.2783436946718857,0.11124113949030216,40.24721286203666,1.450974372067323,237.28725014046563
2,0.18342763926151315,1.138080659865832e-17,44.269829745134295,0.966278396402113,250.0
