PrincipalComponent,coi,c1i,a1i,c2i,a2i
1,0.19308865868895012,0.2534852658949868,14.166698747219012,1.3872394790876792,250.0
2,0.1700545454296658,0.06398553092795879,35.546343977819454,0.8313441620740198,218.3533678973821
