PrincipalComponent,coi,c1i,a1i,c2i,a2i
1,0.3658595871852471,3.9184769909123405e-19,39.454055413191526,2.0018421437796494,240.38499643871768
2,0.05135898308869072,0.014853541017792158,39.18741474812913,0.13166050277148272,221.7078797383468
