PrincipalComponent,coi,c1i,a1i,c2i,a2i
1,0.09117511740837186,0.45821215132010273,16.77697520463205,1.2129851775844687,250.0
2,0.16346254963831713,0.09349496088244498,39.46608836287467,0.8025355018326079,206.43325098439786
