PrincipalComponent,coi,c1i,a1i,c2i,a2i
1,0.3244073868365529,8.590786164482632e-18,28.989475178756503,1.6889860249439785,210.40920011389642
2,0.05820238215983505,0.05907434812437609,28.917870535440937,0.21367613633958224,209.98437464942228
