PrincipalComponent,coi,c1i,a1i,c2i,a2i
1,0.21529299812152086,0.42695637708101125,53.05260763914243,0.9456428641040531,215.60235535189557
2,0.12369851149914193,0.021928344535509202,36.05999362771806,0.8300065252027377,221.48569158847434
