PrincipalComponent,coi,c1i,a1i,c2i,a2i
1,0.17871199480726463,1.7576321063724786e-17,48.8119180980585,1.1966164217169202,250.0
