PrincipalComponent,coi,c1i,a1i,c2i,a2i
1,0.240497682143263,0.2902287417075207,42.755564501743486,1.0849013538546637,214.7056466832955
2,0.14881267580748733,0.0,34.72737689459327,0.988309538364647,222.50274320560385
