PrincipalComponent,coi,c1i,a1i,c2i,a2i
1,0.1983104422616331,0.5537872798903256,66.27025238439111,0.8238608076194658,232.21946919250718
2,0.13518250244346086,1.064621187525106e-17,40.52416966086177,0.9460843516671468,211.9634268862256
