PrincipalComponent,coi,c1i,a1i,c2i,a2i
1,0.29934544589046214,0.0,33.86298288503647,1.5266686803864524,164.5217039632307
2,0.04273303919560285,0.0944111595599793,14.627353462380944,0.29366043508270956,198.80934148093675
