PrincipalComponent,coi,c1i,a1i,c2i,a2i
1,0.18203006635118954,0.3121451364470833,13.454861552581006,1.3004553956716352,250.0
2,0.13993524803491295,0.24703769073181875,52.82963776609476,0.5414406169031653,217.2197624500989
