PrincipalComponent,coi,c1i,a1i,c2i,a2i
1,0.287789018774255,0.10601801260795365,28.936598083888178,1.3577290294860116,210.24049684232463
2,0.1567067824292913,0.06726204395021773,28.844737342323057,0.7476659498666849,209.73172006145228
