PrincipalComponent,coi,c1i,a1i,c2i,a2i
1,0.2073733359364485,0.44092397852285914,39.42959542794158,1.0178655254608542,212.58642366704632
2,0.07526151367529946,0.1547520471382493,33.23425078491384,0.5119579512683332,213.36109249229304
