PrincipalComponent,coi,c1i,a1i,c2i,a2i
1,0.33193320004639065,0.15848990144290828,28.93822776777533,1.5815791710499958,210.42715358576098
2,0.032709367677914485,0.06080732014351417,28.866496437961338,0.032427206660408936,209.99033881339216
