PrincipalComponent,coi,c1i,a1i,c2i,a2i
1,0.21218236636069818,0.03487980794157536,28.937310482479916,0.9152591346968725,210.22605275399593
