PrincipalComponent,coi,c1i,a1i,c2i,a2i
1,0.23226302628589018,0.6520276846387232,77.42530780878172,0.6931693258639988,216.4470091026175
2,0.12019646205674682,0.13058284611054027,44.17604811576498,0.6489782367693945,223.03869636125273
