PrincipalComponent,coi,c1i,a1i,c2i,a2i
1,0.2557165035687377,0.319829669917534,42.38708905914838,1.0500099705455075,210.1672271897529
2,0.15119067731929428,0.0662549754830485,32.01100774473666,0.7444890415804251,213.59251002814452
