PrincipalComponent,coi,c1i,a1i,c2i,a2i
1,0.2764540147483712,0.496302622071477,70.00795185618706,0.9490796846962132,210.12876250456267
2,0.07648138696845798,0.1661335678400735,40.456340182088894,0.2783927017024792,221.58813986657233
