PrincipalComponent,coi,c1i,a1i,c2i,a2i
1,0.08036658882805874,0.5079006680828235,16.00104423031715,1.1365504584475603,250.0
2,0.14852156108851844,0.39147499543191283,74.73770960762285,0.36988454495118245,214.53124417856125
