PrincipalComponent,coi,c1i,a1i,c2i,a2i
1,0.31700746790060946,1.2484619251129143,100.0,0.26662575365856683,215.04371826836942
2,0.04406358165851856,0.019790577076608074,46.28065737758814,0.04083231849206475,229.672618434862
