PrincipalComponent,coi,c1i,a1i,c2i,a2i
1,0.1743498318573918,0.37848952441187045,18.01412416418388,1.2207873745335975,250.0
2,0.14727087790555843,0.3939099555751649,80.65225214251588,0.24811957099521312,219.3918348588519
