PrincipalComponent,coi,c1i,a1i,c2i,a2i
1,0.09997455541694285,0.5512623790072729,20.9884260296327,1.0178961665702448,244.8289219723374
2,0.14280421372445706,0.6395963595613172,97.60056184184081,4.944492471195772e-18,219.69679983771294
