PrincipalComponent,coi,c1i,a1i,c2i,a2i
1,0.23834834988814094,0.23242028376271484,28.904220994588517,1.289889778495153,210.21716569529076
2,0.14672861918401164,0.08968196445351292,28.81444759688122,0.5990070321210345,209.7353647026133
