PrincipalComponent,coi,c1i,a1i,c2i,a2i
1,0.15266468349995402,0.18358487924118586,28.87013800923337,0.6989486005405141,210.19795348836607
