PrincipalComponent,coi,c1i,a1i,c2i,a2i
1,0.26838845585583554,0.6643900157145769,74.36335046632503,0.6853799424247639,216.19970913775668
2,0.13863907064394124,0.0840183997226093,41.35984118127416,0.573664233184081,223.23855621898085
