PrincipalComponent,coi,c1i,a1i,c2i,a2i
1,0.18781741128186027,0.7351690915374303,52.097677215009405,0.7659755745849779,216.19565094949215
2,0.08496959575469505,0.09449599957544429,36.02645510096293,0.38239359682829416,217.5359222416193
