PrincipalComponent,coi,c1i,a1i,c2i,a2i
1,0.25425397188724413,0.9496142582646623,77.99187833011815,0.5025369031270319,220.56115785309944
2,0.08075651662627076,0.06968210191499943,42.68792833532675,0.21444588888950517,225.7390144928042
