PrincipalComponent,coi,c1i,a1i,c2i,a2i
1,0.30950164489087506,0.5946841079326963,100.0,0.8379843372449145,191.5227686008045
2,0.14367259708732416,0.2278712512340492,61.60381435450393,0.40077668324121096,224.39845226874672
