PrincipalComponent,coi,c1i,a1i,c2i,a2i
1,0.19339697618330104,0.9730791948797344,56.89460204857318,0.6653128191280132,218.20680576009127
2,0.061021826412758516,0.13457334480338023,38.10420512481784,0.21335311253619377,219.39056735927457
