PrincipalComponent,coi,c1i,a1i,c2i,a2i
1,0.2127796415060118,1.2440325594365356,87.14421721990234,0.2372447469226749,225.45131321227194
2,0.09428155923923343,0.22461521317682875,50.724515068036084,0.26473996451661297,228.90681670082085
