PrincipalComponent,coi,c1i,a1i,c2i,a2i
1,0.24504756313265355,1.2140948464048302,74.23509480576821,0.3851923938011986,222.1202890557556
2,0.06670700008636607,0.06419200065962025,42.39451260212321,0.08568746383221425,225.04369048956187
