PrincipalComponent,coi,c1i,a1i,c2i,a2i
1,0.1242607221212694,0.5547724352405703,21.73760579286408,0.9882134583702691,226.69612636655333
2,0.0985036110914351,0.6831976914761433,72.88795273546367,5.3425792516158706e-17,217.66936060599264
