PrincipalComponent,coi,c1i,a1i,c2i,a2i
1,0.17653596766112528,0.783033343633214,95.31971844037325,5.758050336074332e-17,236.7507533702782
