PrincipalComponent,coi,c1i,a1i,c2i,a2i
1,0.1957950612348117,0.8134448272983159,49.820490558941,1.0161907313549885,215.9648123691562
2,0.11866226169499004,0.10816939602711712,35.22244989547418,0.27261361658114397,216.88405466909293
