PrincipalComponent,coi,c1i,a1i,c2i,a2i
1,0.2299855476437234,0.5686039099270952,48.31673181138439,1.1548680331225767,213.32437290982912
2,0.12751425783216816,0.116431273252376,33.02726064140918,0.47105641726940706,216.45289559361137
