PrincipalComponent,coi,c1i,a1i,c2i,a2i
1,0.15445825929113177,1.076903921957243,47.207600001599985,0.9515381587523684,215.8281380577661
2,0.050463696901432396,0.04901936314398017,34.453358602380625,0.05315395081903939,216.21094743445
