PrincipalComponent,coi,c1i,a1i,c2i,a2i
1,0.18415521592688988,0.5558587635992441,27.626418393153067,1.1250018159023463,221.73616001818104
2,0.11054491244701407,0.2951571245578783,48.97637416654705,0.3534218093779774,215.34904651220998
