PrincipalComponent,coi,c1i,a1i,c2i,a2i
1,0.14619210110653674,1.082420164489592,57.04780109750219,0.8372939549430205,218.35868296246807
2,0.09410158465445488,0.1021882216961478,37.75270567017439,0.16503818259524106,219.3968678622744
