PrincipalComponent,coi,c1i,a1i,c2i,a2i
1,0.12424064204008857,0.5685896810158036,53.03708681011532,0.4058539122005633,222.1651503102612
