PrincipalComponent,coi,c1i,a1i,c2i,a2i
1,0.1355367814075992,0.679222805533276,28.671831365275644,0.9122456734914023,226.35114433964043
2,0.09415249249874677,0.5606081478194154,66.41311758510477,0.14817319148621236,219.0616895959069
