PrincipalComponent,coi,c1i,a1i,c2i,a2i
1,0.28235672693830693,0.8172226254009395,62.48050544015668,1.3376779689543208,214.94835047060485
2,0.10486722312497977,0.0,37.822259166780725,0.33519221362526336,220.23412833949143
