PrincipalComponent,coi,c1i,a1i,c2i,a2i
1,0.1473369247429473,0.8395777310966652,83.2361717534259,0.29959325305389045,233.02614510217902
