PrincipalComponent,coi,c1i,a1i,c2i,a2i
1,0.1812001998889397,0.8272240936552252,36.86297124724934,1.0596408090719747,220.1346607546296
2,0.06854494628914526,0.3612355326492425,60.566205984753175,0.2708447919223942,218.35604850268842
