PrincipalComponent,coi,c1i,a1i,c2i,a2i
1,0.08327032175451446,0.5770696269853607,42.84232769616453,0.5772709200589612,217.2320388720977
