PrincipalComponent,coi,c1i,a1i,c2i,a2i
1,0.19863525327337891,0.660174903968643,42.64475214497706,1.2949900602920728,213.2087082326562
2,0.12772317643860417,0.05889296054783437,32.30639115319966,0.4583653427909861,214.75818495683978
