PrincipalComponent,coi,c1i,a1i,c2i,a2i
1,0.14961035634050326,0.6698131931145717,28.878144019407753,1.1865993165918136,210.11943226569136
2,0.09722773609466612,0.18095845096789823,28.79598248480911,0.4569977001152896,209.77188811635986
