PrincipalComponent,coi,c1i,a1i,c2i,a2i
1,0.19788617604741265,0.3708709682279276,45.49109302399754,0.8559391853926618,216.6555525909753
