PrincipalComponent,coi,c1i,a1i,c2i,a2i
1,0.28065962508408454,0.5838917616004339,29.034891094168824,1.6454396486420229,210.53328884796352
2,0.10027204025917638,0.05998811105918539,28.96928748175243,0.25100647464851356,210.07355105300707
