PrincipalComponent,coi,c1i,a1i,c2i,a2i
1,0.24182080629673852,0.7202622470297647,32.016605432240674,1.315463185602692,212.18856344851906
2,0.0554189761193109,0.20230169804339648,31.230740602284083,0.32407680001342676,211.39222478159704
