PrincipalComponent,coi,c1i,a1i,c2i,a2i
1,0.23272905533849983,0.1388523105181045,29.10247571474372,1.1899358444555566,210.3084102962878
