PrincipalComponent,coi,c1i,a1i,c2i,a2i
1,0.3046001176933257,0.5565870466145765,23.3860285412852,2.1489105898058636,250.0
2,0.0674711663443552,0.05295273854585903,37.805466498021794,0.05469101340373027,219.86703413179677
