PrincipalComponent,coi,c1i,a1i,c2i,a2i
1,0.23211557505846578,0.6868656047478857,24.695657635322167,1.7866334868332245,250.0
2,0.05207733670625507,0.20008453938848386,48.301056774748766,0.13728226374084798,220.32727589720386
