PrincipalComponent,coi,c1i,a1i,c2i,a2i
1,0.14414703493155656,0.3526379992807141,17.61037217466121,0.9930316375687088,207.40841622583972
