PrincipalComponent,coi,c1i,a1i,c2i,a2i
1,0.19516596387442497,0.9536767318034479,22.374416284972277,1.731341974906871,250.0
2,0.018202121447259665,0.09748564315923795,41.34899712272456,0.036493463698315694,220.2276948483109
