PrincipalComponent,coi,c1i,a1i,c2i,a2i
1,0.10815357526631593,0.5848156031856634,28.903312812558937,0.7350079557616263,210.29396894478677
