PrincipalComponent,coi,c1i,a1i,c2i,a2i
1,0.8459487567973039,1.332599487390595,83.97703657057693,0.0,224.95658345703075
2,0.03738747841167076,0.0719940437627786,44.132974527341034,0.0,227.9927301421704
