PrincipalComponent,coi,c1i,a1i,c2i,a2i
1,0.8465012071034729,1.3365006583558772,85.00915848247254,2.26057916483341e-17,225.00708128061544
2,0.04259957610545681,0.0739960293536277,44.447667047470404,3.9492553721503766e-18,228.26593846290908
