PrincipalComponent,coi,c1i,a1i,c2i,a2i
1,0.8529636370252369,1.349501082362789,89.84818444145249,0.0,224.98139983639314
2,0.05991581288560348,0.08404067848871041,45.41955498639194,3.260979109829934e-17,229.41010454319715
