PrincipalComponent,coi,c1i,a1i,c2i,a2i
1,0.8676792424612191,1.3702410635711288,94.71793185086858,6.615569430462607e-18,224.66143670558742
2,0.07103988111187172,0.09800546296445634,46.67605619170917,7.690329016971136e-17,230.5251583438969
