PrincipalComponent,coi,c1i,a1i,c2i,a2i
1,0.8747274107202313,1.3555577722722034,90.46517780123773,0.0,224.38275624124748
2,0.06445753338911527,0.10273697095420713,45.475019339445794,0.0,229.3538683625834
