PrincipalComponent,coi,c1i,a1i,c2i,a2i
1,0.6940259224547868,0.7973213875184704,44.71643469604,0.9382253509354442,214.92760811296688
2,0.004525350443891998,0.009191349638809097,33.26550702984268,0.0036694039337656476,215.36077350344866
