PrincipalComponent,coi,c1i,a1i,c2i,a2i
1,0.33775742446601986,0.39049902104664036,41.36051744156028,0.512475973999317,216.61476741804515
