PrincipalComponent,coi,c1i,a1i,c2i,a2i
1,0.7422263089661075,1.0451946642063794,84.97537439571346,0.26409493432816833,222.6022606656844
2,0.11573647982544473,0.1916709998050013,45.528397829911626,0.24674166069372003,227.2617916353249
