PrincipalComponent,coi,c1i,a1i,c2i,a2i
1,0.7094878654810859,0.9311279299165114,70.19465079405218,0.468081540544472,220.50282271965395
2,0.0931337707640846,0.15550457641956464,40.96321579773994,0.1970348724554155,223.16985594926638
