PrincipalComponent,coi,c1i,a1i,c2i,a2i
1,0.7450992502595543,0.9911166209999934,85.57548547172262,0.24346677177780723,223.6890147412758
2,0.12817548531933767,0.27664773417092897,49.095769776048535,0.2557953153751844,227.9824021938551
