PrincipalComponent,coi,c1i,a1i,c2i,a2i
1,0.7160640512984157,0.9485080680072172,72.78428054955819,0.43063045051520366,220.948795836374
2,0.09824516596673413,0.1640019472260149,41.69962928415748,0.20772285651910366,223.91065289792277
