PrincipalComponent,coi,c1i,a1i,c2i,a2i
1,0.7039524818167757,0.8159241987363828,54.98595576130752,0.7608922927754272,217.11924846910568
2,0.04505476743937183,0.07733222681612034,36.25980422495745,0.06372959461332442,218.55411999943456
