PrincipalComponent,coi,c1i,a1i,c2i,a2i
1,0.7295737848675162,1.0060143685180853,79.7434915889694,0.3326143763078574,221.86823595308837
2,0.10671627034093241,0.17728072046684418,43.71202745730954,0.23311344688631916,225.81515321732843
