PrincipalComponent,coi,c1i,a1i,c2i,a2i
1,0.6967674759405927,0.8332979161585203,58.60137277581941,0.6843164085499172,218.0335995837553
2,0.0592269729657993,0.10811840512208228,37.48548938600187,0.10549457386825575,219.70976269325044
