PrincipalComponent,coi,c1i,a1i,c2i,a2i
1,0.7117546081842019,0.8221135190472217,52.27952298974886,0.8048002972207554,216.53651883196528
2,0.025040165758551208,0.04325228102816213,35.32719192150581,0.026518604244537534,217.70538665970983
