PrincipalComponent,coi,c1i,a1i,c2i,a2i
1,0.6999978508848491,0.8733357012000327,63.32461728379451,0.5892862921113702,219.13252480110816
2,0.07471331328950184,0.13011197499048727,38.98904600079325,0.1453446997829509,221.16662791706332
