PrincipalComponent,coi,c1i,a1i,c2i,a2i
1,0.742604486012456,1.0356616365041544,86.4125462741359,0.24377587232909184,223.0749097503389
2,0.12077026110692335,0.2280025129143155,46.751774515685824,0.25895848684893635,227.80208367524025
