PrincipalComponent,coi,c1i,a1i,c2i,a2i
1,0.6708569849289041,0.7709762419046027,63.39993380997779,0.6292853933627457,219.34243456690652
2,0.10933206606652775,0.220164800399095,40.71538629315108,0.23234481297272286,221.27995450058404
