PrincipalComponent,coi,c1i,a1i,c2i,a2i
1,0.6833291348048043,0.7486496432272586,73.03594481747446,0.4482295804410624,224.9900603859344
2,0.15170285990960902,0.4368948985826453,55.803678015808536,0.22489966742811193,226.61040793366897
