PrincipalComponent,coi,c1i,a1i,c2i,a2i
1,0.6684448256062703,0.74823268073451,42.99830887286716,1.018829497427473,214.71428267511376
2,0.016855634385426744,0.03663755374798048,32.84057574096083,0.019229444508079604,214.85572071526101
