PrincipalComponent,coi,c1i,a1i,c2i,a2i
1,0.7060280633914239,0.7576713208608085,74.42057258597058,0.49701343925151814,222.79045997118402
2,0.14717887752612183,0.35056171701875094,50.69258068030115,0.2691270712364502,225.53814474652341
