PrincipalComponent,coi,c1i,a1i,c2i,a2i
1,0.6609796582505764,0.7204533736595685,54.32850206229389,0.7941250777826417,217.4650251620997
2,0.07546271673320167,0.16701238485382605,37.25001968010615,0.1396461123447241,218.5839533724911
