PrincipalComponent,coi,c1i,a1i,c2i,a2i
1,0.7038925447944997,0.7931586723100825,75.14108074722887,0.5049161302073921,221.75639561501686
2,0.13661286595431435,0.29755345320362026,47.23292991738771,0.2834395267280791,225.03580915725578
