PrincipalComponent,coi,c1i,a1i,c2i,a2i
1,0.6901456706055157,0.7958178062004885,70.28310523237886,0.5541542338549564,220.43639348171072
2,0.12180904673200324,0.2453441335954825,43.44038492062575,0.26434197267389165,223.25318868183817
