PrincipalComponent,coi,c1i,a1i,c2i,a2i
1,0.6684092485380116,0.7178700151518373,51.39350041624717,0.8619466944070184,216.69310627943156
2,0.06138015155393102,0.132569120796108,35.9559671795307,0.09262159922858393,217.6116952257824
