PrincipalComponent,coi,c1i,a1i,c2i,a2i
1,0.6785185548712817,0.7417604822289912,49.366966300614855,0.8983179182436246,216.16343393973085
2,0.04068132321742846,0.08884043780033475,34.851614071560846,0.05089201437240525,216.89555676762185
