PrincipalComponent,coi,c1i,a1i,c2i,a2i
1,0.6774339149308896,0.7772332759779906,65.48943955525806,0.6048138959975166,219.7569664990315
2,0.11441511563008279,0.22986283024664442,41.51764886413581,0.24167793830853482,221.8997889986041
