PrincipalComponent,coi,c1i,a1i,c2i,a2i
1,0.6575920026988977,0.7470481439131433,39.895359501034534,1.1077465454714739,214.31290968161184
2,0.007009007309101331,0.011825611045592183,32.031069701095426,0.006879283402244911,213.94566658224676
