PrincipalComponent,coi,c1i,a1i,c2i,a2i
1,0.32930636864491203,0.3756752900293192,39.599166199345945,0.5943847208183943,216.47552599737196
