PrincipalComponent,coi,c1i,a1i,c2i,a2i
1,0.7625110541858123,1.1975589191906337,84.64377288645717,0.17323870884755108,223.4976974529979
2,0.08376145040825672,0.11752369695640698,44.235258205299495,0.16621198296514453,227.52400334744567
