PrincipalComponent,coi,c1i,a1i,c2i,a2i
1,0.7540041198862805,0.9274636276013601,59.127580464257534,0.6693764151514808,218.0167307590722
2,0.012472609337267026,0.015804486819962212,36.99045142875753,0.01089813455951414,219.80935110164324
