PrincipalComponent,coi,c1i,a1i,c2i,a2i
1,0.7709277417984921,1.1141942717681006,84.67518977752685,0.21007859727015996,222.40603601739295
2,0.10194699000383868,0.17676272846469035,44.48644268666576,0.22548444626845926,227.1055727899472
