PrincipalComponent,coi,c1i,a1i,c2i,a2i
1,0.7429926839630486,0.9918994380861953,77.60639200630254,0.23388026367533632,222.8268684554814
2,0.1071701628224371,0.2860884825877931,46.299765876573545,0.23412776922411532,225.7790554887016
