PrincipalComponent,coi,c1i,a1i,c2i,a2i
1,0.7439355589082891,0.9835499458041957,67.0831277597591,0.5256149067874285,219.7888076041748
2,0.04387208033501931,0.06670113882311388,39.3937512424006,0.0738550774639785,222.28174748286838
