PrincipalComponent,coi,c1i,a1i,c2i,a2i
1,0.7672453260043828,1.1863379682843105,85.73713734801781,0.169027124627018,223.05445562868314
2,0.09030228537847283,0.13085903362355383,44.367898522247245,0.19166838340382655,227.59782214934023
