PrincipalComponent,coi,c1i,a1i,c2i,a2i
1,0.36406137105271064,0.4321459876093928,50.45601643452947,0.4107326185836781,220.073895964773
