PrincipalComponent,coi,c1i,a1i,c2i,a2i
1,0.7468651823481481,1.0507531946709556,72.65906362088158,0.40681123015232334,221.09966665844317
2,0.05876042963355984,0.08772421448051776,41.010725353713234,0.10764965341247683,223.9992097586087
