PrincipalComponent,coi,c1i,a1i,c2i,a2i
1,0.7706019635142444,1.0568963641415072,83.07199126937809,0.2224611118527192,222.45354569283828
2,0.10951543805385058,0.2218369729583974,45.49697654123958,0.23243996167710548,226.77412483473563
