PrincipalComponent,coi,c1i,a1i,c2i,a2i
1,0.7565897269002636,1.160987197511608,81.4648275208626,0.231245163555667,222.91552017827755
2,0.07796553565575123,0.11013372043746736,43.38242117955034,0.15555942084838853,226.60795658459446
