PrincipalComponent,coi,c1i,a1i,c2i,a2i
1,0.7745033628429743,1.1575816459777457,85.77021656114805,0.18754801032814153,222.64561955428394
2,0.09677212060419901,0.14399845027483663,44.44223786370889,0.20806094601940678,227.4461533049886
