PrincipalComponent,coi,c1i,a1i,c2i,a2i
1,0.7493409870361513,0.9454619528254599,62.661033208930846,0.6145786855412181,218.68315198780854
2,0.030136784012693044,0.04093069820136574,38.05932375138547,0.03960432553540039,220.88399292783694
