PrincipalComponent,coi,c1i,a1i,c2i,a2i
1,0.821993367749208,1.3872284444157976,89.30436184393069,0.0516667910297654,224.44834291492904
2,0.048935733663365906,0.06775226414573474,45.03951171520157,0.09800255871039651,228.98046078133774
