PrincipalComponent,coi,c1i,a1i,c2i,a2i
1,0.825356942090553,1.2174056917545386,86.12308640285409,0.14176828886428594,222.9639944449442
2,0.07623886037353503,0.16661592341455803,44.80881376813986,0.16741622467003195,227.68392234073423
