PrincipalComponent,coi,c1i,a1i,c2i,a2i
1,0.8273661838787645,1.2858700899672557,88.24350795164615,0.11825385045224657,223.15236664940852
2,0.06853342226018527,0.12432483947060825,44.654396620888036,0.15353909942397653,228.24561515521998
