PrincipalComponent,coi,c1i,a1i,c2i,a2i
1,0.8250019073142766,1.3565023232951314,89.13973732518185,0.07615257142952922,223.77548300285383
2,0.05527188901315178,0.08125518613169959,44.82318927044915,0.11939836161349407,228.70129917430245
