PrincipalComponent,coi,c1i,a1i,c2i,a2i
1,0.7929814017315843,1.1242784359540876,79.50362665461893,0.177763365075834,222.79109560424735
2,0.07643508743934822,0.22638877579730385,44.5068471898236,0.18545198738255214,226.12772588947
