PrincipalComponent,coi,c1i,a1i,c2i,a2i
1,0.8198522467947298,1.402849546272375,89.48866429836202,0.0407755353429759,224.606515796652
2,0.044332321221161264,0.06059716378949174,45.12383848391463,0.08889055866396073,229.09012648910286
