PrincipalComponent,coi,c1i,a1i,c2i,a2i
1,0.4027607769817524,0.5503338556598705,70.46140423431609,0.22839201933680042,228.88229217093337
