PrincipalComponent,coi,c1i,a1i,c2i,a2i
1,0.8172868638685944,1.3542944367522212,86.59363729756477,0.11592710809531231,224.23311835154206
2,0.02865047503996637,0.04034327774460142,44.442102498536094,0.05291191379997201,228.33912424779083
