PrincipalComponent,coi,c1i,a1i,c2i,a2i
1,0.8323762154369891,1.3310921106820544,89.36961741392658,0.09270641380101624,223.36668159306717
2,0.06157249928093384,0.09392561755281639,44.795939732163426,0.13466348733294578,228.6015619367192
