PrincipalComponent,coi,c1i,a1i,c2i,a2i
1,0.8289931519844437,1.2646154386525463,83.40588340507716,0.12300207930353398,223.12388828841725
2,0.057011625146763244,0.18392711850298438,44.63501040572853,0.14450194164313807,227.14853261809955
