PrincipalComponent,coi,c1i,a1i,c2i,a2i
1,0.8561851885947096,1.5205339990143565,92.45100968715236,0.0,224.44436013355707
2,0.031094153712839807,0.03191831683171786,45.61708096991794,0.05721139795159556,229.73602102324642
