PrincipalComponent,coi,c1i,a1i,c2i,a2i
1,0.8629644484203387,1.380361026037607,90.84597350558052,0.06575845052497045,223.2946980449503
2,0.0557954836847933,0.12885173317266174,45.465341115857434,0.11617313849260065,228.9379501608849
