PrincipalComponent,coi,c1i,a1i,c2i,a2i
1,0.8712561539943824,1.5000999974491867,94.34878979001314,0.006950841281226876,223.65430130041284
2,0.03943738642606195,0.0623031128135409,45.81829176692256,0.0806190420181162,229.9103950078719
