PrincipalComponent,coi,c1i,a1i,c2i,a2i
1,0.8619627043750717,1.5150686197811487,93.49967502542991,6.660175325940842e-17,223.9490822988389
2,0.03517201438716444,0.04683031746682298,45.67552022877458,0.07118595040494198,229.81912406843566
