PrincipalComponent,coi,c1i,a1i,c2i,a2i
1,0.8404445077101136,1.363282011768129,85.02281833731931,0.19281571934015265,223.91007069678687
2,0.0049388096341130725,0.005727533277567792,44.03851859386856,0.005793947981145633,227.87634895951092
