PrincipalComponent,coi,c1i,a1i,c2i,a2i
1,0.8527348052614248,1.5248985892407925,92.21169780025474,2.818721421925093e-17,224.61885243727045
2,0.02663133139428895,0.027436520982479482,45.62616247832674,0.0484972343220488,229.74386730788353
