PrincipalComponent,coi,c1i,a1i,c2i,a2i
1,0.8654033494587909,1.4557187767266118,93.23633560903443,0.034088962763426524,223.5316542137729
2,0.047644130511850076,0.09004485478662372,45.62579200625753,0.09913065860320533,229.58183338180933
