PrincipalComponent,coi,c1i,a1i,c2i,a2i
1,0.41797818929228825,0.6291689379497847,79.47131542285022,0.15703358120845587,232.41741678720828
