PrincipalComponent,coi,c1i,a1i,c2i,a2i
1,0.8512130230277947,1.5237102283073807,92.40599852456455,3.828903124445501e-18,225.21104964583122
2,0.01270144311202533,0.01498826674679593,45.75264788967291,0.01976927923586295,230.00934490903586
