PrincipalComponent,coi,c1i,a1i,c2i,a2i
1,0.8528271667521818,1.3773127444286715,85.60930281608563,0.07835063785447857,223.22883548123232
2,0.041246785519533626,0.15427414178835397,44.682470498682136,0.1112763847053311,227.68026396596937
