PrincipalComponent,coi,c1i,a1i,c2i,a2i
1,0.8800938142529087,1.5832162839889492,93.47930276638984,1.6943943563163474e-17,223.53242846535224
2,0.023075306233725966,0.020551858898677874,45.51907594675003,0.04574943009009657,229.67264121704042
