PrincipalComponent,coi,c1i,a1i,c2i,a2i
1,0.8865783475541013,1.5022732013942393,93.0539056734404,0.011913015346489541,223.34362784301408
2,0.03969941116086178,0.10169058922193092,45.729897176339406,0.07995792744838807,229.46787320565122
