PrincipalComponent,coi,c1i,a1i,c2i,a2i
1,0.8741675637672818,1.583467234499431,92.49309827864468,0.0,224.09427807458584
2,0.01716365910222808,0.014064368850611665,45.42054338898991,0.02929578733309513,229.61239458166727
