PrincipalComponent,coi,c1i,a1i,c2i,a2i
1,0.8629631208896786,1.5707897950698466,92.19849405799856,9.964712696245741e-18,225.12401940900062
2,0.004352127427119267,0.0032369122206397354,45.830439962074294,0.004312614006607677,229.93867272627384
