PrincipalComponent,coi,c1i,a1i,c2i,a2i
1,0.8896164285789779,1.5772431586849096,94.39120229629165,8.277249731540114e-17,223.2046891672438
2,0.028458806833735646,0.0297860614036662,45.642933975961945,0.05793390771778665,229.77200389935427
