PrincipalComponent,coi,c1i,a1i,c2i,a2i
1,0.8865003827440614,1.559923526919997,94.28156020704566,0.0,223.20107584732338
2,0.03565546822424018,0.05249454647714599,45.66320486484143,0.07612908998692111,229.72634310418556
