PrincipalComponent,coi,c1i,a1i,c2i,a2i
1,0.42823641901880205,0.7627462422200584,91.4431797539491,0.016956378917069387,237.2482776931509
