PrincipalComponent,coi,c1i,a1i,c2i,a2i
1,0.8697983763552416,1.5847344808980162,92.23395778918315,0.0,224.38375859727063
2,0.0137683128399189,0.010881347287213568,45.42353496240662,0.02249425151232707,229.64445270028827
