PrincipalComponent,coi,c1i,a1i,c2i,a2i
1,0.9104903910107379,1.6198400594209548,94.1076046707715,0.0,222.74316122782147
2,0.023316079191696083,0.036793309537723785,45.418631520702945,0.0501199910432462,229.5078295453021
