PrincipalComponent,coi,c1i,a1i,c2i,a2i
1,0.9021798633854848,1.6346941217962692,93.38499359893636,0.0,223.25868881463182
2,0.012263402114450922,0.010422009593144339,45.27865435128019,0.023865054825833308,229.5073540730713
