PrincipalComponent,coi,c1i,a1i,c2i,a2i
1,0.9111369929318861,1.576031553675117,92.72351999107929,1.394555642057981e-16,222.7927432847353
2,0.030679171811785772,0.06526807794543295,45.278904861875624,0.07146233953157509,229.1796322714627
