PrincipalComponent,coi,c1i,a1i,c2i,a2i
1,0.438456115237118,0.8011728327409648,91.7194926833886,2.3861155208475765e-17,236.77450420225796
