PrincipalComponent,coi,c1i,a1i,c2i,a2i
1,0.8942065223878397,1.6297715835344735,92.33813895727201,5.67691148923501e-17,224.02971007788943
2,0.008122980328418114,0.005725462382658939,45.47302970024833,0.011774789528210648,229.53637905019653
