PrincipalComponent,coi,c1i,a1i,c2i,a2i
1,0.8885344184057394,1.628391361003688,92.06633266789126,6.4400025677949e-17,224.16159499162194
2,0.005724646078181865,0.003781976777683642,45.47210171985058,0.007161204581080514,229.5362382691923
