PrincipalComponent,coi,c1i,a1i,c2i,a2i
1,0.9127089248712587,1.632530508940413,94.24846178575595,5.398306065781054e-17,222.7603528352282
2,0.016514505345277486,0.017500693342030693,45.3834170773841,0.033971916817887235,229.56170747027548
