PrincipalComponent,coi,c1i,a1i,c2i,a2i
1,0.9153179045921398,1.5803887124591998,88.89826964923947,0.005942002042537301,222.91452609791568
2,0.014947362774309686,0.10445674268321593,44.5684149767533,0.061479311763629016,228.24267824256097
