PrincipalComponent,coi,c1i,a1i,c2i,a2i
1,0.942207165008822,1.6911983325462676,94.92637966277005,0.0,222.15244294053866
2,0.011634859513809756,0.021123441024702,45.23212186546775,0.02303221050921145,229.454184581831
