PrincipalComponent,coi,c1i,a1i,c2i,a2i
1,0.4564516598492857,0.8363953494053098,92.69286504189094,1.077198716103232e-17,235.88993279941428
