PrincipalComponent,coi,c1i,a1i,c2i,a2i
1,0.9436063290961098,1.653335523479474,93.51515794734968,2.990389207471941e-17,222.154666536888
2,0.01908695772029633,0.043780679447986054,45.100645782484335,0.04319230560121123,229.11808375731613
