PrincipalComponent,coi,c1i,a1i,c2i,a2i
1,0.9419375882991804,1.6956684439870717,95.13287892650129,5.1135887540836394e-17,222.4755918998163
2,0.006875828811423147,0.0072415362452234525,45.555967124085505,0.011137028128755172,229.6581784593932
