PrincipalComponent,coi,c1i,a1i,c2i,a2i
1,0.9293985226057461,1.691858917718409,94.19421686009346,3.6353086890707805e-18,222.8383194356286
2,0.004204655381951903,0.0025886087228728476,45.48737931525375,0.005651486137595914,229.56429873948204
