PrincipalComponent,coi,c1i,a1i,c2i,a2i
1,0.9196291413247226,1.6788468009722415,93.02424018605912,0.0,223.45246673156745
2,0.0014377799876039085,0.0003032557806095067,45.42529058177807,0.0007953439337848777,229.48690689309973
