PrincipalComponent,coi,c1i,a1i,c2i,a2i
1,0.9395904452648142,1.7025668741246376,94.61643109732023,0.0,222.66387584003033
2,0.002316513201709638,0.001676520260755212,45.517999038535486,0.0022641926335360794,229.60988728454066
