PrincipalComponent,coi,c1i,a1i,c2i,a2i
1,0.9554611797159474,1.6719989405703493,93.998288050577,0.0,221.93525496122496
2,0.01606642010989422,0.03876117027027503,45.05707107052107,0.03461398411523724,229.14765943933384
