PrincipalComponent,coi,c1i,a1i,c2i,a2i
1,0.46488224489040436,0.8432208169976111,93.40378816257207,0.0,235.70909914250586
