PrincipalComponent,coi,c1i,a1i,c2i,a2i
1,0.9271146570173814,1.6060134106386215,89.51030160040482,0.0,222.73908008563214
2,0.01466250314976374,0.09018027771992582,44.60600032147104,0.059459131720913536,228.3227869553694
