PrincipalComponent,coi,c1i,a1i,c2i,a2i
1,0.9535838553270652,1.7071356320950486,95.40751274153382,1.1241571040212093e-17,222.08112409252192
2,0.00911818663324734,0.01766387800844249,45.266323014889124,0.015945860891582384,229.52367033457278
