PrincipalComponent,coi,c1i,a1i,c2i,a2i
1,0.944026145745124,1.648870736827807,90.61497513191254,2.1112570235584874e-16,222.1938082515391
2,0.01594257310386016,0.061973137675978084,44.63031857023582,0.059608807102101494,228.39996882610146
