PrincipalComponent,coi,c1i,a1i,c2i,a2i
1,0.9708140383661522,1.7396618824014438,96.7264799983602,0.0,221.54940921741945
2,0.005715116636944008,0.010639564171799747,45.60105375011396,0.006992652023161589,229.7009708483531
