PrincipalComponent,coi,c1i,a1i,c2i,a2i
1,0.968302488898164,1.735024490052295,96.84662892704623,0.0,221.49681241839528
2,0.0021178351454003985,0.0018781766845132348,45.624992074843725,0.001080011423707931,229.74110905273457
