PrincipalComponent,coi,c1i,a1i,c2i,a2i
1,0.9742959590374727,1.7099639463269516,95.32587134502337,1.400717194886779e-16,221.24570289582672
2,0.011410244561029554,0.02859071363272793,45.03090823297876,0.02224903769917926,229.22024579693795
