PrincipalComponent,coi,c1i,a1i,c2i,a2i
1,0.47739283456232495,0.8625504016483693,95.86860030592531,8.532429695373461e-17,234.90147144284285
