PrincipalComponent,coi,c1i,a1i,c2i,a2i
1,1.0065232040987726,1.7725313507527232,95.868354849652,1.071220791906715e-16,221.47182385671744
2,0.0044708754322371706,0.00661599599773756,45.27327380976717,0.00554570441861772,229.38792430587847
