PrincipalComponent,coi,c1i,a1i,c2i,a2i
1,0.500229979007633,0.8922898313117595,97.29261144673048,2.4310588117897185e-17,234.5400826262755
