PrincipalComponent,coi,c1i,a1i,c2i,a2i
1,0.9784218204839138,1.7281522703091077,91.28846741588798,2.8307760464576514e-17,222.00973485623092
2,0.007852029985308942,0.03004224741983762,44.37264343850322,0.03319518997385074,228.4331677346958
