PrincipalComponent,coi,c1i,a1i,c2i,a2i
1,0.5116756593172792,0.8906144362949849,94.39829074012937,6.245776072345342e-17,234.2805222493053
