PrincipalComponent,coi,c1i,a1i,c2i,a2i
1,0.9957689121823534,1.76076754242537,90.02420366130778,6.893737797437573e-17,222.3974261695269
2,0.0036533086658633632,0.0112490023525262,44.24864455164568,0.012896781753879654,228.22776017839197
