PrincipalComponent,coi,c1i,a1i,c2i,a2i
1,0.49307671775406303,0.875008455603471,97.72254396690799,0.0,234.37898332696986
