PrincipalComponent,coi,c1i,a1i,c2i,a2i
1,0.9642697436110412,1.6792754276731783,91.49329360674817,0.0,221.87138170437495
2,0.013068740013967316,0.049367531069975115,44.55500701941967,0.050671681292016484,228.4782516144958
