PrincipalComponent,coi,c1i,a1i,c2i,a2i
1,0.488825467096548,0.8914436473467869,86.06595500325088,0.0,233.5748833706866
