PrincipalComponent,coi,c1i,a1i,c2i,a2i
1,0.17693190403359582,0.14342041484952972,28.87981139029322,1.2195760277354954,210.24943503433744
2,0.06997033350265155,0.07053888089772296,28.810602609037566,0.3974196371927802,209.8566974688648
