PrincipalComponent,coi,c1i,a1i,c2i,a2i
1,0.2370397198205584,0.016876407545846996,28.945771539918983,1.4252577927606094,210.3058979105261
2,0.10029613699349331,0.055196563466511236,28.875447321957065,0.43133222210123595,209.90411488121657
