PrincipalComponent,coi,c1i,a1i,c2i,a2i
1,0.20118285019008375,0.3400975247443445,45.94286446740318,1.038952172749166,210.0619898692071
2,0.07419566121784704,0.10533243765549948,33.8808539907094,0.2095419487099231,214.35127534964204
