PrincipalComponent,coi,c1i,a1i,c2i,a2i
1,0.1911821411354148,0.17250420137001102,28.903303793504843,1.2923449076500602,210.29703551569827
2,0.07050451526430856,0.05841015532605117,28.83350087476463,0.30608726463991837,209.90306110378123
