PrincipalComponent,coi,c1i,a1i,c2i,a2i
1,0.202421646913106,0.10508125421568687,28.921573901055908,1.3435317589815259,210.29372848302978
2,0.0783012911142909,0.05387159780167667,28.851639345262548,0.3780697278252518,209.8963782875885
