PrincipalComponent,coi,c1i,a1i,c2i,a2i
1,0.16949391882093498,0.267099200529961,28.904694517366703,1.2420542326127728,210.3339742801648
2,0.06221400014779526,0.0705366326925607,28.83237280361081,0.2268129958785656,209.9200125729172
