PrincipalComponent,coi,c1i,a1i,c2i,a2i
1,0.17224780215029697,0.42095140733082287,42.000005545238395,1.1287965054884892,212.81402165316715
2,0.054143875470670566,0.07256601485677182,32.845330500890164,0.12592895094071385,214.02504144081848
