PrincipalComponent,coi,c1i,a1i,c2i,a2i
1,0.17517334980206495,0.5722268354042712,41.594889801454656,1.2420900938827493,213.5327636234117
2,0.011613208706430747,0.07868277660152874,32.84456501337397,0.03706824337648863,214.1725260904734
