PrincipalComponent,coi,c1i,a1i,c2i,a2i
1,0.18092969030947137,0.5702924678020007,41.81563997803276,1.2550891204923271,213.4481655635225
2,0.008922823603718027,0.08329565826225221,32.946558832188536,0.030800677950862144,214.2189494213818
