PrincipalComponent,coi,c1i,a1i,c2i,a2i
1,0.190347493802468,0.5589517929156874,41.52003446018204,1.3004532890207599,213.24115729715427
2,0.008997403677519882,0.07889356078756687,32.800644580913406,0.03470042018839636,214.06875392751974
