PrincipalComponent,coi,c1i,a1i,c2i,a2i
1,0.20788258481270303,0.4948088146593735,37.175453591747164,1.416481333174087,212.42661647953517
2,0.0122699337851281,0.0653607670123444,31.50719425518799,0.05526841181097253,212.687150820172
