PrincipalComponent,coi,c1i,a1i,c2i,a2i
1,0.20529529484373343,0.4362317756345445,28.97489920446864,1.4958807729517751,210.43374186272007
2,0.012745290076221109,0.06330410148857475,28.9037365070048,0.06183392908645974,209.97665814082495
