PrincipalComponent,coi,c1i,a1i,c2i,a2i
1,0.6663729252729822,0.863617015486387,44.905286360679284,0.962021884063772,215.59432142132806
2,0.016127200045240587,0.010887820502360009,33.371568184295924,0.015027040715013451,215.55263528153932
