PrincipalComponent,coi,c1i,a1i,c2i,a2i
1,0.694123007501943,0.8971398984720705,50.39760079240655,0.7728257473036031,216.54071873992334
2,0.02050642291038844,0.03941287757546434,34.857446955922356,0.016104259750209148,217.22306522442102
