PrincipalComponent,coi,c1i,a1i,c2i,a2i
1,0.7118317598280492,0.9198396879722818,57.30441201841586,0.6510743694769885,218.31751824224472
2,0.0344950707390551,0.08548044365017003,37.01394155054512,0.02339760919673364,219.4844742487932
