PrincipalComponent,coi,c1i,a1i,c2i,a2i
1,0.7066183826845887,0.9015286177550044,59.35075458736864,0.6309564576717012,218.89979750103754
2,0.04913147437306581,0.12876411061004456,38.131876089370444,0.04396781162938612,220.22191913702432
