PrincipalComponent,coi,c1i,a1i,c2i,a2i
1,0.7012105845417431,0.9100667493393161,62.33178317812094,0.5731776729163922,219.75775884191253
2,0.06094078796711788,0.1644190318301572,39.54090176013056,0.0726641335684509,221.25601325093834
