PrincipalComponent,coi,c1i,a1i,c2i,a2i
1,0.722742248621782,1.0081870263777815,75.31280786974524,0.35805758817125144,222.87295684843508
2,0.09541166772764306,0.24065663387485986,44.92346741472062,0.1346449450837099,225.3913904778477
