PrincipalComponent,coi,c1i,a1i,c2i,a2i
1,0.73653668055089,1.063188337373607,82.11284599248089,0.2680830879368246,224.15912744029032
2,0.10407851754314304,0.26146456622033765,47.80602159157402,0.14532645539495756,227.45908211082497
