PrincipalComponent,coi,c1i,a1i,c2i,a2i
1,0.7493961733213478,1.0900823524016978,89.02211422272083,0.1895381783058899,226.21607513964867
2,0.12181248253451371,0.328697201874924,53.18947192509327,0.13944192567180316,230.06444372300183
