PrincipalComponent,coi,c1i,a1i,c2i,a2i
1,0.7526024334172664,1.0436908240733487,89.03047917892725,0.19236003078766187,227.80547141187986
2,0.13344809554732537,0.39888116177769095,58.25020214848548,0.10307582242114528,231.1739354357564
