PrincipalComponent,coi,c1i,a1i,c2i,a2i
1,0.7495219651929556,1.1001175942126278,87.27296551538397,0.20607615978587765,225.27871258094825
2,0.11368967513047376,0.2831796211098806,50.55773190325761,0.14491481797778744,229.12643372122884
