PrincipalComponent,coi,c1i,a1i,c2i,a2i
1,0.20646073379131608,0.0956892254893176,28.92417136551729,1.3497471345195666,210.29549028898558
2,0.080474507661846,0.05135287642771891,28.854202752758386,0.3853713244870677,209.89780287479417
