PrincipalComponent,coi,c1i,a1i,c2i,a2i
1,0.18414041835743802,0.12035603863764002,28.925181745485578,1.3255910274590064,210.2784722534022
2,0.08254063010040102,0.040424280233385006,28.854342946419546,0.4206405350068127,209.88358752504232
