PrincipalComponent,coi,c1i,a1i,c2i,a2i
1,0.1969195157225365,0.14194272222544466,28.908910626027392,1.3116570876286184,210.29412483566497
2,0.07511245795262572,0.05448223735417258,28.839138723653587,0.3376608509137753,209.89848677663275
