PrincipalComponent,coi,c1i,a1i,c2i,a2i
1,0.1692175824573855,0.2696876282927813,28.897508294327658,1.2369252310455694,210.31770600441885
2,0.06522146716022678,0.06505138564715558,28.82543912294569,0.2334199147056261,209.91290137717516
