PrincipalComponent,coi,c1i,a1i,c2i,a2i
1,0.15333744268452976,0.511977150893027,40.17185584931476,1.1379858845789435,213.35851172449117
2,0.041263831502111034,0.07178516264847135,32.36512274761453,0.0795589146658838,213.74069894335778
