PrincipalComponent,coi,c1i,a1i,c2i,a2i
1,0.15131365722056594,0.5563971951584233,41.55871023720096,1.170293199846,213.5016459922661
2,0.026881713566487147,0.07485838856986482,32.7998825385892,0.05707701207248731,214.1547767362834
