PrincipalComponent,coi,c1i,a1i,c2i,a2i
1,0.15736224045967162,0.5683508793786443,42.397295793983936,1.1721760964667243,213.6688976579433
2,0.023575339274069698,0.07826404319627256,33.06347294116212,0.04931744600961781,214.42463033697607
