PrincipalComponent,coi,c1i,a1i,c2i,a2i
1,0.16131646407964617,0.5868621877968152,43.136461813371795,1.1837901442521523,213.8491325438982
2,0.018568828843414712,0.08031550845962428,33.309399565695216,0.044484617019653075,214.67108242290024
