PrincipalComponent,coi,c1i,a1i,c2i,a2i
1,0.1802753154606799,0.5630823453785511,40.224397218878586,1.2723058457069387,213.34018568410204
2,0.009390879656776398,0.08017095910548484,32.46785310718184,0.03842188100996631,213.7605013367267
