PrincipalComponent,coi,c1i,a1i,c2i,a2i
1,0.19695298279631818,0.5344116354769818,38.80679817852187,1.3492225045309107,212.91573588660603
2,0.00850343518533267,0.07380662664873341,32.04862772205716,0.049135783038466004,213.25994363050754
