PrincipalComponent,coi,c1i,a1i,c2i,a2i
1,0.1871434738526731,0.5003166669187,28.973533548696935,1.4420918331467565,210.44669065993276
2,0.012132830092846894,0.07152465813505982,28.899791716216527,0.06645743510781049,209.98107866403453
