PrincipalComponent,coi,c1i,a1i,c2i,a2i
1,0.20154587101871071,0.48667388056724353,28.944202334421504,1.4202356157260325,210.4153268546761
2,0.007537782322955534,0.08809579062623821,28.87620097514004,0.06768593008724372,209.96881672989684
