PrincipalComponent,coi,c1i,a1i,c2i,a2i
1,0.8980094802495555,0.5534509528797534,44.23226607296212,1.0229615383905566,213.34444587988514
2,0.12245209542571787,0.11778546212554425,32.43686566798575,0.23680661201723002,214.4753398890724
