PrincipalComponent,coi,c1i,a1i,c2i,a2i
1,0.901940288940919,0.5237228448393715,35.69587571588761,1.236784349684804,214.52535460219903
2,0.058945228753935146,0.06415154848332154,31.358727887658908,0.0659453390604208,213.02252523118287
