PrincipalComponent,coi,c1i,a1i,c2i,a2i
1,0.9016137585469008,0.5527115013695948,44.76993495588851,1.0092273780277323,213.12162374308065
2,0.12574087132433298,0.12466112167451268,32.35972923941103,0.25367631321704126,214.4998298004839
