PrincipalComponent,coi,c1i,a1i,c2i,a2i
1,0.921261020182684,0.5524069478371584,51.55269757605491,0.9376216100728788,211.67755797959455
2,0.13788773771629012,0.1443918906638059,33.23871126980859,0.3253618639888384,215.32562767618955
