PrincipalComponent,coi,c1i,a1i,c2i,a2i
1,0.9100827566247957,0.5438659849562978,47.171343047042164,0.9819569063904364,212.04974500647594
2,0.13156225825490223,0.13423957704982498,32.401865471962054,0.2951040603407845,214.59321883777372
