PrincipalComponent,coi,c1i,a1i,c2i,a2i
1,0.9088128962967296,0.5971366729986767,55.80524077898994,0.8486523512289661,212.84844412990353
2,0.13606156024393107,0.1789263950874306,34.68367110799509,0.36045462789846916,216.5724675378836
