PrincipalComponent,coi,c1i,a1i,c2i,a2i
1,0.8461298902461573,0.6724437991065264,29.802406964644256,1.3833243556027426,250.0
2,0.006461907020229884,0.008615064073780411,38.77315496093338,0.0021602652483549843,221.8998326520151
