PrincipalComponent,coi,c1i,a1i,c2i,a2i
1,0.8605006152692761,0.8271560900014288,68.87760304637821,0.43533748805551736,219.252574857316
2,0.13105709527785409,0.27905289358891966,42.03334093661092,0.41857667923791586,221.78438427107628
