PrincipalComponent,coi,c1i,a1i,c2i,a2i
1,0.8936668986151324,0.5336890142988835,39.87831526508073,1.104047823687379,213.59954743022794
2,0.10337785838076022,0.09986577018222641,31.94050699564284,0.1676178293171626,213.6512560362391
