PrincipalComponent,coi,c1i,a1i,c2i,a2i
1,0.42032824588656775,0.3131700191332968,28.825340074058225,0.700286952515408,210.48325987451037
