PrincipalComponent,coi,c1i,a1i,c2i,a2i
1,0.9115225593871833,0.752160385689283,70.30019937977075,0.5860466579604303,216.3243997361104
2,0.1415755691147705,0.22624827162325573,40.280900986974984,0.3833026794177604,220.88968534034623
