PrincipalComponent,coi,c1i,a1i,c2i,a2i
1,0.890639096235501,0.6153780684771536,34.435778136050885,1.2925792115085954,250.0
2,0.03371723107768032,0.040850627504757514,40.65263106372611,0.0183752066536864,223.1482602676556
