PrincipalComponent,coi,c1i,a1i,c2i,a2i
1,0.8494046189441988,0.4945261628606812,39.81568777200351,1.0592906543522362,213.90926513897494
2,0.14955677400675702,0.1928796345741381,32.683613900479386,0.2879875079327814,213.5514350733916
