PrincipalComponent,coi,c1i,a1i,c2i,a2i
1,0.8533828918335759,0.4917233163444557,37.04659123671318,1.1876436720895307,215.8594769815898
2,0.10651546417068852,0.14872035644710652,33.10260831245734,0.14157375206271597,213.79981507468608
