PrincipalComponent,coi,c1i,a1i,c2i,a2i
1,0.8511746364368667,0.5636462628055264,35.799138267448065,1.2679753797930813,250.0
2,0.09163463799861819,0.14152493079831743,49.48799528193105,0.05181097794757858,224.4992754761813
