PrincipalComponent,coi,c1i,a1i,c2i,a2i
1,0.8480550579001698,0.4906009725763454,37.700270968420874,1.1349528951443981,214.8492164508507
2,0.12838506308492387,0.16554898322216602,32.84409377594813,0.19676981185443462,213.5665298586454
