PrincipalComponent,coi,c1i,a1i,c2i,a2i
1,0.818642058909281,0.6678584189856092,29.777307388860752,1.4198256441912713,250.0
2,0.022273391060172645,0.041779889967806697,39.128283285620675,0.0062865026465622025,221.90857363505248
