PrincipalComponent,coi,c1i,a1i,c2i,a2i
1,0.4073084455843983,0.3381775387777264,28.85072050991001,0.7444148873558711,210.47583873725338
