PrincipalComponent,coi,c1i,a1i,c2i,a2i
1,0.8037092917589993,0.7235662890330428,29.559943466928736,1.4600608948572973,250.0
2,0.008509381527951096,0.015152224648566883,38.71465286075793,0.000725140759547049,221.75114450100514
