PrincipalComponent,coi,c1i,a1i,c2i,a2i
1,0.85011213806714,0.504474130172048,45.12357364401616,0.9483194371461179,213.90395235575573
2,0.15779440367576641,0.2471743127926385,34.85527816088922,0.3975916187652738,214.4853351285603
