PrincipalComponent,coi,c1i,a1i,c2i,a2i
1,0.8518415424149612,0.5841394017072062,54.519894656963345,0.774132207004917,216.53457195634047
2,0.1622225848639949,0.3010272643633665,40.083997379485076,0.41432899607970514,217.5175981348349
