PrincipalComponent,coi,c1i,a1i,c2i,a2i
1,0.8461166765463064,0.4976130848840172,39.63173428884975,1.0708120332504958,214.11382211227905
2,0.14676842910274623,0.1852859451046018,32.805695499330575,0.27030945392942574,213.62044215692788
