PrincipalComponent,coi,c1i,a1i,c2i,a2i
1,0.8552913147378591,0.47910944245831166,40.453281707953444,1.0435129478533982,213.2236460468382
2,0.15432730283740398,0.2026023683752771,32.721277875055456,0.3309831474736928,213.33800238159492
