PrincipalComponent,coi,c1i,a1i,c2i,a2i
1,0.8625972620368314,0.4765818280135786,42.3486555969618,1.018197721558551,213.11014698555283
2,0.160369795705072,0.21209629249254391,33.433030670176386,0.361821224517266,213.6222562790577
