PrincipalComponent,coi,c1i,a1i,c2i,a2i
1,0.8523539023917652,0.5910641319005894,33.30320931240292,1.3307280278387188,250.0
2,0.05668035059838231,0.09510825743638754,42.97421980335328,0.024118621103824928,223.26081030801035
