PrincipalComponent,coi,c1i,a1i,c2i,a2i
1,0.8206254726030239,0.7251798036979997,65.03092000386825,0.5190439488780455,221.23938754504692
2,0.15980856733861534,0.3736752442483013,47.29203991806076,0.4177560240171253,221.800137284683
