PrincipalComponent,coi,c1i,a1i,c2i,a2i
1,0.9606636612528747,0.5325892652440104,39.242782395976164,1.2077728341581133,213.43057949674045
2,0.037796106885709065,0.03157021472045174,31.59091855474817,0.04220150978831516,213.54850149291923
