PrincipalComponent,coi,c1i,a1i,c2i,a2i
1,0.9506875835515497,0.5383885243008909,35.02826595501959,1.2641436504737416,214.51984956656256
2,0.015176389432485145,0.012623487262506018,30.893023416178803,0.010713629105971961,212.84520054144303
