PrincipalComponent,coi,c1i,a1i,c2i,a2i
1,1.0027572665347262,0.7361519358484636,75.47730042307973,0.7305001407669763,209.49752910528233
2,0.11249707248072804,0.09264469758081632,36.63067119808117,0.24117582709786542,220.4045640373017
