PrincipalComponent,coi,c1i,a1i,c2i,a2i
1,0.9619127637080763,0.5520124846800033,44.195193715826214,1.1214311830409458,213.2382998503366
2,0.05856108048788326,0.04868974628477389,32.552276710993596,0.08313810419139565,214.64913179430542
