PrincipalComponent,coi,c1i,a1i,c2i,a2i
1,0.9992688931861213,1.0345195943073018,97.91554668172863,0.32997819897005465,211.10794090442556
2,0.1225727441181687,0.13654889510463503,41.495998906768115,0.29814492977111284,225.7168380807976
