PrincipalComponent,coi,c1i,a1i,c2i,a2i
1,0.9670803361178769,0.5726322975918932,48.676765555278585,1.0472064825792362,212.88714145486307
2,0.07886243361173588,0.06297785811105963,33.285486605641495,0.12642538156994645,215.54552228752425
