PrincipalComponent,coi,c1i,a1i,c2i,a2i
1,0.9834346453705837,0.6497607080014103,61.070551495026635,0.8818722775224559,212.22676539258654
2,0.10433107962655054,0.08304786239476353,34.9882075248028,0.2045239735654093,218.08680190469778
