PrincipalComponent,coi,c1i,a1i,c2i,a2i
1,0.9714802053837814,1.0011588462652012,89.66417543351682,0.3209950891423045,215.47609169365876
2,0.12552190072279854,0.18139493580866886,42.6892439459907,0.32602666002839753,225.18218115253214
