PrincipalComponent,coi,c1i,a1i,c2i,a2i
1,0.44611881415409205,0.28358447333356507,28.807039323196175,0.6732504745659476,210.4969894672817
