PrincipalComponent,coi,c1i,a1i,c2i,a2i
1,0.9790363512537101,0.6409616652449809,59.35628443523154,0.9067333693815002,212.58228131513007
2,0.09973901416701134,0.07743865062926428,34.91109050869874,0.18907856578944698,217.83681729961128
