PrincipalComponent,coi,c1i,a1i,c2i,a2i
1,1.0845860648636247,0.6754802553877207,66.43028976965941,0.9663102752793343,213.09052816000516
2,0.008438102824075765,0.007290651886315485,37.00561154305618,0.009655668869943047,219.98982484720796
