PrincipalComponent,coi,c1i,a1i,c2i,a2i
1,1.0984025325319666,0.8765749551193692,85.5523533797968,0.6872385129690346,212.44859966494997
2,0.022293374680897912,0.01837417982357074,40.64898210041539,0.032582281256736005,224.36514440928661
