PrincipalComponent,coi,c1i,a1i,c2i,a2i
1,1.0662172275056285,1.2126475665250334,100.0,0.22196431538900915,208.01362853847868
2,0.08030051310402588,0.0858545888480794,41.816660466768724,0.21267855624725454,226.10655607494652
