PrincipalComponent,coi,c1i,a1i,c2i,a2i
1,1.0911285166854883,1.1489176267740628,100.0,0.3100901284759327,204.03337815973111
2,0.07479046916299072,0.05913138461449109,40.74622046911391,0.1825651482933309,225.03372405657237
