PrincipalComponent,coi,c1i,a1i,c2i,a2i
1,1.0515700758177793,1.2092674517065982,97.77315121831212,0.173261900751844,213.63135448720294
2,0.08088220270974054,0.14193116548423312,43.46124838629466,0.22436810260895756,227.13631911489713
