PrincipalComponent,coi,c1i,a1i,c2i,a2i
1,1.0978197632995232,1.1590921659365643,100.0,0.3201391728821338,209.16681148798327
2,0.061732717531740915,0.042316108071916304,42.25564770809529,0.12588873427778657,226.68355035954815
