PrincipalComponent,coi,c1i,a1i,c2i,a2i
1,1.1073751931885503,1.0967489345085322,100.0,0.40816558390344837,211.02477403472
2,0.03804184265318529,0.0296107451312591,43.12359942635867,0.061964334280281134,227.3567753155332
