PrincipalComponent,coi,c1i,a1i,c2i,a2i
1,1.097039950271078,1.1555634251920508,100.0,0.32997289900754967,209.81608574978787
2,0.05696823084787886,0.03814529140648983,42.52895402412404,0.11286114705175553,226.9160056685526
