PrincipalComponent,coi,c1i,a1i,c2i,a2i
1,1.093715643076994,1.1470113178333652,100.0,0.3217361175118205,205.1482153728282
2,0.06865276390627542,0.05027842571112298,41.062141589253436,0.15799616265494743,225.43823352131096
