PrincipalComponent,coi,c1i,a1i,c2i,a2i
1,0.49153232036608246,0.2549786228590074,28.798728202836433,0.6446903966702032,210.52379947486386
