PrincipalComponent,coi,c1i,a1i,c2i,a2i
1,1.1362490348957435,1.1561025723736105,100.0,0.41287903923697256,208.52902214653218
2,0.006281339329345156,0.004146219754570585,42.699331489979095,0.006838898325352605,226.70308530422312
