PrincipalComponent,coi,c1i,a1i,c2i,a2i
1,1.1391834855697407,1.197867911151804,100.0,0.3653543856420178,206.83166107414644
2,0.01564941620768498,0.010878059419649614,42.06334708931886,0.024428856165818764,226.14769858802842
