PrincipalComponent,coi,c1i,a1i,c2i,a2i
1,1.131470840431731,1.2521121680198655,100.0,0.29665618135469934,199.40997800324533
2,0.04549325769707679,0.03656638323079794,40.087722926797554,0.1156587082481251,223.85447081861352
