PrincipalComponent,coi,c1i,a1i,c2i,a2i
1,1.0303684499500296,1.253234108151193,87.7386396258834,0.1754869979676231,217.52019075253017
2,0.05220675410924434,0.15366883203182596,42.85016184595944,0.200478246092066,226.0849079307415
