PrincipalComponent,coi,c1i,a1i,c2i,a2i
1,1.1329661831474762,1.2587655268790727,100.0,0.3013033754218625,205.56644239109073
2,0.031210857561757552,0.01717597400034635,41.715336614711724,0.06058943223297998,225.73605659310306
