PrincipalComponent,coi,c1i,a1i,c2i,a2i
1,1.0877305883719472,1.397676568760509,100.0,0.07613889389043019,210.73995164937512
2,0.05623340659852212,0.10465294157869205,43.387305082084,0.16130896147455892,227.03117886724587
