PrincipalComponent,coi,c1i,a1i,c2i,a2i
1,0.5683782981957981,0.5602080594400725,100.0,0.22984041524114227,223.7313740234051
