PrincipalComponent,coi,c1i,a1i,c2i,a2i
1,1.1348795868931358,1.2625085097160689,100.0,0.294483910563174,204.75418530400523
2,0.03522802447769518,0.020518363386805853,41.48327905614122,0.07090958787815389,225.47835125322624
