PrincipalComponent,coi,c1i,a1i,c2i,a2i
1,1.1050164904482458,1.3250709057834191,100.0,0.205118061164126,204.0924160232879
2,0.052605281533084323,0.05976144802955099,41.30780300010032,0.14306545738966617,225.16013620163832
