PrincipalComponent,coi,c1i,a1i,c2i,a2i
1,1.157830273142797,1.3432732280846118,100.0,0.26587570496288593,198.97270520246255
2,0.023546936617935322,0.014725731662374073,40.0810478968521,0.0544722805088659,223.7817723043539
