PrincipalComponent,coi,c1i,a1i,c2i,a2i
1,1.1322495838801923,1.4278104789978072,100.0,0.1679684360950112,202.426901710937
2,0.03410995854853992,0.041527189504383555,41.04528707612525,0.09480171975048075,224.73390965720847
