PrincipalComponent,coi,c1i,a1i,c2i,a2i
1,1.1565798076016984,1.3473082774543286,100.0,0.2577906896206336,204.0559711325997
2,0.014708299057876986,0.007301256398095145,41.29012892647552,0.027465592627595566,225.27123192089812
