PrincipalComponent,coi,c1i,a1i,c2i,a2i
1,1.062423541997989,1.3934416491620034,90.86729331053522,0.0982887745436225,217.0690966955771
2,0.03355268523892661,0.1338172770627453,43.232719174917854,0.14536777602179357,226.74105473311133
