PrincipalComponent,coi,c1i,a1i,c2i,a2i
1,1.1112086936815266,1.5305710902486054,100.0,0.011671431986972713,209.54948106724873
2,0.03933618896389926,0.07787550275529882,43.05627920121117,0.11676853261766698,226.75418723128834
