PrincipalComponent,coi,c1i,a1i,c2i,a2i
1,1.1566665767060604,1.2843225589644731,100.0,0.30931953716980093,205.78858138902012
2,0.004735872069206536,0.002871725865087727,41.94868259893325,0.005209030294759771,225.8518375958693
