PrincipalComponent,coi,c1i,a1i,c2i,a2i
1,1.1594036850516356,1.3525108121652871,100.0,0.2530136941386705,203.12105095749175
2,0.018159231075766884,0.009393748141991141,41.06423408786791,0.03510878041680789,224.98836225228308
