PrincipalComponent,coi,c1i,a1i,c2i,a2i
1,0.5735912419824803,0.6303837522951745,100.0,0.1643410547301376,221.24142259860903
