PrincipalComponent,coi,c1i,a1i,c2i,a2i
1,1.0951977322456699,1.5074481426217232,93.07782555719285,0.04179251946596738,216.40122782337247
2,0.020642874516792475,0.11545717114742451,43.30873928603783,0.10844662716025444,227.05938824225657
