PrincipalComponent,coi,c1i,a1i,c2i,a2i
1,1.1799936163148594,1.406259580433222,100.0,0.23694332757363068,202.14930563109348
2,0.005769636016473555,0.0026789395259733686,40.961551211938314,0.008459379612464953,224.71984933914575
