PrincipalComponent,coi,c1i,a1i,c2i,a2i
1,0.5872460200452071,0.6815865809465742,100.0,0.12856087114571127,217.66182394311397
