PrincipalComponent,coi,c1i,a1i,c2i,a2i
1,1.1431412561452619,1.605087615229827,100.0,0.0,207.96942561106965
2,0.02885200004376425,0.049912242935964586,42.491179584243014,0.09225754221562335,226.28741370336678
