PrincipalComponent,coi,c1i,a1i,c2i,a2i
1,1.1847908780766458,1.4037875507502195,100.0,0.253103938479149,196.64225770267575
2,0.011895969964362207,0.007845482217670353,39.4033482901269,0.026918221733749786,223.07307592946802
