PrincipalComponent,coi,c1i,a1i,c2i,a2i
1,1.1849034112484613,1.4107104268709385,100.0,0.2509255066740425,195.3393990814776
2,0.01555528249432881,0.01379317430688824,39.10714075166636,0.03913729717580397,222.68212274070882
