PrincipalComponent,coi,c1i,a1i,c2i,a2i
1,1.159855721426587,1.5027841348566335,100.0,0.1517941580912119,200.4189473723522
2,0.021743491178272956,0.028920673533521932,40.487626170886095,0.060654003035643674,224.14669996173578
