PrincipalComponent,coi,c1i,a1i,c2i,a2i
1,1.2052278539705832,1.475263845062762,100.0,0.2424641945251507,194.10682343493485
2,0.004053284320940717,0.002345848448356543,38.92672841966974,0.005814364075251006,222.33126670150185
