PrincipalComponent,coi,c1i,a1i,c2i,a2i
1,1.1236618721403007,1.6315534925010817,94.61506386944141,0.0,215.00105420647213
2,0.013052345160363448,0.0809827488160532,43.08613093507126,0.08526610990084281,226.98048754329542
