PrincipalComponent,coi,c1i,a1i,c2i,a2i
1,1.16963936347353,1.6890295947314296,100.0,0.0,205.95458171216617
2,0.016693146683632032,0.03570115628421486,41.85132313347084,0.054642529969293994,225.67579633186512
