PrincipalComponent,coi,c1i,a1i,c2i,a2i
1,1.1850166117872636,1.5842349847473887,100.0,0.14660567459619278,198.02075731304018
2,0.00997379334605637,0.018314864396102762,39.7017100133262,0.027258983633999204,223.39642343359358
