PrincipalComponent,coi,c1i,a1i,c2i,a2i
1,1.2027101995993468,1.4845248705672196,100.0,0.2135435403180974,198.8431881402423
2,0.0014158722074258422,0.0002700977228868312,40.09212945243418,0.0007498000680923853,223.70720157913638
