PrincipalComponent,coi,c1i,a1i,c2i,a2i
1,0.5978732005606089,0.7490569408620961,100.0,0.09703252077642718,212.9353995540685
