PrincipalComponent,coi,c1i,a1i,c2i,a2i
1,1.2071401080813453,1.48528130282691,100.0,0.243783450811471,192.98941508532724
2,0.006367561246820192,0.006631484481150073,38.6585161719544,0.012006369346866814,221.99768303040426
