PrincipalComponent,coi,c1i,a1i,c2i,a2i
1,1.1945451356006571,1.597894100114658,100.0,0.1515875730007359,197.3200477982384
2,0.007774050785476907,0.014760421362399575,39.49712105170183,0.020433305572184497,223.19131889351723
