PrincipalComponent,coi,c1i,a1i,c2i,a2i
1,1.1789897017880475,1.7105396032653697,100.0,0.0,205.23703196071526
2,0.013787539725147974,0.0314381151787411,41.57135261794612,0.04524171281290023,225.43782191333088
