PrincipalComponent,coi,c1i,a1i,c2i,a2i
1,1.213632458258885,1.4855643574320454,100.0,0.2450957383768434,192.93329920503626
2,0.002612782577897454,0.0010373005479709016,38.625216860216376,0.002653041604492367,221.9816566978321
