PrincipalComponent,coi,c1i,a1i,c2i,a2i
1,1.216075712475483,1.49587361908514,100.0,0.2484897066526176,191.85027770673597
2,0.004079566789661961,0.005211304165895201,38.353339970969806,0.0069983493184232045,221.6583132442614
