PrincipalComponent,coi,c1i,a1i,c2i,a2i
1,1.1328439906747345,1.6554995292574868,94.6252334416019,0.0,214.5325804756031
2,0.014673545126659873,0.06257157886150048,42.92045908704499,0.08690870525139432,226.82888355649305
