PrincipalComponent,coi,c1i,a1i,c2i,a2i
1,0.6044694437015197,0.7580132403829393,100.0,0.09736009952454107,210.7832494383982
