PrincipalComponent,coi,c1i,a1i,c2i,a2i
1,1.1846085458153974,1.7576232765690138,100.0,0.0,202.2663698094707
2,0.010328324107597035,0.02198702699252939,40.71225674691383,0.03034969669511443,224.56032590363867
