PrincipalComponent,coi,c1i,a1i,c2i,a2i
1,1.14224309566533,1.7053803370851826,95.54236687040658,6.257795478463217e-17,212.4562023536083
2,0.017701517340711456,0.034684709478129294,42.52568118993557,0.0840412405324662,226.43529611346105
