PrincipalComponent,coi,c1i,a1i,c2i,a2i
1,0.6098553187210065,0.7538634132158333,100.0,0.12723411991323885,198.77925694410294
