PrincipalComponent,coi,c1i,a1i,c2i,a2i
1,1.2036196101467591,1.605078830965639,100.0,0.18507352581241185,193.13910288012423
2,0.0053011803581595055,0.008710189193087987,38.682845163880266,0.009464815308980126,222.0020276167432
