PrincipalComponent,coi,c1i,a1i,c2i,a2i
1,1.224865702527906,1.489005079215601,100.0,0.2883785562063412,186.34564419181527
2,0.0019310149424313296,0.0017507278041184377,37.0083538423526,0.0014297965299440258,220.0701714793256
