PrincipalComponent,coi,c1i,a1i,c2i,a2i
1,1.1951496275538853,1.8373658455490645,100.0,0.0,206.14047092978046
2,0.0036447196897551122,0.0056288644410681585,41.80258097689637,0.007181370050846965,225.660085713307
