PrincipalComponent,coi,c1i,a1i,c2i,a2i
1,0.598395888190583,0.8881693698312075,100.0,0.03698973480746364,211.41209876204266
