PrincipalComponent,coi,c1i,a1i,c2i,a2i
1,1.1438323855710486,1.8076694695303144,94.27071786343018,3.3054157158377134e-18,213.66382099238865
2,0.008410608188262161,0.014660501796299684,42.3206287300689,0.04555659447828073,226.42404103560847
