PrincipalComponent,coi,c1i,a1i,c2i,a2i
1,0.5975840515404082,0.9293520110260137,97.01367101048221,3.0477574149953894e-17,224.58541839030246
