PrincipalComponent,coi,c1i,a1i,c2i,a2i
1,1.1339618916706196,1.8583030912195007,90.65072042876561,5.77885482425248e-17,216.63406163582695
2,0.004484436179473939,0.004916098183296697,42.515681825557806,0.016960386865189424,226.44478640960128
