PrincipalComponent,coi,c1i,a1i,c2i,a2i
1,1.2111624076081144,1.6337945672046856,100.0,0.18541800164624675,192.71053360036808
2,0.003329454007469821,0.003662681218983116,38.55060567645796,0.0042651979384154635,221.86414491086026
