PrincipalComponent,coi,c1i,a1i,c2i,a2i
1,0.6149141277045629,0.7706165025154064,100.0,0.13099306663406998,196.83642097877458
