PrincipalComponent,coi,c1i,a1i,c2i,a2i
1,0.5412463677017073,0.9487738370017355,85.59272117754942,4.7719803781019613e-17,229.90485313252356
