PrincipalComponent,coi,c1i,a1i,c2i,a2i
1,0.6932904516506103,0.8322266539225155,77.43180869365435,0.45319435360497545,222.10748786503243
2,0.14285990348249208,0.2821340044619032,46.910978005409845,0.2964709673369155,225.59760143672244
