PrincipalComponent,coi,c1i,a1i,c2i,a2i
1,0.6783295483372707,0.7321594139296967,50.826114021933904,0.8675366321090733,216.48069867479825
2,0.05232880600922922,0.1115158395091331,35.45699466321785,0.06990391222516232,217.37603846382143
