PrincipalComponent,coi,c1i,a1i,c2i,a2i
1,0.6776420459397785,0.8039669141467026,70.3540432504143,0.5345000714693048,220.72099435391263
2,0.1251624127781066,0.24167956232591808,43.18855012048433,0.2693982976913202,223.37614767717025
