PrincipalComponent,coi,c1i,a1i,c2i,a2i
1,0.32957651066524724,0.3707680447201299,39.38618704811099,0.601453209873635,216.43038671581712
