PrincipalComponent,coi,c1i,a1i,c2i,a2i
1,0.6931909742975917,0.8009244532593676,78.82607304348628,0.43198486014783444,223.57423562361765
2,0.15595763355254225,0.3601724843463367,51.917521516966936,0.28244212236640637,226.9297993807551
