PrincipalComponent,coi,c1i,a1i,c2i,a2i
1,0.6649043965584014,0.7455754000069114,60.58465587195208,0.6867478339927282,218.8889291744099
2,0.0956286712803491,0.21029215832630355,39.96980478350985,0.19734099323496396,220.5729417263587
