PrincipalComponent,coi,c1i,a1i,c2i,a2i
1,0.6704543301427718,0.7399468021628892,43.21904569482656,1.0211575293411883,214.76908285861245
2,0.017452229990193656,0.03944110945720941,32.90872090915582,0.019706643930059765,214.926223416844
