PrincipalComponent,coi,c1i,a1i,c2i,a2i
1,0.6581078665294834,0.7216725905779408,55.339094375504104,0.7747747309018173,217.72599221295752
2,0.08094203282151692,0.1812418253832415,37.84313951854737,0.1545963825465628,218.93285198953876
