PrincipalComponent,coi,c1i,a1i,c2i,a2i
1,0.672176858082635,0.7711419406231016,77.00627712024233,0.39357410015978433,226.63824376810467
2,0.16512645682258578,0.478415360421551,59.61544625461424,0.2163991798166401,228.43428409934543
