PrincipalComponent,coi,c1i,a1i,c2i,a2i
1,0.6681513128198366,0.7203440584041697,52.26636655449274,0.8335961524324496,216.95510541244258
2,0.06478646828154055,0.1417616258944164,36.26389220838455,0.10480237277535964,217.91147959512858
