PrincipalComponent,coi,c1i,a1i,c2i,a2i
1,0.6582925314612331,0.737501711713293,39.080457276430735,1.1453764342910457,214.35863167897057
2,0.00404231317915835,0.006137063680728203,31.950613119110407,0.004007561786204883,213.78318100504882
