PrincipalComponent,coi,c1i,a1i,c2i,a2i
1,0.6620174540557328,0.7263680477274378,57.071330267626784,0.7480614606123704,218.1147366265571
2,0.08620962706299079,0.19366272155911915,38.6617762130431,0.16743523529480722,219.49977243993445
