PrincipalComponent,coi,c1i,a1i,c2i,a2i
1,0.6863369841272741,0.7803470390267301,78.19306370193837,0.4164372022137983,225.06151320238578
2,0.161124954226581,0.42484117769648183,56.13462255191319,0.2522809245549483,227.81496778833414
