PrincipalComponent,coi,c1i,a1i,c2i,a2i
1,0.6767731936776235,0.7321007207463563,47.110218540042304,0.9399628067935138,215.55958828160885
2,0.033333189654149636,0.08010043154233329,34.1099731699058,0.03987736675530748,216.14695214098205
