PrincipalComponent,coi,c1i,a1i,c2i,a2i
1,0.6349867831677909,0.6914014579704914,57.74396148860149,0.7479672683506654,218.50087596136777
2,0.1111804469316996,0.22793765316406905,39.89734948782008,0.24713381883898897,219.72341706306833
