PrincipalComponent,coi,c1i,a1i,c2i,a2i
1,0.642900015525228,0.7247667479116393,65.24033316433461,0.6295982198453962,219.99329851454888
2,0.14253600228945765,0.25830058779702264,42.764304845771996,0.3196028745477495,221.88851354491135
