PrincipalComponent,coi,c1i,a1i,c2i,a2i
1,0.6452784367383692,0.7078261049292953,42.82188486958482,1.0687055142111095,214.79287818951195
2,0.03211118883870075,0.05838942549058834,32.896336078629744,0.04967817150106995,214.83169957021653
