PrincipalComponent,coi,c1i,a1i,c2i,a2i
1,0.6503614133074359,0.6922054523341102,49.62920435713781,0.9145120987603496,216.34169272710938
2,0.06732511591041276,0.13160917914274625,35.37852219000529,0.11188159816426602,217.04520288633154
