PrincipalComponent,coi,c1i,a1i,c2i,a2i
1,0.642223761448821,0.7181728739939842,38.67841555176015,1.2742335754813858,214.6865835776312
2,0.006564381035888295,0.006397888215973264,31.977211759290768,0.006719518645909925,213.75910667766234
