PrincipalComponent,coi,c1i,a1i,c2i,a2i
1,0.6588863498129642,0.6967653386145916,71.18239952222412,0.5682598757626344,222.6778061555873
2,0.17167717576424077,0.3765015679045312,51.469710912122096,0.32220926078981843,224.74549835986585
