PrincipalComponent,coi,c1i,a1i,c2i,a2i
1,0.6540143554116885,0.6810324416182054,70.76349538157972,0.5515343669166722,224.28120787404015
2,0.17593654467156017,0.44263954258776006,55.99637487528939,0.28494949378582024,225.71301155550873
