PrincipalComponent,coi,c1i,a1i,c2i,a2i
1,0.32117047791770365,0.35986345996804237,38.99175038700225,0.6737487902977373,216.59580559037607
