PrincipalComponent,coi,c1i,a1i,c2i,a2i
1,0.6416470390005015,0.6799436131920875,70.5213025723407,0.5228695288152154,226.10098284853262
2,0.17972084033209615,0.5016970956735649,60.10008741269433,0.23745299671842432,226.67043184250082
