PrincipalComponent,coi,c1i,a1i,c2i,a2i
1,0.6495217493994082,0.6971480662537255,46.38921824774862,0.9842516416430785,215.52171281246933
2,0.049068501168957744,0.09926150886932208,34.052967233232245,0.0776811265595127,215.95797566665945
