PrincipalComponent,coi,c1i,a1i,c2i,a2i
1,0.6349466440103978,0.7119125052612966,60.28636384804233,0.6970149264982524,219.0355699955477
2,0.12299881516853903,0.24071279223020825,40.82095724176781,0.2754994794739419,220.44124526073603
