PrincipalComponent,coi,c1i,a1i,c2i,a2i
1,0.6287032728994734,0.6747263632021461,53.25124035753796,0.8268573427715188,217.39977117979538
2,0.09654133418824837,0.20022323147800236,37.817877419726,0.2023696812045646,218.3267610190175
