PrincipalComponent,coi,c1i,a1i,c2i,a2i
1,0.6572304222124234,0.7284256912530301,70.38731447044277,0.5821441195970015,221.14142327760146
2,0.15993483449657883,0.30020951100868054,46.33679636836468,0.34145695144582816,223.56486405842082
