PrincipalComponent,coi,c1i,a1i,c2i,a2i
1,0.6381412577878818,0.7121345575739112,38.90856742753835,1.2014092194854071,214.34013043783074
2,0.015316833051231079,0.019879526407558596,31.844698604613015,0.021233331369659037,213.70521018801958
