PrincipalComponent,coi,c1i,a1i,c2i,a2i
1,0.6324232505399088,0.6778643931107146,54.763213648567344,0.8023144508618282,217.7630717990738
2,0.10169879523790157,0.21195695353933788,38.645669590978365,0.21610933014082045,218.8127073322179
