PrincipalComponent,coi,c1i,a1i,c2i,a2i
1,0.638485529044493,0.6785262403912189,50.67492436438559,0.8816744692846612,216.74988842257355
2,0.08061226602896449,0.16132127337575117,36.19525106679699,0.1496637484216178,217.45889982630482
