PrincipalComponent,coi,c1i,a1i,c2i,a2i
1,0.6975855781466144,0.7788473626180477,48.00445566433611,0.8832925545907409,215.5398532199633
2,0.022146065102959633,0.04899119208366459,34.15394157371827,0.02214980281403556,216.35284238492818
