PrincipalComponent,coi,c1i,a1i,c2i,a2i
1,0.6918970276732779,0.7848044690786444,53.94291339582653,0.7686471062809755,217.07175671984038
2,0.0533423057200277,0.10102341865247763,36.21347113876894,0.08199197417997788,218.30666550755927
