PrincipalComponent,coi,c1i,a1i,c2i,a2i
1,0.33432528541871737,0.3786439366223661,39.630079282281294,0.542757033220938,216.09877208779267
