PrincipalComponent,coi,c1i,a1i,c2i,a2i
1,0.6921228783732739,0.8697286298032231,67.02824212822742,0.5321090110600449,219.96107883179064
2,0.09559491016661516,0.17521536928675835,40.61010975903791,0.19965275753013287,222.3053549608348
