PrincipalComponent,coi,c1i,a1i,c2i,a2i
1,0.6964681436881942,0.9106053020840442,82.9070073482792,0.23396834357609364,226.332043063915
2,0.1495997829136495,0.40713383055755925,55.63155313828231,0.2408953586281995,229.049754453854
