PrincipalComponent,coi,c1i,a1i,c2i,a2i
1,0.6903369920440618,0.8314784738822788,63.31218105657764,0.6043755216846132,219.23394876241719
2,0.08403594381468246,0.16338928312022383,39.57374658074609,0.17184963592815347,221.23385487654906
