PrincipalComponent,coi,c1i,a1i,c2i,a2i
1,0.7199903497372641,0.976282681644486,82.75866403394437,0.301633644858416,222.59859646058163
2,0.13005283961434283,0.22847159571182374,45.787408422529545,0.28033822106866924,226.7811847036731
