PrincipalComponent,coi,c1i,a1i,c2i,a2i
1,0.7119302737922685,0.9248287035607885,84.19530030360946,0.2559998460280705,224.93216871867506
2,0.14577321165567236,0.35914353854232217,52.72753906596024,0.26364631096332763,228.5985944040737
