PrincipalComponent,coi,c1i,a1i,c2i,a2i
1,0.7018165942668387,0.7888122099548605,52.24563844277063,0.8055385817191287,216.56838229279484
2,0.040744759992101975,0.07490123284691305,35.496212050224806,0.049323656249644535,217.7220279867469
