PrincipalComponent,coi,c1i,a1i,c2i,a2i
1,0.7029256755037926,0.9210274634442569,74.48381756012205,0.41602635641235264,221.21959587199126
2,0.1141876231244529,0.1916589986455186,42.664904391588834,0.2462424273474534,224.39939970320106
