PrincipalComponent,coi,c1i,a1i,c2i,a2i
1,0.6829672370098153,0.7951810093399095,57.635103416797065,0.7036852128362329,217.94411910252168
2,0.06968474663985601,0.13748574511878964,37.65361657978466,0.12918054386158553,219.4817245669978
