PrincipalComponent,coi,c1i,a1i,c2i,a2i
1,0.7205469738604133,0.9488226633312483,84.5791674279717,0.27280382931748764,223.67960407223075
2,0.1404839506923736,0.2995181205210437,49.40626003110444,0.28060110174262476,227.87818273166874
