PrincipalComponent,coi,c1i,a1i,c2i,a2i
1,0.6879064285246359,0.7736536792685609,43.86956342681548,0.9663479057735374,214.75946706651433
2,0.008462641962109,0.017311690823543183,32.86238613242063,0.00689672741041406,215.0617183973452
