PrincipalComponent,coi,c1i,a1i,c2i,a2i
1,0.36677630029794,0.43424331267981486,51.52175161403856,0.4028722489955757,220.5498639111535
