PrincipalComponent,coi,c1i,a1i,c2i,a2i
1,0.7559780314327205,1.0448516128041145,80.5095219018986,0.24470165631603608,221.87397456551525
2,0.11064704003494147,0.21564481234230884,44.060909503741485,0.24879095781913715,225.9468109791963
