PrincipalComponent,coi,c1i,a1i,c2i,a2i
1,0.7555012619735304,1.175834040435953,81.56981627901207,0.221751813275501,223.0644816036941
2,0.07298603982344833,0.10576005142017994,43.48144457343785,0.14382792675077552,226.70413505334113
