PrincipalComponent,coi,c1i,a1i,c2i,a2i
1,0.7625950551675967,0.9600172222327739,62.565310922420096,0.6020511558948655,218.69216099160244
2,0.020580447284265377,0.02456478854260028,37.95972133741329,0.022285625270475957,220.8630926055885
