PrincipalComponent,coi,c1i,a1i,c2i,a2i
1,0.7455303880176527,0.9984989038521791,78.41115507015964,0.2519579196085692,222.1197654636373
2,0.11123535024488324,0.2673233823720366,44.99042604070486,0.2519459683850746,225.6525111510649
