PrincipalComponent,coi,c1i,a1i,c2i,a2i
1,0.7504574087695156,1.0429890558496118,71.9748284823731,0.42973566437776406,220.91666857049202
2,0.05181612204062341,0.08322209649136801,40.85747822184592,0.09291914621571497,223.8030949329969
