PrincipalComponent,coi,c1i,a1i,c2i,a2i
1,0.7270897368273036,0.9606724161059437,75.66030217145439,0.2534563987787744,222.5277022990453
2,0.11228068921842736,0.3083054883165837,45.89293498364642,0.25007917455044165,225.25160036267297
