PrincipalComponent,coi,c1i,a1i,c2i,a2i
1,0.7627007562602569,1.1194155861107065,82.65462543129101,0.21661090670094785,222.24647262448892
2,0.1020986073668195,0.15439465869207625,43.571753050088205,0.22797039387934934,226.5563375734604
