PrincipalComponent,coi,c1i,a1i,c2i,a2i
1,0.7525119402014638,0.9117392285797482,56.932232317142564,0.7036594216763827,217.4749252151415
2,0.00731422209006181,0.009528483618980415,36.458791835351,0.00507515864840973,219.1175134678706
