PrincipalComponent,coi,c1i,a1i,c2i,a2i
1,0.7533803109470651,1.0993186747331547,76.64226975660542,0.3345583277729937,221.99988300653754
2,0.061074493728214586,0.09624849133741505,42.18892885447795,0.11789854658833929,225.23864382604114
