PrincipalComponent,coi,c1i,a1i,c2i,a2i
1,0.7584841474441473,1.1895218550115016,84.43998814113957,0.16707309722134958,223.27201495900806
2,0.08966642761158278,0.12143241268437598,44.039262868316676,0.18715053174159513,227.38017579695065
