PrincipalComponent,coi,c1i,a1i,c2i,a2i
1,0.7463237198112547,1.0169666702020594,69.4388770022156,0.47580093731517215,220.35718961320478
2,0.04701231926850219,0.07358112168653269,40.09064869741787,0.08234387928670595,223.0256191892282
