PrincipalComponent,coi,c1i,a1i,c2i,a2i
1,0.7547330475957834,0.9730740761034105,64.64556886866045,0.56212141752407,219.2585935313643
2,0.031290385937010536,0.04336508618995872,38.62220542749679,0.04617805617864492,221.54080080490127
