PrincipalComponent,coi,c1i,a1i,c2i,a2i
1,0.8052706245359454,1.0931488763757171,70.1283754901566,0.4528865554513048,220.69337551008107
2,0.005865447524393962,0.004454710037038904,40.070156448881654,0.0065511026154167745,223.32124985756272
