PrincipalComponent,coi,c1i,a1i,c2i,a2i
1,0.8020154757178402,1.3129272977984943,86.36036582028758,0.10341319202847005,223.61641843314052
2,0.06354832049655978,0.08062626439389542,44.18550191483622,0.13532513813698555,227.98889003764296
