PrincipalComponent,coi,c1i,a1i,c2i,a2i
1,0.7967240357017568,1.2052472066182698,78.12753138675208,0.2975034225474077,222.27934695769915
2,0.0264803923850329,0.03648076905456667,42.160724979936994,0.04864108601400896,225.7061181275823
