PrincipalComponent,coi,c1i,a1i,c2i,a2i
1,0.801786726558307,1.246307862896213,80.93420129747466,0.23889458363415753,222.85142242825347
2,0.030380213652821102,0.043755359207896714,42.93527273271629,0.05722360808363866,226.55291973595317
