PrincipalComponent,coi,c1i,a1i,c2i,a2i
1,0.7836071088026341,1.107876425799883,79.70832290086717,0.20508022270149637,222.09498078075916
2,0.0884005511768347,0.2190937360220682,43.783554049368234,0.21113241652160072,225.89702878342848
