PrincipalComponent,coi,c1i,a1i,c2i,a2i
1,0.7640264171735858,1.0577687345913624,76.4299572770525,0.21685986700405033,222.18723548306087
2,0.0891434990528839,0.25855494902203974,44.09744096473645,0.2169792337287191,225.1848666675983
