PrincipalComponent,coi,c1i,a1i,c2i,a2i
1,0.8034568038671056,1.3737352541953534,88.04116009471774,0.05734399919960397,224.4781173758506
2,0.04938122955915334,0.06400386013288081,44.8305422764906,0.09872757728426937,228.71401865130773
