PrincipalComponent,coi,c1i,a1i,c2i,a2i
1,0.39443253986934596,0.5125984987658477,64.47787584795938,0.27990086215558,226.07849538602034
