PrincipalComponent,coi,c1i,a1i,c2i,a2i
1,0.8008875785566089,1.1230648806163157,72.30747935993722,0.4106717045504078,221.07539796171946
2,0.013605651026240614,0.014895146796293737,40.5306815364259,0.02181155061658999,223.9360105451129
