PrincipalComponent,coi,c1i,a1i,c2i,a2i
1,0.7973483653067039,1.1663396400271107,82.37911831427532,0.18698832192251566,222.2189100145701
2,0.08636522503828181,0.16921908441263012,43.54966882360427,0.20025062638279906,226.5165113296618
