PrincipalComponent,coi,c1i,a1i,c2i,a2i
1,0.8057005332538183,1.2489597921847397,85.02664454470809,0.14950021024062213,222.72132686139008
2,0.0773013018684762,0.11199989543317379,43.71037193631142,0.1732164290212386,227.32180040615114
