PrincipalComponent,coi,c1i,a1i,c2i,a2i
1,0.8412067270198795,1.4814189843203858,91.23728409859433,0.0,225.03335887548923
2,0.022665709512716955,0.03286650517008695,45.59229262689084,0.041006632630284374,229.68890015781434
