PrincipalComponent,coi,c1i,a1i,c2i,a2i
1,0.8394234148391828,1.433680322250703,89.81706495018847,0.034514327575319845,224.08461881484868
2,0.04354506945947418,0.058995072919519845,44.97051258030717,0.0854312990288636,228.98117654419568
