PrincipalComponent,coi,c1i,a1i,c2i,a2i
1,0.7988645728017894,1.1627623076855578,79.50816988847674,0.16666661544761058,222.6431634184838
2,0.0718567244712616,0.22869525845470073,44.20331547419767,0.17551944262790636,226.07451053326434
