PrincipalComponent,coi,c1i,a1i,c2i,a2i
1,0.8353513024179243,1.2916183021845877,86.23271538015814,0.11873466842410288,222.82066012952154
2,0.0670170011636291,0.14252775642476384,44.32670012000157,0.14839551278782281,227.65948266549063
