PrincipalComponent,coi,c1i,a1i,c2i,a2i
1,0.8403179834960135,1.4335700849619861,88.8536114197784,0.06412233474800333,224.57906441755068
2,0.015604274514179645,0.024206736533041135,44.931743310556016,0.025695589634595367,228.9922126022751
