PrincipalComponent,coi,c1i,a1i,c2i,a2i
1,0.8209774546206318,1.2256881107412614,83.35015578901371,0.14367503996423384,222.73389963793196
2,0.06965283162355189,0.19086103317391595,44.31952662671687,0.16277499595694978,226.98618371026984
