PrincipalComponent,coi,c1i,a1i,c2i,a2i
1,0.8348381021807347,1.3747088798131255,85.678602727184,0.13841350090659016,223.9730351605388
2,0.012218876941166771,0.018421106963821918,44.063578007744994,0.019777797828507384,228.03371116798135
