PrincipalComponent,coi,c1i,a1i,c2i,a2i
1,0.8449605973272123,1.3785395998120538,89.03128309073936,0.0754783384384509,223.32300274269465
2,0.05623052579217648,0.08871886260161611,44.642038520173735,0.11925889098164363,228.50484585417368
