PrincipalComponent,coi,c1i,a1i,c2i,a2i
1,0.4171803828939731,0.6096152848812312,77.16664157561895,0.15556017529626964,231.6486150688347
