PrincipalComponent,coi,c1i,a1i,c2i,a2i
1,0.8389652848644656,1.4798354976964476,90.5516875717326,2.207520845206107e-17,224.70694633743327
2,0.030177991797324336,0.04134080648743437,45.32742080435566,0.05722115999581627,229.39190353944025
