PrincipalComponent,coi,c1i,a1i,c2i,a2i
1,0.8337272184359183,1.250640331163558,78.91259910145412,0.281291623124053,222.84659443171017
2,0.0035756545223977966,0.004067583830015007,42.46777410792033,0.004556995303170694,226.09160011816948
