PrincipalComponent,coi,c1i,a1i,c2i,a2i
1,0.8401709850604985,1.3305766313676857,85.81891560157138,0.10171446700647525,223.02977922761906
2,0.05751095468782045,0.160698154991187,44.5520424339871,0.1324814548651312,227.65486440461038
