PrincipalComponent,coi,c1i,a1i,c2i,a2i
1,0.847046594702914,1.4520896821964535,87.92597345490987,0.09406953546676791,224.70237342937355
2,0.005417244771540018,0.006348865273344726,44.838159543200206,0.005798229441508452,228.80800049860756
