PrincipalComponent,coi,c1i,a1i,c2i,a2i
1,0.8538287419606454,1.5242608128089694,91.34947679213188,0.00871908248478043,225.24864220734557
2,0.00779909825273885,0.009948096939109101,45.627269762957376,0.009455511900906665,229.7717526756741
