PrincipalComponent,coi,c1i,a1i,c2i,a2i
1,0.8539612604357351,1.5332914157833102,91.53864996313992,0.0,225.06469825697394
2,0.012984988065782932,0.016410013264969513,45.52086777499536,0.020090376391618456,229.74171072361986
