PrincipalComponent,coi,c1i,a1i,c2i,a2i
1,0.4208672709269583,0.6555661590065793,80.96051613195587,0.12133579390911062,233.2986370570441
