PrincipalComponent,coi,c1i,a1i,c2i,a2i
1,0.8576329530185841,1.5252990609193542,91.62736128078839,3.5477745435790034e-17,224.20240644446142
2,0.03293490638694824,0.030052118100417014,45.370407281169946,0.06327425012307371,229.45177422101378
