PrincipalComponent,coi,c1i,a1i,c2i,a2i
1,0.8556133983587638,1.4033670698336111,89.02960877740288,0.06911977098939591,223.2036520366858
2,0.0542450791487282,0.11522208858855151,44.81649056687806,0.11424155497977999,228.45180618754492
