PrincipalComponent,coi,c1i,a1i,c2i,a2i
1,0.8176363742339811,1.2592173708364667,81.6463275527552,0.13266706378211535,222.91908004326504
2,0.05977735483660767,0.19647600808913016,44.21947821340874,0.14957100336362975,226.65888749209324
