PrincipalComponent,coi,c1i,a1i,c2i,a2i
1,0.8651393615915572,1.4915232297205834,91.94614500453301,0.021230169154205558,223.61205566953575
2,0.0426926237301636,0.06646620385328653,45.25786156381203,0.08369116431118435,229.29865415762936
