PrincipalComponent,coi,c1i,a1i,c2i,a2i
1,0.8655142229092417,1.5955213040518064,91.65145312777523,1.0644775645949182e-17,224.87733878482078
2,0.004342840607677768,0.003172554375942466,45.63388810698235,0.004740224622081116,229.70409798543685
