PrincipalComponent,coi,c1i,a1i,c2i,a2i
1,0.8673358736951883,1.4647501861150327,88.6084364753075,0.049680670255760145,223.1055775846441
2,0.03865683830397705,0.13117656708732292,44.85161566049879,0.09693516868363956,228.3173004019985
