PrincipalComponent,coi,c1i,a1i,c2i,a2i
1,0.8821107688009588,1.5427868158045681,91.9014757881255,0.010876234112077849,223.13829347327342
2,0.03540627673744346,0.08874268096944386,45.21708562672497,0.0764011237309095,229.09770201423748
