PrincipalComponent,coi,c1i,a1i,c2i,a2i
1,0.8440054038595903,1.383869680354494,84.19043813847395,0.08962788733591812,222.9713184952845
2,0.041225248686970827,0.165241395108712,44.2962750012658,0.11826341584899118,227.23782929720636
