PrincipalComponent,coi,c1i,a1i,c2i,a2i
1,0.8875707886461093,1.5967224704652034,93.05824505378686,0.0,223.1891381506516
2,0.02903192053684258,0.030587142183066313,45.32166464851414,0.061003216300588664,229.41731407216227
