PrincipalComponent,coi,c1i,a1i,c2i,a2i
1,0.8683402212045586,1.6054201652909899,91.36476145277483,3.75507508469421e-17,224.48137714715628
2,0.008665316145962894,0.006224821459589795,45.40274964343315,0.012211271146420706,229.47157796543226
