PrincipalComponent,coi,c1i,a1i,c2i,a2i
1,0.42970628065165506,0.7881481461416334,91.75799823908397,0.0,237.2895133878001
