PrincipalComponent,coi,c1i,a1i,c2i,a2i
1,0.8633393897860633,1.584935637985245,91.75497614198731,0.0,225.07239796190444
2,0.0014333348786252566,0.0003584399287574604,45.7191824661569,0.0006809541707085046,229.80715117300437
