PrincipalComponent,coi,c1i,a1i,c2i,a2i
1,0.8762591940736858,1.6036239876629257,92.16678831758502,0.0,223.85071723105838
2,0.018432015489420153,0.012104465884596467,45.284236192985716,0.0331405816883217,229.4428379526784
