PrincipalComponent,coi,c1i,a1i,c2i,a2i
1,0.43521895743828426,0.7976256173659504,91.7883594261459,0.0,237.00224015839788
