PrincipalComponent,coi,c1i,a1i,c2i,a2i
1,0.876541481220483,1.6208861962192918,91.41133493823448,2.500983104488602e-19,224.38693055830683
2,0.005898678442473882,0.003732710170582757,45.41375148768459,0.00784635619133437,229.460397485991
