PrincipalComponent,coi,c1i,a1i,c2i,a2i
1,0.8790011368720246,1.5024434373979862,89.3012698837289,0.03410490290524449,223.0928156836735
2,0.03378264567192999,0.12339233012621945,44.90374135934318,0.08627927484292719,228.4555068040341
