PrincipalComponent,coi,c1i,a1i,c2i,a2i
1,0.8552658494798903,1.4190202974245727,84.87222812011392,0.07652659143205924,222.97809963136473
2,0.03714724520622156,0.15646375323073225,44.31099993508095,0.10883206516259794,227.3879340324296
