PrincipalComponent,coi,c1i,a1i,c2i,a2i
1,0.8861370364952902,1.6221316394841432,92.28442496765379,0.0,223.6975382544488
2,0.014393686052102407,0.008580372546787157,45.184650268129765,0.02602973363706863,229.39793472563755
