PrincipalComponent,coi,c1i,a1i,c2i,a2i
1,0.8728218905598449,1.6087674815837967,91.66750116600507,0.0,224.72646212197876
2,0.00254598395306785,0.0013794506785444994,45.58756971649193,0.0021464628118567676,229.65539304967632
