PrincipalComponent,coi,c1i,a1i,c2i,a2i
1,0.8934805368705957,1.5760548187254382,92.34866530987794,7.039887513095057e-17,223.0201885685927
2,0.03172362378600753,0.07782967221225867,45.24683327610747,0.0697864613594179,229.15411160209175
