PrincipalComponent,coi,c1i,a1i,c2i,a2i
1,0.8976841202553204,1.6183487810137995,93.15341597861577,4.834486054487433e-17,222.9634361710717
2,0.024744500766933856,0.02531706010461544,45.2617067594624,0.05196113921143912,229.36077260969086
