PrincipalComponent,coi,c1i,a1i,c2i,a2i
1,0.8862656926681008,1.6443157403014055,91.53169464803739,6.043204313009096e-17,224.1982708421212
2,0.002549399372588669,0.000773053236531906,45.376220770275886,0.0020965557190698886,229.40901282951174
