PrincipalComponent,coi,c1i,a1i,c2i,a2i
1,0.895650348462194,1.5666018554644747,90.52413185497872,0.0074904953448008,223.0067631942821
2,0.025684270065968802,0.10988708743704464,44.99372860949596,0.06874709153105059,228.69256314839268
