PrincipalComponent,coi,c1i,a1i,c2i,a2i
1,0.8982919691024667,1.6517183003178275,92.53701834963304,1.3441260244023816e-16,223.7000405406713
2,0.008454897255511132,0.004563383702598028,45.39120104774449,0.01424566019549985,229.4527470265493
