PrincipalComponent,coi,c1i,a1i,c2i,a2i
1,0.9117504777967212,1.6541826099293893,93.44953551521064,0.0,222.77626571121303
2,0.0173761871234168,0.01842963017516673,45.19293434312802,0.035767826535705476,229.34714483148093
