PrincipalComponent,coi,c1i,a1i,c2i,a2i
1,0.8724702357609658,1.4811432225563708,86.08505797625418,0.052228439609517216,222.99682052927486
2,0.02824417539719507,0.14259596061595461,44.363197176785036,0.0915560756937155,227.64535375886615
