PrincipalComponent,coi,c1i,a1i,c2i,a2i
1,0.9070787657344616,1.617817755758849,92.23372547249234,0.0,222.67805837528581
2,0.028324238940130617,0.051694178097356526,45.06429356711434,0.06687273100985665,229.00531282065657
