PrincipalComponent,coi,c1i,a1i,c2i,a2i
1,0.44063561577481164,0.8140918629318793,91.72283412147834,0.0,236.57744103072687
