PrincipalComponent,coi,c1i,a1i,c2i,a2i
1,0.9225118492567684,1.6262096452567683,89.714367513255,8.772992947244499e-17,222.47854826777453
2,0.015591230683723221,0.09641307016707824,44.64892354208789,0.06127235754869659,228.2887962810201
