PrincipalComponent,coi,c1i,a1i,c2i,a2i
1,0.4672874318339636,0.8532317995494928,94.11128705436863,9.892250378528318e-18,235.34186612393734
