PrincipalComponent,coi,c1i,a1i,c2i,a2i
1,0.9534686974777854,1.7100070321688394,94.04729003876183,0.0,221.71705909664135
2,0.012183658869421448,0.0282564646538699,44.97144195415338,0.026976419481194502,229.0806573876952
