PrincipalComponent,coi,c1i,a1i,c2i,a2i
1,0.9532322433060031,1.7287946705933732,95.2390230579342,0.0,222.0527407447506
2,0.004764512243216318,0.005709697849797746,45.44584537332579,0.006284676677293775,229.52965918371427
