PrincipalComponent,coi,c1i,a1i,c2i,a2i
1,0.9415631535615325,1.6738899610071645,92.06758397441996,6.470412973809097e-17,221.9523234605723
2,0.015774294704524867,0.057285907928359636,44.80266619488619,0.04886233419120938,228.68203500946422
