PrincipalComponent,coi,c1i,a1i,c2i,a2i
1,0.4914789203171373,0.8856799161651836,96.38251691515988,0.0,234.38877297286783
