PrincipalComponent,coi,c1i,a1i,c2i,a2i
1,0.9763772567318761,1.7453617985015393,93.16175269893294,9.83629032574067e-17,221.43808054907518
2,0.008670295183381305,0.03129390503987268,44.61789457878437,0.028302931381869435,228.7077358493047
