PrincipalComponent,coi,c1i,a1i,c2i,a2i
1,0.9573178335302105,1.704049792387746,90.50012311101324,0.0,221.89447739025937
2,0.01113082787337339,0.052688876924621195,44.36112841664273,0.05251055169795212,228.2270068708292
