PrincipalComponent,coi,c1i,a1i,c2i,a2i
1,0.9868991964234893,1.7718558579940666,95.17755607859404,1.3285696650290716e-16,221.46262129985084
2,0.004859195233666606,0.011103751996442507,45.164060556538615,0.009494664460634024,229.23585575559608
