PrincipalComponent,coi,c1i,a1i,c2i,a2i
1,0.9110342708430987,1.678819359965349,92.68323477855971,0.0,223.3559270367203
2,0.004468962064166704,0.0020997126631360314,45.339063452236516,0.006154149402804368,229.38100818561992
