PrincipalComponent,coi,c1i,a1i,c2i,a2i
1,0.44834181580653837,0.8326466538741615,91.46515190650703,4.104977733850188e-17,235.87001302428095
