PrincipalComponent,coi,c1i,a1i,c2i,a2i
1,0.9241639337336898,1.6568706507088415,92.42827053310974,2.1189902976393093e-17,222.2954375179568
2,0.020038013617183652,0.04396802134025895,44.928693733515395,0.050272752909982905,228.91118359375392
