PrincipalComponent,coi,c1i,a1i,c2i,a2i
1,0.4966815131556145,0.9111995837138728,89.99237827804436,4.764559242529454e-17,233.94801649221307
