PrincipalComponent,coi,c1i,a1i,c2i,a2i
1,0.975962186756287,1.8114603156158653,87.65800922860329,7.572625691660636e-17,222.55119588145143
2,0.002272406686665891,0.005137312552839242,43.81429503071232,0.005903019518823521,227.68341187670717
