PrincipalComponent,coi,c1i,a1i,c2i,a2i
1,0.5016462230558626,0.9037969888970558,93.9652347315065,0.0,234.13895732472852
