PrincipalComponent,coi,c1i,a1i,c2i,a2i
1,0.48248833038497385,0.9095199346617389,85.51163961314055,9.811604660907028e-18,233.40517873389098
