PrincipalComponent,coi,c1i,a1i,c2i,a2i
1,0.9631506041799478,0.732835997812551,66.3408792837358,0.6347182672562512,218.1663507859398
2,0.15886314844872648,0.0662242214013014,38.19788588176206,0.28124078705922856,221.2938338291557
