PrincipalComponent,coi,c1i,a1i,c2i,a2i
1,0.8772015466904068,0.745250678295536,75.15579744838567,0.4640138109169831,215.84337435332498
2,0.19472081165491675,0.22282745992249145,38.00894969265848,0.4373226751352309,221.7207513314555
