PrincipalComponent,coi,c1i,a1i,c2i,a2i
1,0.9544616296311831,0.7974307836355448,95.17370575760013,0.4284638361744317,215.91264583393422
2,0.20919926046349283,0.19141311316425455,46.20587515815573,0.28944993385073825,227.03795216558373
