PrincipalComponent,coi,c1i,a1i,c2i,a2i
1,0.9601070963147176,0.7199737728768353,68.01746287690644,0.6339799337548193,217.96595019997065
2,0.1625841117644244,0.08523927585984871,38.59785921582712,0.2794934732930579,221.59927716829046
