PrincipalComponent,coi,c1i,a1i,c2i,a2i
1,0.856758045219777,0.7395596501539321,69.86496857140699,0.3874282718559764,220.93568518701468
2,0.16221092104189652,0.2807186985184137,43.47317918435504,0.37371301056202016,222.92144462158015
