PrincipalComponent,coi,c1i,a1i,c2i,a2i
1,0.9577544355699775,0.7225306419171806,78.23886422362266,0.5741653447730403,217.38226126205706
2,0.18195211995092764,0.14364024253421478,41.490107677259985,0.2719716461185531,223.74474687181842
