PrincipalComponent,coi,c1i,a1i,c2i,a2i
1,0.9170386951705438,0.7615203637120505,89.49804879156002,0.4264905023469269,214.67946974500384
2,0.21747207066482954,0.20875562313208992,41.191611700005794,0.4094586152607515,224.6749751088768
