PrincipalComponent,coi,c1i,a1i,c2i,a2i
1,0.9229773944385161,0.6805687326656404,74.25356330006885,0.46060920973898184,217.47746877733192
2,0.19253824241495102,0.23018145345837415,39.1405115288613,0.43657312128477316,222.3046780210718
