PrincipalComponent,coi,c1i,a1i,c2i,a2i
1,0.941201388578242,0.8431010467455021,97.61459431258264,0.3410253514098365,216.48225537548038
2,0.22761140307372305,0.20126980435690783,44.84093254246785,0.3531587432583161,227.46338436448588
