PrincipalComponent,coi,c1i,a1i,c2i,a2i
1,0.9528129004522581,0.8560327983173905,99.54081833454453,0.34355025895715524,216.71099265311923
2,0.21981147556633726,0.19932767707155355,46.99730465617563,0.31253650162882557,228.13640749679254
