PrincipalComponent,coi,c1i,a1i,c2i,a2i
1,0.908959720781531,0.6666907244779764,74.4989612015484,0.4387513430780837,219.4843959190632
2,0.18249562823113105,0.23438112813827056,42.34475247980027,0.41996183712872354,223.2813183501284
