PrincipalComponent,coi,c1i,a1i,c2i,a2i
1,0.9605116583683748,0.7242750964539537,71.25093779694058,0.6123299317683462,217.9471406932024
2,0.1671640745988386,0.10687618740465334,39.50695910884015,0.27508706425770196,222.33481001356733
