PrincipalComponent,coi,c1i,a1i,c2i,a2i
1,0.9285086507496638,0.7866356515205033,93.78691560467506,0.3942395430451935,214.86958586691514
2,0.22617056225613932,0.2062445907184211,42.882076144202955,0.38752612267610664,225.87217720310292
