PrincipalComponent,coi,c1i,a1i,c2i,a2i
1,0.9580017022428908,0.7549227303076991,87.27950031908875,0.5040452511633116,216.68698145074723
2,0.1952830280779874,0.17413962491488927,44.141928598387786,0.27432471011300774,225.6128083045659
