PrincipalComponent,coi,c1i,a1i,c2i,a2i
1,0.9374982991769529,0.8223427735348555,96.65200044264377,0.3597111400100108,215.87285540532142
2,0.22839346849226203,0.20192730297759307,44.15479457950682,0.3656228041026226,226.97137259603682
