PrincipalComponent,coi,c1i,a1i,c2i,a2i
1,0.8731425820045864,0.5407316775078995,74.5580111935765,0.6551598279277526,218.20004019963523
2,0.2605407974246774,0.288838274064943,46.802489333539775,0.40033423528272283,222.6451996542614
