PrincipalComponent,coi,c1i,a1i,c2i,a2i
1,0.8065045039076293,0.5939172624459974,60.13461772562275,0.5471637158718066,221.7307509745039
2,0.1922629490799866,0.37898160361771716,47.45393089850941,0.3555988965925797,221.4134536262525
