PrincipalComponent,coi,c1i,a1i,c2i,a2i
1,0.8968506782459028,0.5635938605487159,58.887484480106885,0.7818669845280257,217.80494599192718
2,0.19920937677724537,0.19104912043596683,39.35992445224704,0.2956280788877557,219.43862083108007
