PrincipalComponent,coi,c1i,a1i,c2i,a2i
1,0.8628175819294973,0.5869040180228369,72.61268750601249,0.44268370820392033,224.8884806775111
2,0.22625865639275103,0.3456816850093681,51.592104275276114,0.3491362924569206,225.0642746549144
