PrincipalComponent,coi,c1i,a1i,c2i,a2i
1,0.8106389386008379,0.5428369317978126,55.16576981190558,0.6965975870273668,215.82004289377855
2,0.21994325778336007,0.29750030728242866,38.13506716757314,0.46571331074204586,217.25762602031662
