PrincipalComponent,coi,c1i,a1i,c2i,a2i
1,0.8585545524235472,0.5206230875847943,68.52509381409931,0.687837524211693,217.18492118493447
2,0.24900248606029415,0.2873755572515996,43.70728999428806,0.4288364198877545,220.7615435105509
