PrincipalComponent,coi,c1i,a1i,c2i,a2i
1,0.9000238289733601,0.5969102933101867,55.46761221590936,0.7810953329074936,217.2765666883884
2,0.1892571325461359,0.14020355785904212,36.89150435280641,0.3088120628771295,218.3754836572533
