PrincipalComponent,coi,c1i,a1i,c2i,a2i
1,0.8946669828709016,0.5338646927891368,63.53738747502833,0.7747434227499451,218.45055837952327
2,0.21660640554510255,0.23290647025371436,42.90270496006691,0.2846196648695389,220.88127459315285
