PrincipalComponent,coi,c1i,a1i,c2i,a2i
1,0.8967790603284771,0.5732538617271723,56.5044954213275,0.7896924222059298,217.39643034380498
2,0.19351641547109708,0.16461014248192676,37.75779132772979,0.3039800100030136,218.68250350469495
