PrincipalComponent,coi,c1i,a1i,c2i,a2i
1,0.8918011640456777,0.5164332080351519,71.67241669261333,0.7347474090792175,219.11108792702933
2,0.2451021612206259,0.2803227509173342,48.80497447103665,0.29775307861886713,222.99829030104004
