PrincipalComponent,coi,c1i,a1i,c2i,a2i
1,0.875842766418985,0.6671097243144443,82.97259887246764,0.4020939429613413,225.27806330321624
2,0.22356805334585705,0.3394265518902955,54.180993490892526,0.3854667798762536,227.32855219706803
