PrincipalComponent,coi,c1i,a1i,c2i,a2i
1,0.8008549599282363,0.572310781421133,58.791688716194464,0.5149571152332647,221.12947640232528
2,0.21121547931055523,0.32244415979507424,43.96275269877558,0.398237563831672,220.49993013931999
