PrincipalComponent,coi,c1i,a1i,c2i,a2i
1,0.8851553827989892,0.6351385823290551,77.1105266130636,0.4759946265832379,221.01463631043302
2,0.22872929219796523,0.3160453092866769,45.89864894060886,0.43747532850567206,223.9986160700167
