PrincipalComponent,coi,c1i,a1i,c2i,a2i
1,0.8952425878349249,0.5245860611722025,68.55666300019298,0.7518300998702305,218.98761614235934
2,0.23135410181223978,0.2642719970287847,46.57849442814111,0.2834634821931794,222.34323163171933
