PrincipalComponent,coi,c1i,a1i,c2i,a2i
1,0.8800147210169285,0.5445550753147793,75.02865419473383,0.6580563396326339,218.6791537496421
2,0.2621011857254805,0.2851807588379329,47.097369286840674,0.3791883519193449,223.08725172359973
