PrincipalComponent,coi,c1i,a1i,c2i,a2i
1,0.8912082496810985,0.5371890155136843,74.1950629670038,0.6914417592177771,219.44844618914848
2,0.2544976487221995,0.28616133456511866,49.13509486819009,0.3229359358515926,223.51666235568987
