PrincipalComponent,coi,c1i,a1i,c2i,a2i
1,0.8821522923803615,0.5488786146148961,74.7398439874167,0.6591047953670062,218.90419074330538
2,0.2611009507267593,0.2846805531150027,47.16103666496328,0.3673989738989197,223.20290150499582
