PrincipalComponent,coi,c1i,a1i,c2i,a2i
1,1.0030178087061574,0.9536561874751688,100.0,0.28103743830739675,211.77264946061783
2,0.18168337082514865,0.13837995749450552,43.032578087399614,0.280783640375612,226.9916580191139
