PrincipalComponent,coi,c1i,a1i,c2i,a2i
1,0.9932309996141605,0.9335049690486588,100.0,0.28553791057497224,212.0128967766916
2,0.19182190778371305,0.15097518703416968,42.169964641422474,0.30747896699435107,226.91900944780528
