PrincipalComponent,coi,c1i,a1i,c2i,a2i
1,0.9679158299356377,0.856289834515197,93.93619876137019,0.36519199732218727,210.89019721783728
2,0.18668440437821046,0.1623002376146645,39.58337707071449,0.3560558452397703,224.9081116013559
