PrincipalComponent,coi,c1i,a1i,c2i,a2i
1,0.8977258162607075,0.7170095320734656,65.90707748742513,0.3914033817067517,218.87101234007798
2,0.15189584858286764,0.18503733776351786,38.60970594587206,0.37317647202196685,221.2079782779919
