PrincipalComponent,coi,c1i,a1i,c2i,a2i
1,1.009132129106977,0.9478255157874886,100.0,0.30235233082175766,211.19609715628943
2,0.17049892744682382,0.12963935361947673,43.10079544110448,0.25888722380921075,226.96822461741516
