PrincipalComponent,coi,c1i,a1i,c2i,a2i
1,1.0294575085228435,1.0461753469520223,100.0,0.22800707136018658,216.37860222983798
2,0.14632924926905563,0.09137979256782486,44.31524380510109,0.231028967859866,228.74360958779346
