PrincipalComponent,coi,c1i,a1i,c2i,a2i
1,0.9565377803012203,0.7311209617775369,77.0322304151256,0.403304195562646,217.9531443085771
2,0.15533638747451442,0.181295012501028,40.54623387390829,0.38336135645624964,223.4869396241027
