PrincipalComponent,coi,c1i,a1i,c2i,a2i
1,1.0446118691093895,1.03790063495128,91.59989891215848,0.280784044920185,220.22072188995708
2,0.12542357742410165,0.02777980966670903,43.62113476803786,0.23531422072373756,228.07337316626274
