PrincipalComponent,coi,c1i,a1i,c2i,a2i
1,0.9051917829400987,0.7951213489334236,71.92718074291918,0.3595260740174078,219.26883631529074
2,0.13349934263882032,0.22533956033113917,40.78568108352386,0.34386288146016886,222.78332790623512
