PrincipalComponent,coi,c1i,a1i,c2i,a2i
1,1.0418192511242916,1.0593658357636921,95.02991649655802,0.24538363425302878,219.76565889012883
2,0.12893143629212078,0.04335811755145682,44.127836358798966,0.23389449268081342,228.70916992973832
