PrincipalComponent,coi,c1i,a1i,c2i,a2i
1,0.9740633115789915,0.7613532640116129,78.79075647146519,0.4095757202906368,216.14533898802324
2,0.16590936371479803,0.18132768779147027,38.75671579350081,0.3866558196387503,223.161647607755
