PrincipalComponent,coi,c1i,a1i,c2i,a2i
1,0.9798513130925358,0.8818176054570863,97.74403767814226,0.33286470899276827,210.587528668532
2,0.19363988259182846,0.15871458396994523,40.71635750455037,0.3367092003624333,225.80367175035536
