PrincipalComponent,coi,c1i,a1i,c2i,a2i
1,0.9531275707257595,0.6981779200144448,73.79817310511237,0.3666043510149533,219.2627914504397
2,0.1560161265269231,0.19733747653052577,40.72783060171785,0.34985562849102425,223.15404467639613
