PrincipalComponent,coi,c1i,a1i,c2i,a2i
1,1.0199411704370167,0.9923878655123015,100.0,0.2705068516443118,213.47130923499282
2,0.15760651262602324,0.11587072866809614,43.69524778165578,0.23930931758191598,227.79908537363363
