PrincipalComponent,coi,c1i,a1i,c2i,a2i
1,0.9897508089571435,0.9171623051907905,100.0,0.2988842375386726,211.4315309197029
2,0.19371302769944948,0.15370930957210888,41.747688204748506,0.3169210780529393,226.68170948588894
