PrincipalComponent,coi,c1i,a1i,c2i,a2i
1,1.041455059380242,1.113641394865868,100.0,0.17356202492168515,219.39028153822068
2,0.1333141528140234,0.0615564282825191,45.07621660798032,0.22987951242684684,229.73225176712378
