PrincipalComponent,coi,c1i,a1i,c2i,a2i
1,0.9304659942936201,0.8347889847358851,80.64351102115741,0.4048047642998404,213.95872564747302
2,0.16819682138636136,0.17611467768018071,37.764458078064365,0.380271850886037,222.73725474496885
