PrincipalComponent,coi,c1i,a1i,c2i,a2i
1,1.1021757966278614,1.1086914188591037,99.99999999999999,0.21422404121117977,208.14437905160545
2,0.09937005632023502,0.07239867520002541,41.79765727153456,0.18241566694289305,226.43413373676734
