PrincipalComponent,coi,c1i,a1i,c2i,a2i
1,1.1260746744774681,1.2485210095443855,100.0,0.10107229276459785,216.3531607927691
2,0.06717668103387056,0.011186573480146612,44.39534720319057,0.1531767823629936,229.03564175576702
