PrincipalComponent,coi,c1i,a1i,c2i,a2i
1,0.9961317334560241,0.9303176256127732,78.26030477640055,0.27431896414723844,219.13364579621873
2,0.0824901134214666,0.17522727345722408,41.03623518059368,0.26771556291291987,224.39037863874114
