PrincipalComponent,coi,c1i,a1i,c2i,a2i
1,0.9958545479934403,0.8342995959488889,73.00571662259404,0.3126388538826291,219.23146931466232
2,0.09573320645455725,0.14350815740002043,39.66447878151167,0.29900513948596474,223.17882483129765
