PrincipalComponent,coi,c1i,a1i,c2i,a2i
1,1.123649209165014,1.2427950542280692,100.0,0.10498070236607004,215.58043441341667
2,0.07004321305581077,0.021569842398208406,44.12087633867641,0.15314915901783485,228.77849111730916
