PrincipalComponent,coi,c1i,a1i,c2i,a2i
1,1.0224563477419761,1.0339994322714263,90.28344186516296,0.2672538552663645,213.33815948250702
2,0.11909478474913957,0.13123714996592564,40.5747094393061,0.2747060946480975,225.38330586776902
