PrincipalComponent,coi,c1i,a1i,c2i,a2i
1,1.1108651399219682,1.1494321914661185,100.0,0.18225100741779535,210.33446791319756
2,0.08841471734370865,0.059822814031437015,42.476640949963866,0.16619862126656468,227.1372479310286
