PrincipalComponent,coi,c1i,a1i,c2i,a2i
1,1.079567055891408,1.1159289822271174,100.0,0.18181997912574685,208.86358750470666
2,0.12569333601752572,0.0895102194386314,41.5198732076604,0.22763467266374482,226.5119876066581
