PrincipalComponent,coi,c1i,a1i,c2i,a2i
1,1.1167872150101126,1.1940241344620541,100.0,0.14419444459611933,212.93871507035882
2,0.07969284304016537,0.04079276740558247,43.29799909670527,0.1583720682487796,227.94780479475477
