PrincipalComponent,coi,c1i,a1i,c2i,a2i
1,1.1299024885282876,1.2642192688913145,100.0,0.08694383716565088,217.2609010978695
2,0.06469837851098281,0.0033126753139338166,44.682480968608736,0.15117724983938016,229.323914947749
