PrincipalComponent,coi,c1i,a1i,c2i,a2i
1,1.0506893453634396,0.8850134136867662,85.23392020726557,0.2992947006507676,217.1907961091149
2,0.09689630802874509,0.14354508303550925,41.45933688815537,0.29473468334524044,225.47122881680272
