PrincipalComponent,coi,c1i,a1i,c2i,a2i
1,1.0643076904086055,1.078226091572929,100.0,0.21272960689281875,207.58781974482338
2,0.13241724541191988,0.1027222202966099,40.91271928093663,0.24931600755449143,226.07406681646356
