PrincipalComponent,coi,c1i,a1i,c2i,a2i
1,1.0493971758286502,0.8256084485444914,80.76529909203136,0.2813548904131628,218.77641425933058
2,0.09570838227568666,0.15893024433212324,41.11392316414068,0.27367874818544285,224.86750392526014
