PrincipalComponent,coi,c1i,a1i,c2i,a2i
1,1.0738806445439673,1.1022208278562151,100.0,0.19327597947904498,208.2958313391144
2,0.12924802304753397,0.09288587588144484,41.24471317052119,0.23564261674615194,226.32533141259873
