PrincipalComponent,coi,c1i,a1i,c2i,a2i
1,1.0964163516067797,1.1132588010588347,100.0,0.19784134283085592,208.68912487863835
2,0.11040743747248233,0.08064024323833902,41.82522725493398,0.20135801998122885,226.53649796164243
