PrincipalComponent,coi,c1i,a1i,c2i,a2i
1,1.0556203043334476,1.0682899361023661,100.0,0.22340840782705032,208.20357498415942
2,0.12860486798663717,0.11461173403950135,40.91577136738395,0.2583715700840556,226.200392859374
