PrincipalComponent,coi,c1i,a1i,c2i,a2i
1,1.0706176229940834,0.9367845388760463,88.0323129017768,0.2887872665925034,215.3039143283983
2,0.10792832113555766,0.14251986781360432,40.6720187028387,0.2883660243366183,225.47371212281084
