PrincipalComponent,coi,c1i,a1i,c2i,a2i
1,1.130302588134629,1.240687019244747,100.0,0.15766922995828467,205.83511333561725
2,0.08595178788358086,0.05490777204337312,41.22839644802155,0.166572597639064,225.7334555515158
