PrincipalComponent,coi,c1i,a1i,c2i,a2i
1,1.1363988669288747,1.2504490646102298,100.0,0.14943799934258217,206.4186962698726
2,0.0819830574554868,0.05280073567316828,41.47574708193713,0.1586137669449568,225.90786612642918
