PrincipalComponent,coi,c1i,a1i,c2i,a2i
1,1.1648887769333685,1.3355286193639,100.0,0.09291522154914887,212.7293968411234
2,0.036301970382842275,0.001862347952233959,43.5049995424832,0.08910951383979988,227.90827427558068
