PrincipalComponent,coi,c1i,a1i,c2i,a2i
1,1.1507217359407245,1.2451825797350125,100.0,0.16413138487188053,206.1243383972557
2,0.06890644411392954,0.0452425004533558,41.567347220735584,0.13554254898173904,225.86694996933363
