PrincipalComponent,coi,c1i,a1i,c2i,a2i
1,1.0508299559651202,1.0730511036925985,82.48144703481107,0.20844149936719064,218.9507538653935
2,0.04982730736271204,0.13742514665574967,41.6632400130855,0.21449022760539105,225.39986961726726
