PrincipalComponent,coi,c1i,a1i,c2i,a2i
1,1.1539793308268929,1.2356725421153378,100.0,0.18159508877538671,205.46254551401316
2,0.060150373552917545,0.03907115732419494,41.4777144552646,0.1192398978011575,225.7015116460865
