PrincipalComponent,coi,c1i,a1i,c2i,a2i
1,1.1019008703473236,1.256783097685598,100.0,0.13681224373132767,205.7016180543307
2,0.09176972455134477,0.06535678779384192,41.044890211902285,0.19856879120632445,225.6502389223971
