PrincipalComponent,coi,c1i,a1i,c2i,a2i
1,1.081589520270655,1.2442056280666323,97.27283459988558,0.1421716328130797,211.45668378031945
2,0.08181549428353252,0.10229236848718663,42.06894274988256,0.1955399758048705,226.64925929017383
