PrincipalComponent,coi,c1i,a1i,c2i,a2i
1,1.051077285184746,0.9620742204635362,77.44427838120895,0.2554722534741034,219.3583266718809
2,0.0625462337896253,0.10958304567047006,40.574489591865344,0.2498036041065021,224.35047927174398
