PrincipalComponent,coi,c1i,a1i,c2i,a2i
1,1.1641341738831605,1.3390442440091617,100.0,0.08941696562677456,212.14463662165872
2,0.03851437057253769,0.006641511351118448,43.34234915532751,0.09126965825390544,227.7221240782307
