PrincipalComponent,coi,c1i,a1i,c2i,a2i
1,1.1055458898181583,1.051213531814574,91.08834443191587,0.20977625243983514,216.36601704810798
2,0.061838645773561886,0.11592513366780523,42.5121145552923,0.2295332055720138,226.71412072094972
