PrincipalComponent,coi,c1i,a1i,c2i,a2i
1,1.1172833080860312,1.2365872204867465,100.0,0.1573899548668157,205.13304813898478
2,0.09115596494652761,0.06019673957525416,40.97381493850335,0.18348308400939856,225.5075481971048
