PrincipalComponent,coi,c1i,a1i,c2i,a2i
1,1.1670124791868242,1.343363152428323,100.0,0.08466611138293567,213.4390138714611
2,0.03403957816138516,7.829657433108002e-19,43.68996779246414,0.084890256503258,228.12649105437907
