PrincipalComponent,coi,c1i,a1i,c2i,a2i
1,1.1257111305877754,1.1288880196724715,95.16300727785878,0.17646883738545197,213.82147345951125
2,0.07327832196860101,0.11804109232427244,42.16744984182165,0.2127041674110389,226.84421815076462
