PrincipalComponent,coi,c1i,a1i,c2i,a2i
1,1.161693890583709,1.3036509042759241,100.0,0.11955639745523333,209.77614066875233
2,0.04528333382684521,0.017792228830668305,42.69471705748398,0.09768086937938746,227.01439442747937
