PrincipalComponent,coi,c1i,a1i,c2i,a2i
1,1.103544370323051,0.963513489674193,85.012984956392,0.21657596998511272,218.4834614837938
2,0.06128562689231877,0.1260053977659118,41.833867764264184,0.2222137941514332,225.87595647799893
