PrincipalComponent,coi,c1i,a1i,c2i,a2i
1,1.1592949333668081,1.2698732574436138,100.0,0.15138042422497863,207.4800594566268
2,0.05167243581035689,0.03054379491501067,42.04746091176761,0.10513811921835144,226.3160252898814
