PrincipalComponent,coi,c1i,a1i,c2i,a2i
1,1.139137025732401,1.07803848087511,87.24284253417943,0.16073131820408262,218.4849875860014
2,0.03819763139977761,0.10375141084465891,42.369106209560556,0.1789233728506803,226.44863249944171
