PrincipalComponent,coi,c1i,a1i,c2i,a2i
1,1.1871036010591753,1.359157207086804,100.0,0.12018493043321546,206.17739652096546
2,0.03159670605631288,0.018958380160189792,41.78178686005315,0.05999679793189307,225.90000710749572
