PrincipalComponent,coi,c1i,a1i,c2i,a2i
1,1.168917584844594,1.344677931140511,100.0,0.12674516549686313,204.61579926541143
2,0.05703424567785271,0.03421304084305919,41.28611655110765,0.11231830966519503,225.39783085772416
