PrincipalComponent,coi,c1i,a1i,c2i,a2i
1,1.1204564060307711,1.4081554515649888,100.0,0.04782097940757834,210.04713143764337
2,0.05447338048030115,0.07904926941898328,42.64563834881967,0.13771287611940608,226.9454408782266
