PrincipalComponent,coi,c1i,a1i,c2i,a2i
1,1.1852123601369178,1.3989549808354287,100.0,0.07756596023715336,210.87393545063819
2,0.021574341906324325,0.004104796360891492,42.93714194559233,0.04435427470895989,227.284237705633
