PrincipalComponent,coi,c1i,a1i,c2i,a2i
1,1.1844501754162917,1.3450013064497623,100.0,0.13142583840462188,204.91124816998982
2,0.04381584581093681,0.02802601920935489,41.452445724350184,0.08507198587396898,225.5119221549556
