PrincipalComponent,coi,c1i,a1i,c2i,a2i
1,1.1848834226587825,1.3310849593809755,100.0,0.14918771189745997,204.19387502720545
2,0.0374101283896578,0.024518641452099376,41.28648438046099,0.07119418910282106,225.31299923921438
