PrincipalComponent,coi,c1i,a1i,c2i,a2i
1,1.1636668094957736,1.288608608783269,98.93060377805774,0.08169962427673852,213.05544023605336
2,0.04869199124788839,0.09900372400049004,43.08203839745295,0.15349611244621447,227.5684006759513
