PrincipalComponent,coi,c1i,a1i,c2i,a2i
1,1.1412747366560547,1.365151798506306,100.0,0.10524315716762002,204.42672295231142
2,0.06167817171220332,0.04413696457311724,41.17466335356264,0.14051484815392654,225.33016996779463
