PrincipalComponent,coi,c1i,a1i,c2i,a2i
1,1.1375385159985065,1.1888740802694242,94.47593598862689,0.13190794703088324,215.94257494673442
2,0.04185722088286677,0.09970340076118518,43.179440014582205,0.17605337231746881,227.41833726486666
