PrincipalComponent,coi,c1i,a1i,c2i,a2i
1,1.1862162614328757,1.4024669021605387,100.0,0.07177241800764253,211.6163772658635
2,0.020712148828125047,0.0036278754849230887,43.12335314988659,0.04093653026838188,227.50562024506092
