PrincipalComponent,coi,c1i,a1i,c2i,a2i
1,1.1858516605049578,1.4081394037137265,100.0,0.06990197974200187,210.56546569354163
2,0.022684142134184966,0.006124439570437019,42.86731337304063,0.04705322123559854,227.19132718446824
