PrincipalComponent,coi,c1i,a1i,c2i,a2i
1,1.0854209140781605,1.070860008692953,80.38927420671156,0.20187819251199238,219.40361286322502
2,0.041377306154101665,0.09120396284161839,41.22934880199221,0.2052343470128779,225.09784020306014
