PrincipalComponent,coi,c1i,a1i,c2i,a2i
1,1.186628575285134,1.3835253375054561,100.0,0.09331310401931937,208.3687577160804
2,0.027151940173119633,0.011457780173024075,42.327120250157684,0.05337662696002316,226.55094069172046
