PrincipalComponent,coi,c1i,a1i,c2i,a2i
1,1.157020097364794,1.3425390620246795,100.0,0.12689145168250995,204.00723113348963
2,0.060987775293293855,0.039217479097694664,41.11339020475325,0.12689413595128207,225.21347220869882
