PrincipalComponent,coi,c1i,a1i,c2i,a2i
1,1.173763286571843,1.355066210542606,100.0,0.11655824080576606,205.26550441428557
2,0.05395881670431935,0.0327315164527083,41.46577069285718,0.10507710828885028,225.58908147875763
