PrincipalComponent,coi,c1i,a1i,c2i,a2i
1,1.0826276523453093,1.1888877250787684,84.69670245520552,0.15298848652873043,218.88857840310754
2,0.031396899007837244,0.1130574989789559,42.07359066580292,0.17053320905506392,225.93585311370552
