PrincipalComponent,coi,c1i,a1i,c2i,a2i
1,1.2049087935956382,1.4367238571765542,100.0,0.07502358628538706,209.75261446846767
2,0.015751386580363257,0.0102360044524383,42.575195596170374,0.014561714303924273,226.89557386460513
