PrincipalComponent,coi,c1i,a1i,c2i,a2i
1,1.1927882386777067,1.4148769479069543,100.0,0.11916472708934406,201.9613947214298
2,0.041446675085634696,0.026082389174420458,40.657304930305315,0.08671227015941593,224.59720469477992
