PrincipalComponent,coi,c1i,a1i,c2i,a2i
1,1.209120694880406,1.4356473350031926,100.0,0.08509824591236932,206.69167384675234
2,0.019173626689248057,0.009538442873922803,41.7925551770036,0.026713605828593754,225.98789363640992
