PrincipalComponent,coi,c1i,a1i,c2i,a2i
1,1.1697295166637804,1.3090950375695942,97.31170464614091,0.06783374205550133,215.19223039989853
2,0.028872271828618363,0.0849424754771011,43.53356666702834,0.13663864980924942,227.86063630492885
