PrincipalComponent,coi,c1i,a1i,c2i,a2i
1,1.212053675928954,1.3947952957386711,100.0,0.13751020763912228,202.56498927613393
2,0.025407252362441516,0.01707544873083824,40.83363536404944,0.03983638468787231,224.79138984565017
