PrincipalComponent,coi,c1i,a1i,c2i,a2i
1,1.2045118643483845,1.437486328439109,100.0,0.07805631017399614,209.0686479699334
2,0.015724776814466872,0.00946405971658272,42.39758808647605,0.01755457839722907,226.6950474614385
