PrincipalComponent,coi,c1i,a1i,c2i,a2i
1,1.2072701245745898,1.425420944976109,100.0,0.1065965513659558,203.4343692376463
2,0.036292716496973736,0.020945969525150626,41.00947287840546,0.0685715969701569,225.02125825624572
