PrincipalComponent,coi,c1i,a1i,c2i,a2i
1,1.1507444267804812,1.5240457334566953,100.0,0.0,208.1198913942873
2,0.03893009094757493,0.05044602011340265,42.2112729545449,0.10672851821739668,226.37534601544658
