PrincipalComponent,coi,c1i,a1i,c2i,a2i
1,1.1956888764409135,1.4124752229272755,100.0,0.022775264976983248,211.6806083208711
2,0.032353149891376644,0.076257183329399,42.9872932956694,0.11658716279412623,227.40091735270207
