PrincipalComponent,coi,c1i,a1i,c2i,a2i
1,1.203289308593157,1.415996536829318,100.0,0.11712025280195298,202.74343006514712
2,0.0386695027667108,0.021843157103906406,40.84388998549651,0.07468595788160487,224.82250032706938
