PrincipalComponent,coi,c1i,a1i,c2i,a2i
1,1.2116971239000602,1.4173354991663742,100.0,0.11000078245048886,204.6024392529723
2,0.02199779344882916,0.013575076891502547,41.304487077900525,0.03174376650242312,225.3844436901802
