PrincipalComponent,coi,c1i,a1i,c2i,a2i
1,1.2145938015971462,1.4114189469451965,100.0,0.12071413472333956,203.20039309795223
2,0.0294825091896072,0.018203311586492573,40.979902647544066,0.05172169744405734,224.9605380255699
