PrincipalComponent,coi,c1i,a1i,c2i,a2i
1,1.1720250455674817,1.1701066154928872,88.99142537578305,0.12122009031513294,218.16537135621735
2,0.024580623041486626,0.0855541518343849,42.56378238348082,0.1503747557370971,226.76888555039008
