PrincipalComponent,coi,c1i,a1i,c2i,a2i
1,1.1130653298846969,1.2828389314957247,86.52053181975481,0.11276284901394562,218.575303306919
2,0.020940624499962278,0.09372241157544427,42.24858837917766,0.14081893941717905,226.27174143925836
