PrincipalComponent,coi,c1i,a1i,c2i,a2i
1,1.2060561793658828,1.4512228767201714,100.0,0.06714836747033993,208.84500179588133
2,0.01641751974969443,0.008897586829629635,42.32545542983972,0.0207057482860254,226.62094992820528
