PrincipalComponent,coi,c1i,a1i,c2i,a2i
1,1.1774666671203724,1.4395214617679648,100.0,0.0980297024145764,202.3059252817023
2,0.04190636801560284,0.029452950847756627,40.739485338879796,0.0992157793705264,224.70271727740686
