PrincipalComponent,coi,c1i,a1i,c2i,a2i
1,1.1204857341064514,1.1608948034490978,82.75954344478538,0.16243777369461615,219.17179893814736
2,0.026363465158060054,0.0756729141855931,41.61691315216811,0.17452548718460117,225.5957776313325
