PrincipalComponent,coi,c1i,a1i,c2i,a2i
1,1.2285030625367308,1.4657512009602682,100.0,0.13138622428086302,200.47288772671163
2,0.02205294202178053,0.011061248564343009,40.21887214633838,0.01517492946768196,224.1198863147368
