PrincipalComponent,coi,c1i,a1i,c2i,a2i
1,1.2151589669845875,1.506619579050452,100.0,0.0620955262464805,206.8432178870949
2,0.018821913141840556,0.012401392379712661,41.754308059162,0.004173242898179794,225.97322457305043
