PrincipalComponent,coi,c1i,a1i,c2i,a2i
1,1.212899647050564,1.4858051099771918,100.0,0.07263123019191552,207.6264812482583
2,0.01837494658208271,0.017212672197550433,42.05255466151668,0.0,226.2336887519657
