PrincipalComponent,coi,c1i,a1i,c2i,a2i
1,1.1791058497321423,1.6136577489311064,100.0,0.0,205.2181345051653
2,0.02946919592842599,0.020377070127275312,41.48860019919939,0.07848913668567813,225.48469746743567
