PrincipalComponent,coi,c1i,a1i,c2i,a2i
1,1.1954004917596732,1.2920293782498726,91.6059030311262,0.07093374849721941,217.54446171075463
2,0.018159751792269817,0.06955047068241467,42.89461123774342,0.11779506266301376,227.1698806071777
