PrincipalComponent,coi,c1i,a1i,c2i,a2i
1,1.2131165967714428,1.4889275422666004,100.0,0.07522860526663235,206.77242063303734
2,0.017993576165623058,0.015428520738509414,41.73291537047115,0.0011652897933478244,225.96027646436644
