PrincipalComponent,coi,c1i,a1i,c2i,a2i
1,1.2275795114564747,1.4924919747763903,100.0,0.11886701076805763,200.1701605765452
2,0.027886635764940944,0.012622872988905324,40.1666003618788,0.038404834337244315,224.01909777756867
