PrincipalComponent,coi,c1i,a1i,c2i,a2i
1,1.2201874044037615,1.5275503311756646,100.0,0.0,209.4129914084456
2,0.03182046454705638,0.02181317983981838,42.446857028927774,0.10671782145901493,226.69240659280192
