PrincipalComponent,coi,c1i,a1i,c2i,a2i
1,1.2189858140871808,1.4925232928711238,100.0,0.12374208441748383,199.1801224782677
2,0.02891522986542063,0.015952438151319866,39.95836047269228,0.04673394432229765,223.74888167597416
