PrincipalComponent,coi,c1i,a1i,c2i,a2i
1,1.1470542775329087,1.2822376869406418,86.11064489497082,0.1111291037973458,218.70581761810757
2,0.01734566149123725,0.06306768896081917,42.14118240517249,0.13822528051314037,226.21950521297532
