PrincipalComponent,coi,c1i,a1i,c2i,a2i
1,1.1380011670371997,1.41308225655957,89.74469872380223,0.05455291341303212,217.88708061995666
2,0.013777365140244406,0.08035270609600301,42.65372739753123,0.10243608200243348,226.78363969471795
