PrincipalComponent,coi,c1i,a1i,c2i,a2i
1,1.2334852841453572,1.4858569931556431,100.0,0.11620612424676129,201.0699305211616
2,0.023766441124680286,0.01101027096188739,40.34971367528628,0.022404908492682667,224.2789302717532
