PrincipalComponent,coi,c1i,a1i,c2i,a2i
1,1.1947743275336278,1.4587463708422164,100.0,0.0,213.62191058841466
2,0.02213481638298341,0.060722272671878276,43.63037411589167,0.10009941518145403,227.98261263930382
