PrincipalComponent,coi,c1i,a1i,c2i,a2i
1,1.2251287962302173,1.4875131558151433,100.0,0.09926102758831144,202.74555723057418
2,0.02085336761437785,0.009882179018495406,40.755282812730805,0.010849454968105705,224.781928230621
