PrincipalComponent,coi,c1i,a1i,c2i,a2i
1,1.2203134177780566,1.499160166043215,100.0,0.0764554762181094,204.48761915573158
2,0.019843783612537386,0.00916943287974385,41.13599439993127,0.008288507554613321,225.2939380915251
