PrincipalComponent,coi,c1i,a1i,c2i,a2i
1,1.2310892130258952,1.4952173166553677,100.0,0.10471357815876145,202.04251000528936
2,0.021994717628199576,0.009437502724477121,40.57328963305812,0.007342316000915913,224.56426627348011
