PrincipalComponent,coi,c1i,a1i,c2i,a2i
1,1.203140899482953,1.4828614778453333,99.97992161417446,0.0,212.87542788212457
2,0.024500257961008375,0.04213076763831458,43.425474554479685,0.10211160012618768,227.73869108149717
