PrincipalComponent,coi,c1i,a1i,c2i,a2i
1,1.1485167361247097,1.4508433514222623,90.95841144184827,0.03528369171210192,217.52549005529076
2,0.011635915236799852,0.07669516054606124,42.76591490770874,0.09100996748212432,226.94408729896097
