PrincipalComponent,coi,c1i,a1i,c2i,a2i
1,1.2385363311027318,1.5123917403429856,100.0,0.11343945337249217,200.09018799539706
2,0.025468202438839058,0.010244540921280292,40.088163899037525,0.027255056829419626,223.96576046214605
