PrincipalComponent,coi,c1i,a1i,c2i,a2i
1,1.1880803082716036,1.6356880529604902,100.0,0.0,204.12984280294444
2,0.025736469946020617,0.018392899729195614,41.1780975634422,0.06685093481690532,225.15104125781522
