PrincipalComponent,coi,c1i,a1i,c2i,a2i
1,1.2045674390727827,1.3286640496635322,92.78798960314015,0.052641666017774084,217.236886084086
2,0.017146188142159003,0.06580707053488707,43.015789297243074,0.10718708218192034,227.33045651872504
