PrincipalComponent,coi,c1i,a1i,c2i,a2i
1,1.2350979375262787,1.475143021152675,100.0,0.13628524706718112,199.7782290004421
2,0.02253314585214525,0.010104250484512424,40.015415937298286,0.010715707514610392,223.90107874109668
