PrincipalComponent,coi,c1i,a1i,c2i,a2i
1,1.225872425907204,1.5040535309132856,100.0,0.08367773650755597,203.9216096673936
2,0.021245951732088986,0.009959113772983218,40.97869564430892,0.005162084442501056,225.1015025910245
