PrincipalComponent,coi,c1i,a1i,c2i,a2i
1,1.214683733860714,1.5286464228079915,100.0,0.11520133256383625,198.31499894448555
2,0.025462142906292985,0.01695561437638343,39.73821841288017,0.04605142146922827,223.47753436211093
