PrincipalComponent,coi,c1i,a1i,c2i,a2i
1,1.2362829110314935,1.502834824201603,99.99999999999999,0.12666042963795768,199.2800655362212
2,0.0264536810320069,0.01069101373537094,39.8998969593183,0.03067987498280351,223.736072865532
