PrincipalComponent,coi,c1i,a1i,c2i,a2i
1,1.2200713449730147,1.509971658977771,100.0,0.0697283936514888,206.0115916314862
2,0.020208465517174014,0.01485512198881715,41.604229897117364,0.0009630859372653038,225.73148437256643
