PrincipalComponent,coi,c1i,a1i,c2i,a2i
1,1.1567131679409377,1.3169501321495178,87.44832394320646,0.09350043568999096,218.4093673244191
2,0.015951540128542805,0.06092935219681432,42.298143123596475,0.12687492501162004,226.4207343268882
