PrincipalComponent,coi,c1i,a1i,c2i,a2i
1,1.2405165357627692,1.4959120863616904,100.0,0.12203986513371756,200.25975852500954
2,0.023284743157518006,0.01003903961473639,40.121378820897384,0.01685028224794284,224.0238875540822
