PrincipalComponent,coi,c1i,a1i,c2i,a2i
1,1.2177621348234242,1.4863407829411404,100.0,0.08233921816556622,206.60526318539297
2,0.021015386457032586,0.017452632837692394,41.77090637282377,0.0,225.92007952789072
