PrincipalComponent,coi,c1i,a1i,c2i,a2i
1,1.2181255910946502,1.4906556666377868,100.0,0.08405099123982429,205.98010081261774
2,0.02022001874333116,0.016320912100122903,41.61319860262516,0.0,225.73639896529878
