PrincipalComponent,coi,c1i,a1i,c2i,a2i
1,1.2293120773515023,1.5513831084522913,100.0,6.268833615657744e-17,208.61447984059907
2,0.02862580719849983,0.017647905815948755,42.231526149281414,0.09484220874911001,226.4348518641836
