PrincipalComponent,coi,c1i,a1i,c2i,a2i
1,1.191012799114644,1.6828932902097495,100.0,8.166991118851044e-17,200.22947805371356
2,0.023206726895006028,0.012913648460145054,40.187839156204014,0.04852999325727734,224.01045745995347
