PrincipalComponent,coi,c1i,a1i,c2i,a2i
1,1.2222652031110397,1.499638271418095,100.0,0.10308568468542809,202.2119905817374
2,0.02234228745206618,0.020741322061752606,40.67926655107883,0.0008980216187679257,224.6220180813508
