PrincipalComponent,coi,c1i,a1i,c2i,a2i
1,1.2432061111974164,1.5040870771820594,100.0,0.16412906018142126,195.1183901809042
2,0.025275799793536856,0.008050383915376949,38.85620809249719,0.019970619748227315,222.51826945937464
