PrincipalComponent,coi,c1i,a1i,c2i,a2i
1,1.2232238476303092,1.530437313580197,100.0,0.15727586297654608,193.87488799212048
2,0.02342301150624394,0.012432935804720248,38.59445373567213,0.03124289610283169,222.17464756620345
