PrincipalComponent,coi,c1i,a1i,c2i,a2i
1,1.2398620163468104,1.4695703896470655,100.0,0.17226757063747805,195.48762640374127
2,0.02347382316380061,0.010224469180103899,38.962368029178045,0.006527702184416671,222.6475219639591
