PrincipalComponent,coi,c1i,a1i,c2i,a2i
1,1.2364912987956265,1.5025855065957638,100.0,0.17460620416780256,193.67514209636843
2,0.025123054363972913,0.010089943356741606,38.51311552705624,0.024985330033622057,222.10742272927138
