PrincipalComponent,coi,c1i,a1i,c2i,a2i
1,1.2460025296656811,1.4938685267287648,100.0,0.15740557684427484,196.3721113190935
2,0.023758620804517096,0.008976254107565702,39.1432842159831,0.010361474558617337,222.89058996454867
