PrincipalComponent,coi,c1i,a1i,c2i,a2i
1,1.16037909487913,1.5248908509209116,93.89671694376011,2.1676604446762716e-17,215.9474137140877
2,0.010888996389772292,0.0661549201893755,42.94262394112247,0.07525621773306929,227.16352232962234
