PrincipalComponent,coi,c1i,a1i,c2i,a2i
1,1.23288260215397,1.6017764656776496,100.0,0.0,205.43393600750747
2,0.025019874240744786,0.011562535985428517,41.4297013896539,0.07377553771908707,225.49966360547657
