PrincipalComponent,coi,c1i,a1i,c2i,a2i
1,1.245240799139563,1.5131705845481616,100.0,0.14993289241693616,196.22512219979404
2,0.02463702755600674,0.008129932589273414,39.09592062055021,0.017435071080584882,222.83327063565872
