PrincipalComponent,coi,c1i,a1i,c2i,a2i
1,1.228611477925571,1.496711738414633,100.0,0.11627014813511007,200.06206978627338
2,0.023254385456227225,0.013721257431513041,40.1133937897894,0.0038633498139230256,223.98989157686168
