PrincipalComponent,coi,c1i,a1i,c2i,a2i
1,1.2197393664463096,1.4721661672720838,100.0,0.1176240704172847,202.74333667667463
2,0.023056598256173205,0.0255052731483539,40.871780736920655,2.824728273016304e-20,224.7948169184844
