PrincipalComponent,coi,c1i,a1i,c2i,a2i
1,1.214713803628635,1.405160779243876,96.07215443479818,0.013055121750621816,215.65550670783267
2,0.016526697329998907,0.05967569449257531,43.28014300183916,0.08912127640749837,227.64179273353753
