PrincipalComponent,coi,c1i,a1i,c2i,a2i
1,1.167675174870937,1.3853655810341843,90.79437486340946,0.05901291746039499,217.14997105054485
2,0.015282619598842969,0.057085065356399844,42.65049747087015,0.10873210875138513,226.84731880412892
