PrincipalComponent,coi,c1i,a1i,c2i,a2i
1,1.2347396877619286,1.4898155277591352,100.0,0.13775702402353307,198.0277957665552
2,0.023606749717129175,0.011000669376255805,39.587745098745636,0.005151622669911235,223.38633115345954
