PrincipalComponent,coi,c1i,a1i,c2i,a2i
1,1.2201635218639677,1.4775588782380522,100.0,0.11939497037628599,202.07281486022382
2,0.022452504112855324,0.023061229824095718,40.71511761525053,1.607236218810328e-18,224.60919829696897
