PrincipalComponent,coi,c1i,a1i,c2i,a2i
1,1.1499684592210104,1.6266636554761251,92.28064387508776,0.0,216.09195212352725
2,0.022548911548388,0.012262023984416053,42.61349633701678,0.07373951730078188,226.78108442031598
