PrincipalComponent,coi,c1i,a1i,c2i,a2i
1,1.2078108896116062,1.6306258898337476,99.7809749965293,6.359913253344183e-17,211.23580317121696
2,0.025447247845603056,0.0007956052446064898,42.88683698170962,0.05900932450045734,227.14833996192323
