PrincipalComponent,coi,c1i,a1i,c2i,a2i
1,1.1987085638866497,1.536990706784108,100.0,0.07269563261387682,204.041674306169
2,0.02876666818248705,0.05845830320134744,41.723334150428464,3.713392440762853e-18,225.22912422103914
