PrincipalComponent,coi,c1i,a1i,c2i,a2i
1,1.2079791343533968,1.5812686227387551,100.0,0.060264039900087524,201.90791184167864
2,0.03051134873854677,0.0344402880777056,40.79253893001735,0.004853408068319315,224.5280259022383
