PrincipalComponent,coi,c1i,a1i,c2i,a2i
1,1.1931765106760999,1.760156618936809,100.0,2.216262476223757e-17,203.04292990804018
2,0.019148933972316182,0.009810982397148256,40.7575354933648,0.01771076661592401,224.75442777785554
