PrincipalComponent,coi,c1i,a1i,c2i,a2i
1,1.214005979401891,1.657418570415991,100.0,0.09748519491018691,197.1949417935
2,0.021828150850697847,0.013385541485807456,39.35429556621889,0.006769171178813584,223.0851865079185
