PrincipalComponent,coi,c1i,a1i,c2i,a2i
1,1.2352830378613566,1.6899324412211405,100.0,7.052090384737251e-17,207.35245336691204
2,0.0210710780092623,0.0038609040567287095,41.77586109602519,0.034677992123466866,226.00613593377088
