PrincipalComponent,coi,c1i,a1i,c2i,a2i
1,1.2013356810617675,1.5734685392326906,100.0,0.05277199764994237,203.58711035968037
2,0.0296294874232162,0.04600068324123646,41.386333005549254,0.0034841444268468797,225.04553036514503
