PrincipalComponent,coi,c1i,a1i,c2i,a2i
1,1.1597042787587912,1.5275744421048876,92.60811546451417,0.0,217.16561131047138
2,0.01663444363453278,0.04959112790424293,43.001637555828864,0.06951914776687304,227.2220199720207
