PrincipalComponent,coi,c1i,a1i,c2i,a2i
1,1.220955936927102,1.5756750643013393,100.0,0.10599769612434407,198.23966467781068
2,0.029619140368969652,0.02237243634411109,39.724112326248466,0.0025934131543414226,223.43286303078364
