PrincipalComponent,coi,c1i,a1i,c2i,a2i
1,1.1991841871603621,1.5470055432726577,100.0,0.07174056228396357,203.40139274820095
2,0.028861632772140666,0.05276257864909677,41.47263490598475,0.0004632854710565197,225.02421432085495
