PrincipalComponent,coi,c1i,a1i,c2i,a2i
1,1.2305859652978237,1.6219720253124505,100.0,0.10226767406995799,198.1140661991705
2,0.02677586395330584,0.013216596137444924,39.5585112556182,0.003755176932629214,223.34448617882555
