PrincipalComponent,coi,c1i,a1i,c2i,a2i
1,1.2047760585149714,1.5157400861553596,94.75106684768949,6.942826120590534e-17,215.80561752567766
2,0.0254270430782315,0.016655862069130088,43.01139786505432,0.07857456783386364,227.3336110395789
