PrincipalComponent,coi,c1i,a1i,c2i,a2i
1,1.2145629176693182,1.5856612919624369,100.0,0.07578672328456908,200.30155517080286
2,0.030917358489455864,0.026953759049118016,40.285412579300655,0.004165961288870459,224.03932178754667
