PrincipalComponent,coi,c1i,a1i,c2i,a2i
1,1.2255553443370315,1.6254221953604182,100.0,0.11419696094060948,196.9839880619333
2,0.024502223943702654,0.01394587668474774,39.309620721982306,0.0036507806340189426,223.03148524378472
