PrincipalComponent,coi,c1i,a1i,c2i,a2i
1,1.2313525393925007,1.6291718896134508,100.0,0.0872921276460128,199.0385131322864
2,0.02726462410143534,0.01385434636966332,39.80609860892749,0.0036589174410987116,223.6178267886274
