PrincipalComponent,coi,c1i,a1i,c2i,a2i
1,1.2290060652211725,1.6044214730672661,100.0,0.09224951101101542,198.94094093758372
2,0.028528524064104187,0.018354748546724843,39.82053855551268,0.002347576136668599,223.60403025150364
