PrincipalComponent,coi,c1i,a1i,c2i,a2i
1,1.1899421006006141,1.7740636342171119,97.78116658907405,1.0927948733190119e-16,208.83166156239602
2,0.019333930616023887,0.017113393156309702,41.70970971536084,0.005102466269195615,225.8589471740717
