PrincipalComponent,coi,c1i,a1i,c2i,a2i
1,1.1885451515049932,1.5777374290709332,100.0,0.0,209.4648103049891
2,0.035108841722460336,0.08792102894066216,43.5328985428907,0.007851999262793069,226.82729188097542
