PrincipalComponent,coi,c1i,a1i,c2i,a2i
1,1.2310834931859898,1.7149655853192936,97.24974725905088,2.503343795231791e-16,211.68261160171508
2,0.018906069526573862,0.008498979826777905,42.18343374776833,0.013925497454711427,226.51857176888086
