PrincipalComponent,coi,c1i,a1i,c2i,a2i
1,1.1942975498374933,1.6722181105830662,96.0119133036814,7.427836087666505e-17,214.33379378467745
2,0.025021372461356897,0.004006729200739998,42.77856379431005,0.025032293237803097,227.0945339247023
