PrincipalComponent,coi,c1i,a1i,c2i,a2i
1,1.2171852428236904,1.7335251504641405,100.0,0.0,204.06082677073167
2,0.027170627529484428,0.02266487680273078,41.06223591992116,0.0007137359620711936,225.0420801596471
