PrincipalComponent,coi,c1i,a1i,c2i,a2i
1,1.2020802794292955,1.6149263695060545,100.0,0.0,207.99781864255752
2,0.03732171247535916,0.05507727287219945,42.530514139528535,0.015170413309683871,226.28346257208656
