PrincipalComponent,coi,c1i,a1i,c2i,a2i
1,1.223443035830904,1.7143607284464173,100.0,0.0,204.94282985973348
2,0.029772164521205728,0.023307039796136943,41.29717842836955,0.004250869863110709,225.29696748425434
