PrincipalComponent,coi,c1i,a1i,c2i,a2i
1,1.2262663602022679,1.7048636819607945,100.0,2.937503728169952e-17,205.61305961375737
2,0.030418931346038867,0.024771494372283574,41.48172685271644,0.005727653854211971,225.48960010861387
