PrincipalComponent,coi,c1i,a1i,c2i,a2i
1,1.1368553325118838,1.6755443401528167,89.01168169426697,0.0,217.70176470422072
2,0.02061525024278174,0.012894283245501292,42.26243229027459,0.03731619235095477,226.43796539329813
