PrincipalComponent,coi,c1i,a1i,c2i,a2i
1,1.1953082372796646,1.5968244052541893,100.0,0.0,209.2057270956964
2,0.036448457125050314,0.07109203451983745,43.11321174816569,0.01292614841378759,226.67972135231105
