PrincipalComponent,coi,c1i,a1i,c2i,a2i
1,1.1894430336354567,1.5671921605959214,90.85013191178615,2.1119586996723868e-17,217.44877990223907
2,0.029881268733784654,0.0,42.562503840319934,0.0567684473170596,226.83989432787925
