PrincipalComponent,coi,c1i,a1i,c2i,a2i
1,1.142473741810409,1.5795945392936492,88.85155854234903,9.201735695680996e-17,218.31564000614867
2,0.02552526845045463,0.024329460239278778,42.46597568831545,0.056408912131860056,226.63164193500467
