PrincipalComponent,coi,c1i,a1i,c2i,a2i
1,1.2083645822799198,1.753007291803236,100.0,0.0,204.29717841675324
2,0.023567805629202992,0.022008131198632763,41.10093629648362,2.683576200920783e-05,225.10859981785387
