PrincipalComponent,coi,c1i,a1i,c2i,a2i
1,1.2211369823500917,1.6798696948406875,100.0,1.2341569758328204e-17,205.53719529063312
2,0.03346553538499771,0.032032770479442946,41.557943325084906,0.007579124577239801,225.49482071799628
