PrincipalComponent,coi,c1i,a1i,c2i,a2i
1,1.1896120130357661,1.5878771979317465,100.0,0.0,209.0107899442757
2,0.03548717362570233,0.08000763375472081,43.2700201982106,0.009188497670077084,226.66822195171213
