PrincipalComponent,coi,c1i,a1i,c2i,a2i
1,1.2067446962771626,1.6379711165398054,100.0,0.0,206.73802476617814
2,0.03770110148352107,0.04521301533346147,42.05543360744972,0.012705971335072806,225.88703209799942
