PrincipalComponent,coi,c1i,a1i,c2i,a2i
1,1.2096913913651088,1.6608862840609842,100.0,0.0,205.25851881753348
2,0.035617137990348144,0.03867653222543455,41.61045428082745,0.009120773494802161,225.44805513035465
