PrincipalComponent,coi,c1i,a1i,c2i,a2i
1,1.2372507496763199,1.496957941569702,100.0,0.14909308657471076,196.52331078350497
2,0.025429269603603127,0.01580323185203979,39.23247914913282,0.0038312184593154064,222.94624900652232
