PrincipalComponent,coi,c1i,a1i,c2i,a2i
1,1.2241585330076425,1.5001720775952057,100.0,0.11700267740244139,200.50247095798304
2,0.0241804043928227,0.029037582017586494,40.36751269677564,0.0015291703588722636,224.13215191980026
