PrincipalComponent,coi,c1i,a1i,c2i,a2i
1,1.2307572610946214,1.500870516885993,100.0,0.1285287609241785,198.50469150953177
2,0.025129838927925547,0.020110399663614477,39.7621485986114,0.0037244969047263007,223.53273637648078
