PrincipalComponent,coi,c1i,a1i,c2i,a2i
1,1.2490617141206857,1.5172127033706637,100.0,0.17809299574171827,193.80403290578386
2,0.024423679231655046,0.008907148119841807,38.49353739626562,0.012705584398102697,222.1186597303748
