PrincipalComponent,coi,c1i,a1i,c2i,a2i
1,1.2429953663415736,1.4784182698162007,100.0,0.1843198578751453,194.02264911688997
2,0.024956014544820344,0.013487003443038272,38.60648160465825,0.003866522861105513,222.211775455457
