PrincipalComponent,coi,c1i,a1i,c2i,a2i
1,1.2430941708923764,1.517514170630206,100.0,0.18895618560213392,192.5186101643147
2,0.023419640560186028,0.01045285820080034,38.209415813031654,0.015784172776290677,221.75285002112005
