PrincipalComponent,coi,c1i,a1i,c2i,a2i
1,1.221733896189786,1.4767261581317248,100.0,0.13413850328321728,200.28219616021988
2,0.02406856851504917,0.03298963140577169,40.3801716928328,2.1163697528419195e-18,224.08653271192355
