PrincipalComponent,coi,c1i,a1i,c2i,a2i
1,1.2502774382602067,1.5037734827295122,100.0,0.17038857626830073,194.73986639812452
2,0.02413797463870451,0.011684517130438632,38.7495633634389,0.006055626071748931,222.40190658790326
