PrincipalComponent,coi,c1i,a1i,c2i,a2i
1,1.2506790677805488,1.5260630038396528,100.0,0.1630759205983329,194.89675320659657
2,0.024292316617905065,0.00923879635505241,38.7602528305929,0.01097553490766245,222.43834186418795
