PrincipalComponent,coi,c1i,a1i,c2i,a2i
1,1.2394706418354393,1.639523851224425,100.0,0.0,204.51877244415448
2,0.022943678424540613,0.005697396690840995,41.16008822267166,0.059856092055361694,225.2126197456413
