PrincipalComponent,coi,c1i,a1i,c2i,a2i
1,1.1969925693303054,1.717458360832266,100.0,1.5000250466264905e-16,199.41348912683662
2,0.021829034046788952,0.007915840955155339,39.94619504063589,0.037518902027145966,223.742482437148
