PrincipalComponent,coi,c1i,a1i,c2i,a2i
1,1.1678477501015094,1.5625937194732875,94.14331850381703,0.0,215.32650217665542
2,0.01480718369207482,0.042112069146248876,42.80717845818464,0.07875430840279651,227.02154134621406
