PrincipalComponent,coi,c1i,a1i,c2i,a2i
1,1.1728795704737862,1.647320645516414,95.08559335956765,1.347906162892628e-16,213.83622961079763
2,0.04334737691875358,0.040951116034063165,42.769263163805014,0.04416078486964428,226.74184839458937
