PrincipalComponent,coi,c1i,a1i,c2i,a2i
1,1.1787627669768839,1.6781092531814166,95.12885618518757,0.0,213.60368995468477
2,0.038732157102370705,0.03253295712439885,42.62757799864684,0.037351550612401446,226.65761656741503
