PrincipalComponent,coi,c1i,a1i,c2i,a2i
1,1.1624485152141446,1.624215675445967,95.18965516993242,6.223919304912423e-17,213.79440761925304
2,0.04604831198929764,0.04782036407797951,42.82359789941313,0.04945769775434461,226.76079734767512
