PrincipalComponent,coi,c1i,a1i,c2i,a2i
1,1.1789562715925999,1.6883831629010237,95.60030452822464,0.0,213.16356596021842
2,0.03753508183972785,0.030806055938502407,42.584734307123455,0.033709271425244325,226.63442579568863
