PrincipalComponent,coi,c1i,a1i,c2i,a2i
1,1.1763065122405905,1.7106566089046658,96.10849285285744,7.627601481134401e-17,212.49108958899342
2,0.03297422786190753,0.030734940739319334,42.50370897247825,0.024743891999974277,226.55760898906195
