PrincipalComponent,coi,c1i,a1i,c2i,a2i
1,1.1543679316640731,1.601004053411609,94.1490269429811,0.0,214.87242375699972
2,0.04799706200013504,0.05485988248401239,42.9578194263532,0.05625935536258023,226.8381433517224
