PrincipalComponent,coi,c1i,a1i,c2i,a2i
1,1.1468587864293385,1.5764878110840699,93.48656066527758,2.678050668973734e-17,215.72760341891816
2,0.04696515706589707,0.06613019898225335,43.17723917862942,0.0612316692106236,226.94706252828564
