PrincipalComponent,coi,c1i,a1i,c2i,a2i
1,1.1709955004853976,1.7277420020878937,91.12977157066764,7.349863371290688e-17,216.34769872507493
2,0.024170794212648495,0.014047796972697047,42.27136602106495,0.012889699379631185,226.46717393397344
