PrincipalComponent,coi,c1i,a1i,c2i,a2i
1,1.1307994280965479,1.7736443270767137,91.42679141043811,0.0,214.827087110767
2,0.0216268066708982,0.027410919669908645,42.03868552975819,0.01590911305754045,226.10718756139977
