PrincipalComponent,coi,c1i,a1i,c2i,a2i
1,1.1382796794961383,1.7005974629008942,90.4034548189504,0.0,217.98072873436314
2,0.026712791930340273,0.008185129786415857,42.59624641935693,0.007320554691392146,226.84120170964786
