PrincipalComponent,coi,c1i,a1i,c2i,a2i
1,1.078381266253817,1.7166396341668686,84.23948114126549,1.4940804414289216e-17,219.6362357483121
2,0.021914346037978642,0.018346211745938947,41.82133741216273,0.008310743427491957,225.8796725820439
