PrincipalComponent,coi,c1i,a1i,c2i,a2i
1,1.1319875188545154,1.613608750723743,86.03917259910209,4.2585348144510593e-17,219.48012280871586
2,0.0335850169968942,0.0021390909401289046,42.11922734569873,0.021581577680574778,226.29224530612439
