PrincipalComponent,coi,c1i,a1i,c2i,a2i
1,1.083258604548921,1.632741679674903,84.24751100467975,0.0,219.83577456182257
2,0.031238567967504096,0.018568646390076503,41.95905124467815,0.02424507473716029,225.99604722337912
