PrincipalComponent,coi,c1i,a1i,c2i,a2i
1,0.25160717646451164,0.23499918505629191,28.896149099136093,1.522399392745433,210.34010335489754
2,0.005099763098711077,0.007947576170288713,28.827207058732316,0.011123090280699076,209.91698060841907
