PrincipalComponent,coi,c1i,a1i,c2i,a2i
1,0.3042760721944498,0.140836104351933,28.933854963854706,1.5786938867756217,210.39394438333048
2,0.025515034964560902,0.04611942649014704,28.86366619617706,0.07020037347743603,209.96265072253632
