PrincipalComponent,coi,c1i,a1i,c2i,a2i
1,0.18612545861486568,0.8155169796764477,69.94021379949906,0.5783584434571097,219.8212164278899
2,0.08463757881125243,0.09127632127126105,40.825814230842525,0.552743505212231,223.28335993408294
