PrincipalComponent,coi,c1i,a1i,c2i,a2i
1,0.30969087369110315,0.05514943343886655,28.964504674696947,1.8085358671773868,210.36637335566962
2,0.012560317293484101,0.008110773919270262,28.893779350820065,0.02640497772263693,209.94287467101887
