PrincipalComponent,coi,c1i,a1i,c2i,a2i
1,0.2910727607116258,0.07034813307017976,28.968363906261484,1.808095549019496,210.3585774352572
2,0.011073726032833091,0.006525627601083563,28.897764656747036,0.0379608953787195,209.93573346020358
