PrincipalComponent,coi,c1i,a1i,c2i,a2i
1,0.29478557173863096,0.10764354915968735,28.946127571584952,1.7199433884613167,210.3583954103279
2,0.012780463147531082,0.0046357291694019516,28.875660985649603,0.029355068816970066,209.93632283479008
