PrincipalComponent,coi,c1i,a1i,c2i,a2i
1,0.31345741369352614,0.14478856067968618,65.93558693491087,1.4874102531135194,177.9057984849557
2,0.012987077615813088,0.008731995000498958,28.720974674040175,0.03896458596371699,209.68021127751018
