PrincipalComponent,coi,c1i,a1i,c2i,a2i
1,0.2668245161198609,0.5249321814691303,68.51231272663773,1.04825033472811,210.72588942910457
2,0.01555512514698203,0.034114738384983995,37.97502413434285,0.09886162124042522,220.2800786862378
