PrincipalComponent,coi,c1i,a1i,c2i,a2i
1,0.23704397313575293,0.5152180980334333,55.52877913361568,1.0698841429124992,213.4108683056465
2,0.01618183614063634,0.04400676879031641,35.7141939063164,0.14481333139402192,217.73687077141207
