PrincipalComponent,coi,c1i,a1i,c2i,a2i
1,0.2052626474546735,0.5666858583810446,54.65620127084645,0.9443185881491297,214.8914113070512
2,0.04345433927082528,0.05932268082054284,36.005157337702535,0.3583061600996854,218.00106416959522
