PrincipalComponent,coi,c1i,a1i,c2i,a2i
1,0.18501560384028434,0.3363360876259148,28.898754739197102,1.1966465943032512,210.24297163840592
2,0.049540207586803234,0.1500001945538933,28.81887724164358,0.41257621458191324,209.81545076280295
