PrincipalComponent,coi,c1i,a1i,c2i,a2i
1,0.2038382657823182,0.3984419541897096,43.22435914214037,1.1227478942949238,211.46725150398066
2,0.056530556950746186,0.10738000172852963,32.98662528148264,0.42441035286360396,213.92354942466284
