PrincipalComponent,coi,c1i,a1i,c2i,a2i
1,0.20000257240698838,0.5681037531234838,38.83532817985351,1.3347612272739964,212.87653421195694
2,0.012386246998740778,0.10017341760524166,32.448858947012596,0.09146622651127845,213.27300040873445
