PrincipalComponent,coi,c1i,a1i,c2i,a2i
1,0.19719368840123103,0.5744622301817641,40.78849250828293,1.4829393889019478,211.86825612005376
2,0.023595811573053474,0.05960670827534167,32.139120162406925,0.09948296869533158,213.41451182616282
