PrincipalComponent,coi,c1i,a1i,c2i,a2i
1,0.19357039226664718,0.8584914916844932,54.91840189596345,1.2859219185193087,215.77190658565831
2,0.0008258491694010008,0.0009172417776448494,36.34475702577909,0.0037610208954727453,218.1746374817864
