PrincipalComponent,coi,c1i,a1i,c2i,a2i
1,0.18742961083860338,0.5836801806421136,39.75334203951252,1.3585251319146836,212.3028670813665
2,0.01712393963954912,0.0872050692598245,32.200436814549434,0.09042307968696024,213.30571611445043
