PrincipalComponent,coi,c1i,a1i,c2i,a2i
1,0.19516308499089124,0.8488982109567791,54.27443199867774,1.2682873718853644,215.75558106225373
2,0.00038779958971494276,0.0,36.18461264382732,0.0,218.01343300137455
