PrincipalComponent,coi,c1i,a1i,c2i,a2i
1,0.19570821319144846,0.8321081531632335,52.95913776325387,1.3614332952876773,215.30904394966055
2,0.0027352961791113914,0.0046915564820030784,35.77392972056282,0.01982494502108301,217.51968811241233
