PrincipalComponent,coi,c1i,a1i,c2i,a2i
1,0.23013358658362487,0.7305041838800735,57.474629302555485,1.4182532271945725,213.98747123648423
2,0.0220636027409917,0.034281143232182905,36.46960973957238,0.07133933597333182,218.26681364920933
