PrincipalComponent,coi,c1i,a1i,c2i,a2i
1,0.19902110813338433,0.8186104525464779,52.71043439404804,1.3896298067935482,215.06518690225369
2,0.002996226526715172,0.012073414624040569,35.65686099779956,0.023645015656374082,217.3766683999884
