PrincipalComponent,coi,c1i,a1i,c2i,a2i
1,0.2270495275654469,0.75301328444659,58.07379781204062,1.4290092551164042,214.09888621158913
2,0.01647805478443787,0.026504808064783177,36.644146250734266,0.05846615324437488,218.44913881688734
