PrincipalComponent,coi,c1i,a1i,c2i,a2i
1,0.20835802232831374,0.7964393819477766,54.14627971392076,1.4126378527941126,214.75790422298758
2,0.004910084646980643,0.022824701220663664,35.92655662902425,0.03163764108969795,217.64626686715917
