PrincipalComponent,coi,c1i,a1i,c2i,a2i
1,0.212454746323085,0.7833808196905309,54.8546655363897,1.4283127973694247,214.60621434539496
2,0.007033760499613876,0.02434484521129445,36.05299997171497,0.0351782326026329,217.77964688900656
