PrincipalComponent,coi,c1i,a1i,c2i,a2i
1,0.22259606842826254,0.6457471989483236,48.20867427058939,1.4622159158980985,213.09208467351434
2,0.02574836981738251,0.03895164950390782,34.061515930353345,0.09464825247551784,215.65447340068314
