PrincipalComponent,coi,c1i,a1i,c2i,a2i
1,0.2214783542671818,0.7560878785826542,56.48145589611771,1.4419278738008643,214.23106246180473
2,0.011918881412227153,0.024035263911878556,36.32213559471143,0.04965969407209878,218.08251776220897
