PrincipalComponent,coi,c1i,a1i,c2i,a2i
1,0.09797166878466665,0.4342969688226118,54.799604641342086,0.6200291701036941,220.94016256047732
