PrincipalComponent,coi,c1i,a1i,c2i,a2i
1,0.19481997341893864,0.8505572279520972,54.17342027311002,1.3227466318189933,215.56891605602627
2,0.001364291159187537,0.002654429334022862,36.12141574445574,0.009438448321662225,217.91449412009797
