PrincipalComponent,coi,c1i,a1i,c2i,a2i
1,0.19908397166191716,0.8497686035239329,54.2733909712995,1.2397903007120976,215.84081353668472
2,0.0007406193191844656,0.00021466902290648152,36.19485183421376,0.00012651400499623318,218.04247927330982
