PrincipalComponent,coi,c1i,a1i,c2i,a2i
1,0.18863397089239836,0.5790759096818269,39.154418200516055,1.3524745450423188,212.18518107354802
2,0.017263877762558714,0.08938514716027271,32.07852967424088,0.09095135572262841,213.1223883115187
