PrincipalComponent,coi,c1i,a1i,c2i,a2i
1,0.10158235796495037,0.4346886984412615,55.002286252146874,0.6081394754738176,220.92675487696437
