PrincipalComponent,coi,c1i,a1i,c2i,a2i
1,0.22415355785435337,0.6411480431430137,47.78953571834449,1.454073498868678,212.95968232712758
2,0.026635765843285735,0.040448889773072684,33.936813805332825,0.09660119370881991,215.50935724178726
