PrincipalComponent,coi,c1i,a1i,c2i,a2i
1,0.19769870418700436,0.8318603439205692,53.019896074871426,1.3453213994274702,215.27815126380267
2,0.0040841383987398625,0.0053674764722859945,35.77277954681939,0.02437133992800156,217.52679213751898
