PrincipalComponent,coi,c1i,a1i,c2i,a2i
1,0.2233422583145236,0.7513079188314514,56.220022153704306,1.4307400897722569,214.14266241514585
2,0.013443362054597218,0.024839779860875526,36.23801685148419,0.05467569667249071,217.99032316454637
