PrincipalComponent,coi,c1i,a1i,c2i,a2i
1,0.19223401645519017,0.541054219076059,38.65119031512592,1.4546711013280624,211.70694733109502
2,0.02635683755120445,0.06933442383685219,31.725222350790695,0.10593338251680781,212.82263275776947
