PrincipalComponent,coi,c1i,a1i,c2i,a2i
1,0.21393578448028797,0.7790929438709481,54.52556836732927,1.4167700925572515,214.50524878484302
2,0.008167866863380125,0.025683648122087375,35.95154435313469,0.040136713000937636,217.6674846647157
