PrincipalComponent,coi,c1i,a1i,c2i,a2i
1,0.2099361669868434,0.7921840902273063,53.84528861319222,1.4010231205801187,214.66297897041036
2,0.00607912502749515,0.024051728797367593,35.832343178374636,0.03662849236361546,217.54317240009203
