PrincipalComponent,coi,c1i,a1i,c2i,a2i
1,0.20061842292115764,0.815745457099436,52.488074345348764,1.3765043024831471,214.96603296890373
2,0.004392418377495048,0.012740317862650206,35.57587201728786,0.028782782290938804,217.29419424354074
