PrincipalComponent,coi,c1i,a1i,c2i,a2i
1,0.2311706189015394,0.7262838131127071,57.06489613124402,1.4086214642263195,213.86287744654138
2,0.02368901871251559,0.03494324417123874,36.347337406121895,0.07497483138594349,218.1268817184968
