PrincipalComponent,coi,c1i,a1i,c2i,a2i
1,0.1989449946668614,0.5709219031517252,40.40390127996708,1.4743722277752187,211.77625194676693
2,0.02400734776413078,0.06152635946274885,32.047510771057354,0.10043362738660119,213.29023332760696
