PrincipalComponent,coi,c1i,a1i,c2i,a2i
1,0.20213564755921348,0.5633709500557529,38.31292345387778,1.3271417923045203,212.76997820730455
2,0.011837544611896782,0.1028862303273506,32.34321182602161,0.09277008419205654,213.11249967536858
