PrincipalComponent,coi,c1i,a1i,c2i,a2i
1,0.19790528273812305,0.8480934037928692,54.23315428122195,1.2569391333910918,215.69237887625331
2,0.0006838968668320243,0.00033831540983544943,36.15215597653372,0.0012301050088299342,217.98623894294712
