PrincipalComponent,coi,c1i,a1i,c2i,a2i
1,0.19602422504754935,0.8580147823934885,54.976661225330574,1.2719231634047983,215.7447212151872
2,0.0020705380262944955,0.0011618010291690793,36.343803213480385,0.006644710884932533,218.18268083930994
