PrincipalComponent,coi,c1i,a1i,c2i,a2i
1,0.19737646194823563,0.8502709655275943,54.23746015511237,1.3073889156062481,215.52865499419133
2,0.002570159658782117,0.0029139441951975824,36.118929683939655,0.013297837834880786,217.92093430040404
