PrincipalComponent,coi,c1i,a1i,c2i,a2i
1,0.2079564510981238,0.7977851913318486,54.167238502829484,1.432322978683041,214.64928538380036
2,0.004635292983081153,0.020334245903911693,35.90252270798995,0.02901831810497264,217.61702527969996
