PrincipalComponent,coi,c1i,a1i,c2i,a2i
1,0.0968485447757569,0.4330032384437592,54.7839678419516,0.6381585609608977,220.74787858371783
