PrincipalComponent,coi,c1i,a1i,c2i,a2i
1,0.1937635661496442,0.8497323359334623,54.02074867853119,1.3435543563579675,215.4391601508863
2,0.0010533538084098691,0.0016649375569323026,36.056327901374914,0.007286218185725183,217.83422039532772
