PrincipalComponent,coi,c1i,a1i,c2i,a2i
1,0.22239866275608547,0.6479684789267037,48.241602392745456,1.4800740183713248,212.98071682961577
2,0.025298577716259346,0.03564793438220167,34.037142575425705,0.09366999055558375,215.6298767382205
