PrincipalComponent,coi,c1i,a1i,c2i,a2i
1,0.19159070776109632,0.5479641737829931,39.410426863069304,1.4765390695051526,211.73627099068904
2,0.02531164340671363,0.06385811271071982,31.844160888015523,0.10600184876070345,213.0200192050405
