PrincipalComponent,coi,c1i,a1i,c2i,a2i
1,0.21235208384009624,0.7844038953789172,54.882854482538995,1.4481898740389765,214.49500450833276
2,0.00673420419281714,0.021709053655792274,36.03051582312264,0.032661743931570716,217.7524762089648
