PrincipalComponent,coi,c1i,a1i,c2i,a2i
1,0.2268071661320816,0.753918355751745,58.03658082965221,1.449328213342226,213.97532949914762
2,0.016269527058884847,0.023606194121836857,36.599417098160075,0.05596578317913594,218.3986513067498
