PrincipalComponent,coi,c1i,a1i,c2i,a2i
1,0.1932367202094892,0.8567932221315471,54.898550690679585,1.3058171433703785,215.66565289023265
2,0.0004805576392552141,0.0005303208901535972,36.3160335886363,0.0022332360111908607,218.1348016631811
