PrincipalComponent,coi,c1i,a1i,c2i,a2i
1,0.18660497338235799,0.5866368655790017,39.72642025723114,1.3745280404221072,212.18959068108404
2,0.017192701551228217,0.08270273058121166,32.12325469436785,0.09206389528791535,213.25811372936676
