PrincipalComponent,coi,c1i,a1i,c2i,a2i
1,0.1987717789665506,0.8186811598585978,52.685190950748684,1.4101781460918779,214.96272836782794
2,0.00276979400525814,0.010168677276533299,35.626400209147405,0.020833140374702422,217.33675675191526
