PrincipalComponent,coi,c1i,a1i,c2i,a2i
1,0.2212766931106092,0.7574440047323622,56.531782466825575,1.4616653848048184,214.12681338591707
2,0.01172416853059076,0.021280454723853804,36.30458329383468,0.04697188401885739,218.06031935786214
