PrincipalComponent,coi,c1i,a1i,c2i,a2i
1,0.19714756415148652,0.5770536798539677,40.82224031446589,1.4996684787742722,211.8338262123615
2,0.023260147554137144,0.05575906088368801,32.12110446183734,0.099696058712166,213.40788194430448
