PrincipalComponent,coi,c1i,a1i,c2i,a2i
1,0.19507927351242826,0.8323139146849888,52.96469550967546,1.3817273245819748,215.2111567128566
2,0.002482087585468165,0.003421066065398856,35.75243841507772,0.016759251461150308,217.48783662650573
