PrincipalComponent,coi,c1i,a1i,c2i,a2i
1,0.2294146786056628,0.7328493850651618,57.45988823151335,1.4369102923396448,213.83265387931206
2,0.021905842750098613,0.031147262909693687,36.41833525668816,0.06936147140613867,218.21606763640736
