PrincipalComponent,coi,c1i,a1i,c2i,a2i
1,0.21305269073925517,0.800204308729182,55.5075925453607,1.4785462588287286,214.4801083765143
2,0.005253223018979155,0.016917637427878312,36.16836973129328,0.022310735673027913,217.8960681282383
