PrincipalComponent,coi,c1i,a1i,c2i,a2i
1,0.19751365111877314,0.5906984163118107,41.285820275219734,1.5291482966160235,211.87236869675453
2,0.021951060733608706,0.04905480000281767,32.21825968577405,0.09539273507006697,213.52849894331231
