PrincipalComponent,coi,c1i,a1i,c2i,a2i
1,0.19300444911312087,0.8586584091030145,54.35194993012246,1.3741563202522795,215.37611248163398
2,0.00039185429034545565,0.00042615172004937456,36.12334929998985,0.0016393611419951554,217.8905563958465
