PrincipalComponent,coi,c1i,a1i,c2i,a2i
1,0.1993190850511242,0.5839147783059122,39.30744839534525,1.3798422690780847,212.80067911959426
2,0.011684368180894288,0.08907361943059022,32.410291119982084,0.08974369337429089,213.34501489734237
