PrincipalComponent,coi,c1i,a1i,c2i,a2i
1,0.19257401522377918,0.562022794623985,40.104968463910225,1.5030895573977756,211.7701597251214
2,0.024319901436830788,0.05657636341967931,31.967206836806085,0.10370812828550016,213.19723228317466
