PrincipalComponent,coi,c1i,a1i,c2i,a2i
1,0.23076624726037867,0.7508145315656051,58.233909315914175,1.46366830888895,213.83139345349989
2,0.020225111899583394,0.0252867317896114,36.59536362336407,0.06079606088534867,218.401709503271
