PrincipalComponent,coi,c1i,a1i,c2i,a2i
1,0.20868656992611198,0.8131750411561894,54.7975188813313,1.4626059419667572,214.63179050435375
2,0.0033851205834157885,0.015538921638905133,36.0438595772289,0.018976558591930186,217.76422304083994
