PrincipalComponent,coi,c1i,a1i,c2i,a2i
1,0.2227217034640881,0.7732204099024069,57.310925147863216,1.4921357696183635,214.09884257795778
2,0.010137408428303988,0.01653049573867905,36.478661810294234,0.03575306714980077,218.24210306089276
