PrincipalComponent,coi,c1i,a1i,c2i,a2i
1,0.22313330303880027,0.6630079643955946,48.755822338613555,1.5090528587496834,213.00274017835739
2,0.024069369515846418,0.028596736896701867,34.16309652075406,0.08816847161409647,215.75963188646682
