PrincipalComponent,coi,c1i,a1i,c2i,a2i
1,0.19504590904632513,0.8417781689309279,53.32294607956545,1.415581651282816,215.16725296891985
2,0.0012067208411370611,0.001773188498570834,35.83256404013659,0.007565580296004384,217.55888976908776
