PrincipalComponent,coi,c1i,a1i,c2i,a2i
1,0.1986078860297867,0.8307321975090219,53.09713907674711,1.4432569673071107,214.9208566938528
2,0.0015279804561623197,0.007092234152624985,35.71687806579077,0.010991319547773975,217.42111995335534
