PrincipalComponent,coi,c1i,a1i,c2i,a2i
1,0.22833040884449718,0.7699166054051844,58.7996369071481,1.4796146731748172,213.93147885091255
2,0.0143973329255142,0.018989825084286392,36.769727093635694,0.04470554901885162,218.5715403078038
