PrincipalComponent,coi,c1i,a1i,c2i,a2i
1,0.09574431298659469,0.44357948744605213,55.90206859545495,0.6597508628409725,220.9398711765153
