PrincipalComponent,coi,c1i,a1i,c2i,a2i
1,0.18726306618349103,0.6022842917611194,40.49612826129978,1.398228809542569,212.27722080707917
2,0.016949213323673776,0.07460918259336764,32.259210226398444,0.09119580360453186,213.4657049927639
