PrincipalComponent,coi,c1i,a1i,c2i,a2i
1,0.2111739033381787,0.8114121375499618,53.7462583196814,1.5119112767541476,214.42830948456677
2,0.0023291662452266395,0.0108474723647003,35.744245833460496,0.01256119884113991,217.426651903405
