PrincipalComponent,coi,c1i,a1i,c2i,a2i
1,0.23091549055486169,0.7616450678156251,57.03058986472322,1.5396245882932165,213.68392727147682
2,0.012380580303762176,0.014793693165645334,36.296892485328875,0.03571978454376045,218.03943570548265
