PrincipalComponent,coi,c1i,a1i,c2i,a2i
1,0.19039575675049417,0.6094297848359508,40.092027018795534,1.4344782551456983,212.20640951690905
2,0.016449972344416773,0.06682263216284226,32.10046162179874,0.08956775382456394,213.33340531266114
