PrincipalComponent,coi,c1i,a1i,c2i,a2i
1,0.22640024439842152,0.6656608435846444,47.824876002417206,1.55457953063136,212.90119447903552
2,0.022499168545165055,0.022514543306299522,33.923887984781494,0.08167574488030833,215.4845855581558
