PrincipalComponent,coi,c1i,a1i,c2i,a2i
1,0.23333027920669355,0.7438212489038333,56.377060349864635,1.5221447910009367,213.6140681229421
2,0.018332399163457372,0.019715931128738647,36.10981902535092,0.05348370623022823,217.85371273198663
