PrincipalComponent,coi,c1i,a1i,c2i,a2i
1,0.20339593784824572,0.5894738076606034,38.98712364844299,1.416996538695809,212.71387742068703
2,0.010335883157575493,0.08318238559542694,32.24578466088652,0.08666977934129969,213.22711841745584
