PrincipalComponent,coi,c1i,a1i,c2i,a2i
1,0.2010286308218283,0.826634674965069,52.0974428988717,1.492496418576915,214.70348319814386
2,0.0006141630927529048,0.00416846448185435,35.431875865292625,0.005390254295898418,217.09460041535215
