PrincipalComponent,coi,c1i,a1i,c2i,a2i
1,0.09714700120196737,0.4363393882351987,54.01835779110576,0.703685334970744,220.07628573748394
