PrincipalComponent,coi,c1i,a1i,c2i,a2i
1,0.2158957597548268,0.7973423886439928,54.346808995983665,1.5295387610972744,214.2693174948897
2,0.003920446101803326,0.01215604903479587,35.84180526320402,0.015514655194526173,217.52917718932594
