PrincipalComponent,coi,c1i,a1i,c2i,a2i
1,0.20110035129463646,0.5954531804101632,40.74275209325382,1.5705602127866585,211.84612252660398
2,0.02082671251531744,0.04281844801537251,32.073580114826,0.08999964122806335,213.37673337635331
