PrincipalComponent,coi,c1i,a1i,c2i,a2i
1,0.1962059874668984,0.5674890217155469,39.64611689884692,1.5419693378762147,211.72390045193885
2,0.023170390937238758,0.050478367094480926,31.82854077504291,0.09960084133821165,213.06324194121905
