PrincipalComponent,coi,c1i,a1i,c2i,a2i
1,0.19734106009719263,0.8358941178155969,52.36472174508537,1.4644357885443289,214.9189347721225
2,0.00036827935445731555,0.0006002607820241624,35.54944096542434,0.0024121662649838954,217.23259088713627
