PrincipalComponent,coi,c1i,a1i,c2i,a2i
1,0.21539411150520413,0.8020545971448725,52.70980710387677,1.5631758160163602,214.24247433397156
2,0.0015104708446599733,0.006217803309363498,35.45625013686873,0.0058562939569141445,217.1004351936968
