PrincipalComponent,coi,c1i,a1i,c2i,a2i
1,0.23807916339171645,0.7320824930573085,54.7676776175414,1.5813742812467915,213.4152163608711
2,0.01602206488098061,0.013913684170675695,35.68813979543698,0.04408367232236915,217.37986456073222
