PrincipalComponent,coi,c1i,a1i,c2i,a2i
1,0.2303215779403359,0.755244227595246,54.480728124479285,1.605801561746981,213.64894597675539
2,0.0065729657649992316,0.007792708259544308,35.707610307253084,0.017810164499383423,217.37398420047754
