PrincipalComponent,coi,c1i,a1i,c2i,a2i
1,0.23198013678499504,0.6621008708312556,47.109869152785194,1.602731679887318,212.8191876396901
2,0.021231893606469463,0.015909062313226936,33.74214669350716,0.0724012525077887,215.27542255601927
