PrincipalComponent,coi,c1i,a1i,c2i,a2i
1,0.22047061258132336,0.787322791264741,53.25195709934852,1.5824362233835996,214.075090832645
2,0.0027683293651332543,0.00728150366183835,35.536102381295606,0.008220465558759278,217.18620642011894
