PrincipalComponent,coi,c1i,a1i,c2i,a2i
1,0.2355746578742489,0.7467271180586774,55.32714279733308,1.602374486983222,213.4556208568703
2,0.010020512833467035,0.010382496325087816,35.84386440124699,0.025128565725535793,217.53022255524718
