PrincipalComponent,coi,c1i,a1i,c2i,a2i
1,0.20642989545754728,0.5946844910734198,40.27408654689786,1.6141865693778337,211.8095459177081
2,0.020338060331220178,0.03554398126299328,31.940543776871504,0.082098286535577,213.24482377813837
