PrincipalComponent,coi,c1i,a1i,c2i,a2i
1,0.20195617307751748,0.568462730979449,39.358510839620706,1.5819009211262411,211.71496413507273
2,0.022593493222059682,0.042988319404174795,31.728785504153084,0.0930607146733426,212.98484191482984
