PrincipalComponent,coi,c1i,a1i,c2i,a2i
1,0.2047000558182969,0.815458455304349,51.12857659317969,1.5416357811322794,214.492686225069
2,0.00010521120961365585,0.0015137431413721402,35.155588875507064,0.0009429461211684077,216.78012153879604
