PrincipalComponent,coi,c1i,a1i,c2i,a2i
1,0.09966769559787367,0.41988927646714874,51.69312236933199,0.7522104337969994,219.1136357775346
