PrincipalComponent,coi,c1i,a1i,c2i,a2i
1,0.20719789609703898,0.5730524389748475,39.29807187007019,1.6155452509326824,211.52954516844926
2,0.02262174027044663,0.0353449641533299,31.647858756909244,0.08526108324634704,212.91357594021224
