PrincipalComponent,coi,c1i,a1i,c2i,a2i
1,0.2465597871320286,0.737315797311924,55.09789233036716,1.610333220148617,213.20178636444234
2,0.014283950421757638,0.007383902032043045,35.7090086374899,0.036976131904614434,217.39587758587305
