PrincipalComponent,coi,c1i,a1i,c2i,a2i
1,0.2435804197846279,0.7500472952826178,55.57554644328296,1.632796460535298,213.2119479716066
2,0.00797332815041472,0.005611075267952854,35.83683948121935,0.0176180818988814,217.51540984581507
