PrincipalComponent,coi,c1i,a1i,c2i,a2i
1,0.22721475776979158,0.7903469180009068,53.4603012258224,1.6101586268144477,213.87698219735796
2,0.0019383980845530948,0.002739725156756767,35.532398883781205,0.00374881162922611,217.1741814586504
