PrincipalComponent,coi,c1i,a1i,c2i,a2i
1,0.23894167844075082,0.6668226835593984,47.23041847355255,1.6348026709392616,212.63756066831533
2,0.020122828094117563,0.009062205351476076,33.727509256984085,0.06433104734967915,215.25035412718196
