PrincipalComponent,coi,c1i,a1i,c2i,a2i
1,0.10444152223479304,0.41650338968411654,51.58553798893041,0.779549416916845,218.73255082361123
