PrincipalComponent,coi,c1i,a1i,c2i,a2i
1,0.21160399241352648,0.5994670093184611,40.153134004456795,1.648171693111625,211.64388036061752
2,0.01985404402429064,0.028331247811674485,31.85898370893317,0.07391975997576596,213.1626404241599
