PrincipalComponent,coi,c1i,a1i,c2i,a2i
1,0.20154931185105007,0.6185721339432105,40.13050911673993,1.500380787273239,211.9911936398965
2,0.017100323979935696,0.04952484451286588,31.96241962813022,0.07939690148061797,213.27177505756003
