PrincipalComponent,coi,c1i,a1i,c2i,a2i
1,0.2221995589725777,0.8045192951393325,52.977765835692466,1.590116705338564,214.0807864688604
2,0.0008938688868541439,0.00199074793664747,35.47179864394799,0.0022675013420718083,217.1140594915018
