PrincipalComponent,coi,c1i,a1i,c2i,a2i
1,0.21539443762583632,0.5972836358638288,38.99595161144067,1.4839800369900409,212.50473672535358
2,0.009764693361717178,0.06706691356223025,32.0399895942052,0.07620050803042443,213.15106878031705
