PrincipalComponent,coi,c1i,a1i,c2i,a2i
1,0.23811723283940014,0.7584082957891625,54.750324060427,1.6349278160493514,213.43145011727304
2,0.004808133877150389,0.0034320308711715403,35.71135808552135,0.011238308054476929,217.37248597011487
