PrincipalComponent,coi,c1i,a1i,c2i,a2i
1,0.11831093128421656,0.4140177629131504,55.96499410192066,0.7975507110449189,219.12444798128737
