PrincipalComponent,coi,c1i,a1i,c2i,a2i
1,0.25456505500537907,0.6603750118159858,48.528299193511096,1.6761587934642612,212.1435729928913
2,0.017578990932813583,0.0018295378072944006,33.90673279063778,0.05329637050822783,215.43209939203908
