PrincipalComponent,coi,c1i,a1i,c2i,a2i
1,0.24301547954722597,0.7898985392168912,55.86250845401239,1.6302588574520283,213.5004400685602
2,8.324815821164123e-05,0.0003608457733278036,35.98858617077427,6.602618740705332e-05,217.67059102339374
