PrincipalComponent,coi,c1i,a1i,c2i,a2i
1,0.2257242595363344,0.5904561950002518,40.80583661632857,1.6944051948286851,211.2173159458994
2,0.018252979571939602,0.019783894087976765,31.895958350467595,0.06359900661783639,213.20051228966125
