PrincipalComponent,coi,c1i,a1i,c2i,a2i
1,0.2294655654241192,0.5906915357253925,39.81997615345041,1.5243680874009484,212.1969523093989
2,0.008823359069805468,0.05744224955540039,32.110347019086646,0.069787205695448,213.26392769455526
