PrincipalComponent,coi,c1i,a1i,c2i,a2i
1,0.2204599280766777,0.5646139829194025,39.95117027871319,1.6612314587187393,211.0667950493554
2,0.021931151160041983,0.026042905928359658,31.668893373713754,0.07555945076706218,212.94172647478953
