PrincipalComponent,coi,c1i,a1i,c2i,a2i
1,0.265564154844132,0.7415140032842226,58.0618527681447,1.6333642734133105,212.5993760052864
2,0.010330565295648318,0.0015677655651170402,36.23912095883997,0.027037141696691813,217.9665724791938
