PrincipalComponent,coi,c1i,a1i,c2i,a2i
1,0.2155610190348245,0.6127810921529732,41.09441136922859,1.5402971206158222,211.62322047725166
2,0.016688083116921257,0.039436513978883175,32.06746288058285,0.07220978293490297,213.4067490667188
