PrincipalComponent,coi,c1i,a1i,c2i,a2i
1,0.2625403954187748,0.7515698818030941,58.497510174459336,1.6556817033521534,212.58922241675427
2,0.0040426685984689325,0.0019242429205951947,36.34893327430716,0.008480764589740385,218.0686387924087
