PrincipalComponent,coi,c1i,a1i,c2i,a2i
1,0.25544666191988963,0.7565838991030668,57.284615945149234,1.6605417901890211,212.87012308757195
2,0.0017333484885747883,0.0005670494284186916,36.14901048163879,0.0035997582113035014,217.8442842634618
