PrincipalComponent,coi,c1i,a1i,c2i,a2i
1,0.22185667309897625,0.60009524433603,41.16096560313938,1.5666802172235428,211.44471891859422
2,0.016281154053736358,0.03713790506821281,32.03252166293106,0.06938485139043939,213.36848469199603
