PrincipalComponent,coi,c1i,a1i,c2i,a2i
1,0.26230358683506955,0.7429411986021593,57.887140323784735,1.6838374183446028,212.4978514919565
2,0.0010544729870072208,8.582840596716546e-05,36.19149331295152,0.001972617855452358,217.88568758232722
