PrincipalComponent,coi,c1i,a1i,c2i,a2i
1,0.26987972795073223,0.7393207312839614,59.238161824845925,1.677943968606301,212.15507986713015
2,0.002849186994255309,0.0011355813963806784,36.40729983401236,0.006382626162616211,218.1264208178685
