PrincipalComponent,coi,c1i,a1i,c2i,a2i
1,0.2321190465077003,0.5768154831417324,40.756035205608505,1.7222247404492816,210.9939519748441
2,0.017527223638118927,0.01771894829044376,31.827409354120785,0.06031923460317136,213.12159792572137
