PrincipalComponent,coi,c1i,a1i,c2i,a2i
1,0.22705283484234987,0.5514730608710439,39.98236519077529,1.6881240840136096,210.83242378268721
2,0.021383183421538603,0.023786539177060872,31.61492027007269,0.07230029897898477,212.8801960117905
