PrincipalComponent,coi,c1i,a1i,c2i,a2i
1,0.2357101611801279,0.578690317756306,39.8804547634588,1.549687723759512,212.04691341528965
2,0.008668772836820637,0.05460201809574173,32.07988835954168,0.06770638616334848,213.2332609829565
