PrincipalComponent,coi,c1i,a1i,c2i,a2i
1,0.12420339162028043,0.40292909802662963,57.2649547930731,0.8167870706463465,218.8756174180185
