PrincipalComponent,coi,c1i,a1i,c2i,a2i
1,0.26118871530170373,0.6464478098480013,48.6734981916709,1.7039145496038528,211.84474525992013
2,0.016685561062324272,2.541098841762901e-21,33.866800840461075,0.049871313663723646,215.38002264881527
