PrincipalComponent,coi,c1i,a1i,c2i,a2i
1,0.2736647859008263,0.7296399216854081,58.85238893147772,1.656025102480837,212.19495379405865
2,0.008844945038716209,0.00015290630290124533,36.31741383991327,0.02445130145961992,218.04664233257932
