PrincipalComponent,coi,c1i,a1i,c2i,a2i
1,0.23466036914099084,0.5661499456856752,41.069028903491294,1.6173899589444674,210.8683967874958
2,0.016749936517793173,0.032726525234407416,31.858044835220184,0.059711540586856314,213.17776000407875
