PrincipalComponent,coi,c1i,a1i,c2i,a2i
1,0.1379714315295982,0.37252929225467896,60.5215626700384,0.8482953910836002,217.8492058869627
