PrincipalComponent,coi,c1i,a1i,c2i,a2i
1,0.24830390386620518,0.5468705958786633,39.68489026995607,1.5975316164958915,211.66835392204152
2,0.008978537698411783,0.049089034807523566,31.92405898674185,0.06076366578381185,213.0713325133849
