PrincipalComponent,coi,c1i,a1i,c2i,a2i
1,0.24483234505245574,0.5414285285796887,40.388737353821334,1.7758712581235252,210.40747431135574
2,0.01733391543709517,0.013777268936765733,31.593791856714144,0.04965274823275856,212.85831959199388
