PrincipalComponent,coi,c1i,a1i,c2i,a2i
1,0.27556181706140276,0.6063190949994697,48.654002632988735,1.7610570166585808,211.05274616871242
2,0.013656520204728627,3.079677142355372e-19,33.65757941436466,0.037502205349605224,215.14280232403132
