PrincipalComponent,coi,c1i,a1i,c2i,a2i
1,0.28629559762033696,0.7062127101702838,61.11931801871396,1.715470014234087,211.0111184881135
2,0.0007414325431915133,0.0003918658680888368,36.54234677778574,0.0016196611226029843,218.27250485264287
