PrincipalComponent,coi,c1i,a1i,c2i,a2i
1,0.28990929090573603,0.6941162461338819,60.25971174777689,1.7025086699021514,211.06358308464272
2,0.005388414108703852,0.0,36.3436506223378,0.014698540183890814,218.07014003954737
