PrincipalComponent,coi,c1i,a1i,c2i,a2i
1,0.2634494307840361,0.5282565781516929,39.457753003110106,1.8026661070476986,210.07394501000348
2,0.014713791485491942,0.007152716762747365,31.281268125616652,0.029000276688473447,212.52836513459445
