PrincipalComponent,coi,c1i,a1i,c2i,a2i
1,0.2550258505226074,0.508307404147015,38.61261795003888,1.7680217533350058,209.89244891396083
2,0.0222631139310355,0.008106509622712199,31.039458042688047,0.04071395520638548,212.2639075113547
