PrincipalComponent,coi,c1i,a1i,c2i,a2i
1,0.29699737717873265,0.5727183518025931,46.31529736467203,1.8141260624645608,210.5429549688073
2,0.005699072997141819,0.0013705773021066537,32.974443013803516,0.008708593250446628,214.3954728637516
