PrincipalComponent,coi,c1i,a1i,c2i,a2i
1,0.15372498029760126,0.3429553111782396,58.58199093258786,0.8655586207241498,216.27863508912807
