PrincipalComponent,coi,c1i,a1i,c2i,a2i
1,0.26459397411442337,0.5437715821857372,39.367641741765986,1.6122365094350561,211.45297468029628
2,0.010701176740222446,0.03502750670486881,31.706710889052893,0.046791593110729945,212.9258021331819
