PrincipalComponent,coi,c1i,a1i,c2i,a2i
1,0.13044649541553652,0.2576550368508702,29.053915679346268,0.9583319890489335,210.25566388268257
