PrincipalComponent,coi,c1i,a1i,c2i,a2i
1,0.26641430760533863,0.5331713342504303,35.60263597698538,1.609518661486821,211.3031755532302
2,0.013447711748013416,0.02111847639565149,30.705066593720236,0.039918526667207126,211.92773868864435
