PrincipalComponent,coi,c1i,a1i,c2i,a2i
1,0.26846793475995306,0.5130631286783514,34.925767445631244,1.8052162146826358,210.2079941858319
2,0.01032210938893428,0.0,30.259089377976288,0.020057630899930165,211.42945615878793
