PrincipalComponent,coi,c1i,a1i,c2i,a2i
1,0.1479440475421157,0.374121283719898,64.17687138874336,0.8416146004159151,217.50599309930564
