PrincipalComponent,coi,c1i,a1i,c2i,a2i
1,0.2530252925917435,0.5326895587262992,40.27104616786065,1.7955126971160096,210.08315672249978
2,0.016686705798907006,0.011431236953641791,31.47884550386195,0.0410040221723133,212.73362811988142
