PrincipalComponent,coi,c1i,a1i,c2i,a2i
1,0.24209053007985284,0.5594061127364257,41.033950838567606,1.6350478043510794,210.58524768037776
2,0.017099438476559696,0.028957049849660136,31.768628076037718,0.05226741118142843,213.0851596464674
