PrincipalComponent,coi,c1i,a1i,c2i,a2i
1,0.25544333559209026,0.5419797155560269,39.699942354333444,1.6125806335863082,211.46171427130392
2,0.00976645297399923,0.04415425455439492,31.845999725736867,0.05513627603843492,213.0130181729834
