PrincipalComponent,coi,c1i,a1i,c2i,a2i
1,0.22586127335606432,0.5162352961395303,28.982526538832545,1.6006560538643357,210.41831103236277
2,0.020484704345397255,0.005022312145302523,28.908738128620246,0.013907684679052705,209.9921841688265
