PrincipalComponent,coi,c1i,a1i,c2i,a2i
1,0.12561768312689334,0.2344574210755576,28.98444026040317,0.8760284356707141,210.23365863543214
