PrincipalComponent,coi,c1i,a1i,c2i,a2i
1,0.22191444615289482,0.5245453513989191,28.983243528900104,1.6385173958989705,210.41743923067455
2,0.01128476523101399,0.0,28.91173305671625,0.006068281375128659,209.9880531673827
