PrincipalComponent,coi,c1i,a1i,c2i,a2i
1,0.12319069648986918,0.24942968288707093,29.009045755819155,0.907844566181758,210.23982466797855
