PrincipalComponent,coi,c1i,a1i,c2i,a2i
1,0.10788853636177786,0.2889321446333256,28.93644228241217,0.7691273651972328,210.2275727443439
