PrincipalComponent,coi,c1i,a1i,c2i,a2i
1,0.2306955943249832,0.5794575821275704,32.801358862866785,1.4648801671952176,210.59204837997063
2,0.017389005334727058,6.332026641591073e-19,29.8023541999627,0.01280281813953117,211.0195862188056
