PrincipalComponent,coi,c1i,a1i,c2i,a2i
1,0.12062296656348556,0.28628461564051244,28.930742814732753,0.7387985128926752,210.23468706465582
