PrincipalComponent,coi,c1i,a1i,c2i,a2i
1,0.08207500945323914,0.23592999161519407,28.82806852997477,0.6339218770735477,210.11897037814592
