PrincipalComponent,coi,c1i,a1i,c2i,a2i
1,0.7280212196638067,1.1025750562366623,83.99912745691194,0.14305008094657728,225.5170567453709
2,0.11611430908940162,0.22456157631198215,47.34930137065877,0.16139178939808302,228.3103136466415
