PrincipalComponent,coi,c1i,a1i,c2i,a2i
1,0.722939376015784,1.1192749254377274,91.21304294218758,0.09102108102960618,227.35942958181977
2,0.13585186505852193,0.2938107456185455,52.39929153722647,0.12905865147882672,230.99549864037422
