PrincipalComponent,coi,c1i,a1i,c2i,a2i
1,0.6785333292398241,0.8776407380966958,84.05756375715087,0.22706649863728287,230.8806906764283
2,0.15491492583768007,0.521936279864464,66.40926706389938,0.0,232.63845503430232
