PrincipalComponent,coi,c1i,a1i,c2i,a2i
1,0.7228028307208417,1.131389827859552,98.96214826120348,0.047138762394747846,229.39512817044954
2,0.15896036701212074,0.3547578790700544,58.65004345029133,0.11101778559257082,233.97432556064624
