PrincipalComponent,coi,c1i,a1i,c2i,a2i
1,0.6929954242602793,1.0905074509531216,95.1529813182972,0.06040273861884101,230.26223153964935
2,0.16367468453659423,0.45522191753405744,62.70914724104869,0.10720706498422658,233.78815379037772
