PrincipalComponent,coi,c1i,a1i,c2i,a2i
1,0.7099844820006244,1.0837751768458974,100.0,0.06789786808994594,230.24126921956653
2,0.17657627592187197,0.4314703919938076,64.33860021089413,0.10958247544629454,234.9753327460344
