PrincipalComponent,coi,c1i,a1i,c2i,a2i
1,0.7342996379812988,1.0703922204314262,99.30687135592277,0.018595776783095697,231.3251984352963
2,0.1649828273639854,0.4767595292706246,64.46498687622956,0.07800625468960228,235.26895221406429
