PrincipalComponent,coi,c1i,a1i,c2i,a2i
1,0.7353802571903246,1.1031876508923377,82.6785729422643,0.15328040605491117,225.16103273022588
2,0.11007863121371222,0.20409689695718902,46.37348096820758,0.1656629375862771,227.80263015041427
