PrincipalComponent,coi,c1i,a1i,c2i,a2i
1,0.7269540553207944,1.1094973709024407,86.46312510462539,0.12514793922223616,226.10969588861667
2,0.12177951585521792,0.2484186569860439,48.915928046106956,0.14968424743931635,229.1976812965934
