PrincipalComponent,coi,c1i,a1i,c2i,a2i
1,0.7274994490116423,0.9939175605350069,100.0,0.06758729798754746,232.79375958162316
2,0.17535110729195352,0.5007232936684998,70.63243775779428,0.015434283657561571,236.86900635085172
