PrincipalComponent,coi,c1i,a1i,c2i,a2i
1,0.7239543860890534,1.1326318936906161,95.73176517261108,0.06086936441656879,228.54764313877138
2,0.1474194131179178,0.329852682013585,55.908245589298296,0.11389450502886257,232.74089329490826
