PrincipalComponent,coi,c1i,a1i,c2i,a2i
1,0.7126593226970136,1.06992921540139,100.0,0.08659806677560257,229.957816348535
2,0.1790047060716981,0.41962321052959944,63.90593410615466,0.1107704578523799,234.83788711246274
