PrincipalComponent,coi,c1i,a1i,c2i,a2i
1,0.723613807972266,1.1226016124510427,100.0,0.04697283591206054,229.77241787393427
2,0.16763320558494907,0.3752753664934626,60.31014834203641,0.10992909919787688,234.4735699587649
