PrincipalComponent,coi,c1i,a1i,c2i,a2i
1,0.7178005231668926,1.079886626503844,100.0,0.08098963777982289,229.91018123243114
2,0.17743017108442813,0.40826622028871856,62.82181879875371,0.10828305769816801,234.73701067099643
