PrincipalComponent,coi,c1i,a1i,c2i,a2i
1,0.684759868690496,0.7185142784950017,87.69303608675503,0.3832423081591144,233.37234248093523
2,0.21042553690792812,0.614126651171922,78.94184711583975,2.839215092829099e-18,234.9112471768468
