PrincipalComponent,coi,c1i,a1i,c2i,a2i
1,0.6864413805575779,1.0404796831181484,100.0,0.1284623762714485,232.37535429983302
2,0.18411940405574984,0.453655796790902,67.70106946075182,0.10900360491180708,235.82142273557974
