PrincipalComponent,coi,c1i,a1i,c2i,a2i
1,0.6775694352785728,0.9316073976458622,100.0,0.20679783769543092,234.6769290219021
2,0.2083693126889124,0.5988147814870285,79.36448077923286,0.05014568511380942,237.19084310833716
