PrincipalComponent,coi,c1i,a1i,c2i,a2i
1,0.6856786074268588,0.9675424883034383,100.0,0.1884387414290399,233.19279309686775
2,0.202154467336087,0.5117585182774517,72.57953034457076,0.09117643194847393,236.38706493014973
