PrincipalComponent,coi,c1i,a1i,c2i,a2i
1,0.6793358960434251,0.9188622578813236,100.0,0.22341379481565288,234.3270991461503
2,0.211470428198715,0.5833508413902251,78.88377163052392,0.056749170589998475,237.0226405480745
