PrincipalComponent,coi,c1i,a1i,c2i,a2i
1,0.6911440480026516,1.036009284861531,89.53645423767856,0.18167187386239048,227.9355400269942
2,0.14995718953320777,0.3127333022746281,54.056601306867584,0.20145567543252305,230.6850422165781
