PrincipalComponent,coi,c1i,a1i,c2i,a2i
1,0.6977929602120022,0.9522163383034971,100.0,0.13003566435105196,235.6222804574878
2,0.20076280289417447,0.6378448079969804,79.2587718335471,0.012249456400531048,237.79276801733656
