PrincipalComponent,coi,c1i,a1i,c2i,a2i
1,0.641340534379838,0.7341195969924562,81.57620475724252,0.3124040841157633,233.61473749281396
2,0.19098532486443257,0.6131264960796458,73.51787007602249,0.0,233.34622387654815
