PrincipalComponent,coi,c1i,a1i,c2i,a2i
1,0.6660039360979775,1.009484511876315,100.0,0.11419181217268143,236.2582314274103
2,0.19694877176608175,0.6383779736123436,79.85589326787394,0.023080448787489403,237.86272526278515
