PrincipalComponent,coi,c1i,a1i,c2i,a2i
1,0.6842906170620385,0.9359094952494663,100.0,0.21156386679701114,233.89514446943207
2,0.20951545914707365,0.5564688551992777,76.29204131882538,0.06584915640380602,236.8673916460074
