PrincipalComponent,coi,c1i,a1i,c2i,a2i
1,0.6826672348794721,0.9273566913419998,100.0,0.21922688340724578,233.9847377039461
2,0.21106679297121664,0.5631761326619438,77.00488766004307,0.0658107190540151,236.86248977797575
