PrincipalComponent,coi,c1i,a1i,c2i,a2i
1,0.6968036053527633,1.0233094949997334,86.95592978419205,0.21074967126861383,226.92537817404778
2,0.14329207109634315,0.28536937896186687,51.740050289906165,0.21325437497528704,229.557659000692
