PrincipalComponent,coi,c1i,a1i,c2i,a2i
1,0.6905532076478766,1.0485065659662334,92.64362967823112,0.15604889151668175,229.05792325803728
2,0.15683135144967214,0.34409580141057494,57.03227675584871,0.18015720401641613,232.0426382755357
