PrincipalComponent,coi,c1i,a1i,c2i,a2i
1,0.6345549422629733,0.6557140338990142,72.53807178640032,0.48922777175420695,230.7376856498098
2,0.1842830482188785,0.6237328979125485,71.53279408682393,0.0,230.54286641381827
