PrincipalComponent,coi,c1i,a1i,c2i,a2i
1,0.6172641867064497,0.7151683117923667,81.67980002881352,0.47201529345495175,229.54272089476473
2,0.2169704142491747,0.5109564104360076,68.17408695663839,0.2856179386992875,229.28684535916943
