PrincipalComponent,coi,c1i,a1i,c2i,a2i
1,0.638440504044551,0.7219170419250746,91.4224930247336,0.45359089146233234,231.27810580595647
2,0.24012407509674782,0.494963926231564,73.80607140110664,0.2676516170183872,231.9474226663501
