PrincipalComponent,coi,c1i,a1i,c2i,a2i
1,0.6622321381829216,0.7847998774470699,95.35335060936471,0.3334636958713969,233.85155324606
2,0.22930636853917008,0.5767273126917116,77.99120174847242,0.17946638710562976,234.4509321946586
