PrincipalComponent,coi,c1i,a1i,c2i,a2i
1,0.6409351427003855,0.7204170227486453,90.65680073466596,0.4596451165068997,230.75895798131899
2,0.23962133827122678,0.47684443241850555,71.52363900378542,0.27662815264254403,231.71173862555463
