PrincipalComponent,coi,c1i,a1i,c2i,a2i
1,0.636632385691493,0.7227552852848614,90.3414203900796,0.45253540477725374,231.23203995837463
2,0.23554265435678917,0.5070896763770782,73.72285744193228,0.2650763571542049,231.75254687006228
