PrincipalComponent,coi,c1i,a1i,c2i,a2i
1,0.6378103998015596,0.7494149657622838,73.43742855276211,0.5265523131538664,223.23995297627604
2,0.17742390649121104,0.27297285308367936,47.94218239710824,0.35853423648573796,224.85376633391306
