PrincipalComponent,coi,c1i,a1i,c2i,a2i
1,0.6421302190804397,0.7260712361265229,90.50551002554784,0.4549218069204254,230.67547946381737
2,0.2383107587907416,0.47216085371322025,70.87709216605269,0.2749361533451678,231.77691947670573
