PrincipalComponent,coi,c1i,a1i,c2i,a2i
1,0.6441488961514874,0.7470779360882952,71.5475619448121,0.5441293751566308,222.48088998963064
2,0.17088706866657913,0.2506161505718022,46.16319371731448,0.3629830750556144,224.07019582740404
