PrincipalComponent,coi,c1i,a1i,c2i,a2i
1,0.6060865029581457,0.5707027275805622,72.41173527355473,0.6022971491121729,232.78277410490773
2,0.20998449168934386,0.6506247975803188,77.64454262944975,0.04625241645126286,230.5460278811669
