PrincipalComponent,coi,c1i,a1i,c2i,a2i
1,0.6352554126485043,0.7497760112839625,80.46252607830002,0.48797157564036336,225.95451224760663
2,0.19948220712752932,0.3434339310579593,55.42112565831046,0.3244160899798462,227.77811087329653
