PrincipalComponent,coi,c1i,a1i,c2i,a2i
1,0.640948214380887,0.7275151289029946,88.03218595546865,0.4673069284907793,229.39429159426274
2,0.23070262661281457,0.43075190730357626,66.22543833884865,0.29869566767174915,230.7673679820712
