PrincipalComponent,coi,c1i,a1i,c2i,a2i
1,0.6367714306860972,0.7412754614792836,83.56366225846463,0.4811650956651643,227.3279283682129
2,0.21112528298067537,0.3792746926393892,59.7311970277315,0.3104109595760075,229.10661906620808
