PrincipalComponent,coi,c1i,a1i,c2i,a2i
1,0.6369377789607881,0.728809320239806,85.92614587236832,0.47883635746321507,228.39390080437497
2,0.22193272049454035,0.4044657776534191,63.21659495981863,0.3073838593290952,229.9752787099791
