PrincipalComponent,coi,c1i,a1i,c2i,a2i
1,0.6109228510504394,0.6213303048680054,75.82900024246022,0.5725245438339863,226.117592210161
2,0.25202316330625363,0.37661678599253084,58.95215050054052,0.3705944103281272,226.86870315267467
