PrincipalComponent,coi,c1i,a1i,c2i,a2i
1,0.6260628224608756,0.5783271081110852,80.2163249693597,0.5448701876040144,231.52875942823636
2,0.26026321822219883,0.5142915712005854,74.81313378466226,0.20085691938567954,230.8812729895431
