PrincipalComponent,coi,c1i,a1i,c2i,a2i
1,0.630790649522848,0.6826599206473356,82.90883053083488,0.4407541229050368,229.45561609588174
2,0.2511008761467035,0.4702710889904356,67.25418116408795,0.30724457528316973,229.9350057222932
