PrincipalComponent,coi,c1i,a1i,c2i,a2i
1,0.5743435681750908,0.5347734535768941,63.84768829647751,0.6371432398847707,228.25578952448376
2,0.22900101105279502,0.5333118472824699,66.91084377550631,0.18720577766626953,226.3589013308193
