PrincipalComponent,coi,c1i,a1i,c2i,a2i
1,0.6075723345296536,0.6401796381498387,72.54761634034693,0.5783951897380633,224.66243154245927
2,0.2323102430484606,0.34366493189878067,54.48588533191053,0.3623774910753369,225.6863468248921
