PrincipalComponent,coi,c1i,a1i,c2i,a2i
1,0.6092084936007832,0.6673354320765579,64.46469351601027,0.6002139211177707,221.23771069317337
2,0.19874694072131605,0.252593586327114,44.74867162897119,0.39384038426105583,222.14766614586827
