PrincipalComponent,coi,c1i,a1i,c2i,a2i
1,0.610990382284739,0.6115002701909433,77.44477131126915,0.5698247142564274,226.8778234290627
2,0.2596938436247926,0.40300320574757453,62.346447281866425,0.37082057205795044,227.3818547271181
