PrincipalComponent,coi,c1i,a1i,c2i,a2i
1,0.6124094498644231,0.6168848642874264,77.5141420733133,0.5646381438752845,226.9111101132095
2,0.2584534401048144,0.4016585822221312,62.03484727229392,0.365812869224549,227.5105551058421
