PrincipalComponent,coi,c1i,a1i,c2i,a2i
1,0.6063595695461771,0.6548500535962863,70.38214943033321,0.5769886585410581,223.62514431384147
2,0.22064744602923747,0.31647677460555734,51.17522664830637,0.36712196339747416,224.6975278915042
