PrincipalComponent,coi,c1i,a1i,c2i,a2i
1,0.6074873737921758,0.6239371394762874,74.276784426946,0.581131301846181,225.46341459020815
2,0.24329009057949577,0.361382343069793,57.07540602710254,0.36731627148607776,226.3365736452968
