PrincipalComponent,coi,c1i,a1i,c2i,a2i
1,0.6146502128820472,0.6676813265101833,62.3975574847019,0.6167734448742198,220.4257427119012
2,0.19228797607249679,0.22954624067407384,42.96323654619729,0.3978354075802315,221.29284560265512
