PrincipalComponent,coi,c1i,a1i,c2i,a2i
1,0.6089206583207739,0.6633899497523561,66.50034398893814,0.5921968375409199,221.99488518981053
2,0.20529176782648753,0.27490221714009394,46.74033549028563,0.3845417805198194,223.01129736327053
