PrincipalComponent,coi,c1i,a1i,c2i,a2i
1,0.5771351094298074,0.5717031695683646,70.04623013572188,0.5167630348874572,229.90883594158487
2,0.23783346259822422,0.5076461033043945,66.74091679066096,0.2021220185843195,227.8924833430234
