PrincipalComponent,coi,c1i,a1i,c2i,a2i
1,0.60840295155353,0.6097862917718154,77.80643585316317,0.5681747248076499,227.129554390506
2,0.2597567465851037,0.41386972708405784,63.89688879499372,0.370160963998634,227.46574717640516
