PrincipalComponent,coi,c1i,a1i,c2i,a2i
1,0.6057313105752002,0.6162982676040134,77.06579704872401,0.5622747721149416,227.0086297415108
2,0.25506786604939313,0.4238012152030117,63.728265491172245,0.36952767245393026,227.3087051832675
