PrincipalComponent,coi,c1i,a1i,c2i,a2i
1,0.6134226547005625,0.5766182453534323,78.27559565807306,0.5065518462486926,233.3030745882661
2,0.2545658143752492,0.5673439178647249,76.61388616003153,0.09769725130471849,231.81360966272416
