PrincipalComponent,coi,c1i,a1i,c2i,a2i
1,0.5839889522578166,0.629277687994369,69.63036699569827,0.5633235125705418,225.16333552431487
2,0.2357068868686743,0.43022483942410883,58.70921729348686,0.3868770750076866,224.98207798799797
