PrincipalComponent,coi,c1i,a1i,c2i,a2i
1,0.6735714047925632,0.8290471315184758,85.56093795296272,0.326024453206168,224.28103206927952
2,0.2022508483860167,0.2969607068464305,49.638242826728316,0.24646581402748985,229.0197721266908
