PrincipalComponent,coi,c1i,a1i,c2i,a2i
1,0.6764067511000641,0.7445887885915383,91.39644912982219,0.20214009118047874,230.13770759768198
2,0.22755191586339005,0.4515570756330224,64.11355949293991,0.16557975234888447,233.76342521460882
