PrincipalComponent,coi,c1i,a1i,c2i,a2i
1,0.6752893127078111,0.8262970414458847,94.39300861113875,0.2828678959786234,225.21494864320485
2,0.23166258127497108,0.3510568677319696,54.68213570790005,0.2675405316780783,231.89470193843496
