PrincipalComponent,coi,c1i,a1i,c2i,a2i
1,0.6873887833095208,0.7309296296627197,85.15011271662267,0.31300292576552174,223.96907937481006
2,0.21327645903405185,0.39735553078856467,51.674074142572884,0.310220192328901,229.0138283152848
