PrincipalComponent,coi,c1i,a1i,c2i,a2i
1,0.6895100558416726,0.7925034499479885,98.0040374686716,0.20075644718752364,228.42975787603197
2,0.23508714280743256,0.42048458109391734,63.53471273538194,0.22791637794510472,234.70676499116334
