PrincipalComponent,coi,c1i,a1i,c2i,a2i
1,0.6867095380186606,0.8128094970799123,75.25827178425557,0.39438969485658054,222.24425436426174
2,0.173343198832556,0.21495192067310487,43.59156690703864,0.2710871129349824,225.2932539543032
