PrincipalComponent,coi,c1i,a1i,c2i,a2i
1,0.6808948982982924,0.8173339225920906,77.38087202037221,0.3763215558831634,222.7735914676445
2,0.1788962560689714,0.23495096766766568,44.76460207274413,0.26800168026948157,226.07054660376537
