PrincipalComponent,coi,c1i,a1i,c2i,a2i
1,0.638244087541982,0.6986331081585956,79.43969509754952,0.2657797649495362,227.35787586864043
2,0.2113136443419877,0.41508141827184813,55.8803579867029,0.23892821630903857,229.2186248869476
