PrincipalComponent,coi,c1i,a1i,c2i,a2i
1,0.674755560944114,0.8334289387150022,96.62206529111148,0.25854407182050126,225.33889145176855
2,0.23830089576382435,0.3649083885808136,55.985369401357396,0.2818861176664007,232.5430676501186
