PrincipalComponent,coi,c1i,a1i,c2i,a2i
1,0.6731149493226566,0.821433946114606,96.2667234555688,0.2699029182247508,225.00676086331794
2,0.2389066694131072,0.3652212598239708,55.75199075130281,0.29070811313310824,232.31137994593013
