PrincipalComponent,coi,c1i,a1i,c2i,a2i
1,0.6726271836558412,0.811575009897709,91.49109216995585,0.3130109079856773,224.9381399131983
2,0.22344615309048735,0.3398334328279236,53.794362774614434,0.2558308141576704,231.08568002448013
