PrincipalComponent,coi,c1i,a1i,c2i,a2i
1,0.6669664358124359,0.7848751176481963,92.30184411369085,0.30411243429153284,224.19477972380446
2,0.2310377846952345,0.3754503733465691,54.54038609540342,0.3127699122069711,231.0192279742838
