PrincipalComponent,coi,c1i,a1i,c2i,a2i
1,0.6372324994592745,0.6611031025189735,75.28888849934702,0.38663966613964273,225.26924212161765
2,0.20243831841940454,0.43592487615345327,55.280972005058736,0.22706790384477094,227.81532702768067
