PrincipalComponent,coi,c1i,a1i,c2i,a2i
1,0.6462123886321652,0.7644549195319832,82.23185944809022,0.3367115184556,223.23679273416198
2,0.20950679050544144,0.3878809289040393,50.02967584669094,0.3304897852612183,227.94444401040704
