PrincipalComponent,coi,c1i,a1i,c2i,a2i
1,0.6699503285976803,0.8025515899739972,95.3213262708433,0.28501102656370686,224.59788851570062
2,0.23744650342950918,0.3713518778445802,55.92414733030249,0.3012017788317607,231.97191378254792
