PrincipalComponent,coi,c1i,a1i,c2i,a2i
1,0.6791512342941947,0.8242951135498212,80.34645179573195,0.35715237635747277,223.3252124078257
2,0.18582449746233357,0.2568615260576647,46.374856441716865,0.25897901682708285,227.1195367980853
