PrincipalComponent,coi,c1i,a1i,c2i,a2i
1,0.6738296270992525,0.8254088908693925,89.25554737524897,0.3142736636639737,224.777609771624
2,0.21333476173788926,0.3245983288858073,52.202909821362965,0.24392218670090238,230.3570007940159
