PrincipalComponent,coi,c1i,a1i,c2i,a2i
1,0.6856229414683843,0.7694060598247525,71.19073375555746,0.21127584531613963,223.60095193532297
2,0.15331679084937772,0.3534764422684443,46.56922666896199,0.20322034093487704,225.0794314788788
