PrincipalComponent,coi,c1i,a1i,c2i,a2i
1,0.7314724075598925,0.7897306216899022,80.42962667633029,0.16216458280711205,225.62667995370262
2,0.15946863413193438,0.3752577411179085,50.69928435737844,0.1640907036626789,228.22413216637597
