PrincipalComponent,coi,c1i,a1i,c2i,a2i
1,0.7274757441820061,0.9831797353859416,87.75282870005115,0.16770786682361513,224.10299746810216
2,0.17411065563423697,0.26331151622486737,47.517862517729355,0.18685871957643016,228.89078951791035
