PrincipalComponent,coi,c1i,a1i,c2i,a2i
1,0.7295241481512004,0.9598899970383665,87.79439646500983,0.18207829204003084,223.93311628127717
2,0.17971249836108505,0.2763679113162649,47.57294442957345,0.19955687752485826,228.83900098397046
