PrincipalComponent,coi,c1i,a1i,c2i,a2i
1,0.6901799780447085,0.863159440711895,75.27053747559448,0.27079633680522824,221.5056289408266
2,0.1614920252205957,0.32688031834579034,43.63220671831212,0.26298473932872257,224.93584858636726
