PrincipalComponent,coi,c1i,a1i,c2i,a2i
1,0.7353811919058113,1.0288346140949338,77.6821848972054,0.185310614726301,223.12989229862941
2,0.13989111412719868,0.1570071435406338,42.952890863730886,0.188280750594613,225.89453213754902
