PrincipalComponent,coi,c1i,a1i,c2i,a2i
1,0.7142165050546415,0.8751182509533643,83.21783340032464,0.2492001358437741,222.35479048935454
2,0.17923429952157763,0.3067705323899854,45.92691182443998,0.2514760526767933,227.1837359821341
