PrincipalComponent,coi,c1i,a1i,c2i,a2i
1,0.7286513117603834,1.0092598528669876,86.17470371441307,0.15697924783279657,224.09801791763115
2,0.1663019540665955,0.24419154474980145,46.75536974636634,0.17456353668341884,228.46179956567437
