PrincipalComponent,coi,c1i,a1i,c2i,a2i
1,0.7411242745936926,1.03242551497697,77.15630256588025,0.1864607985118343,223.06155825987662
2,0.13673676097408072,0.1432950739205108,42.65638523282471,0.1887599446051769,225.7378253714951
