PrincipalComponent,coi,c1i,a1i,c2i,a2i
1,0.7266820585002378,0.925020197487621,87.0628937885479,0.20489985125326413,223.46858845918982
2,0.18389222957449175,0.29253704974662276,47.398717242227406,0.21809691494573122,228.50808286549557
