PrincipalComponent,coi,c1i,a1i,c2i,a2i
1,0.7364018447065168,0.7961233661518032,81.77949264899893,0.22244876651814438,223.94935537589504
2,0.1725861747016343,0.3362579517124432,48.714312213848515,0.22288273842268513,227.77914395477274
