PrincipalComponent,coi,c1i,a1i,c2i,a2i
1,0.7347553863057144,1.029360750117964,79.4078387976136,0.17706307005665223,223.34584538190566
2,0.14383359868359785,0.17484740004909843,43.6538236863894,0.1827718275748044,226.4078500678527
