PrincipalComponent,coi,c1i,a1i,c2i,a2i
1,0.6909899219289798,0.8364290437531873,76.60874356950225,0.19645908581721197,224.34599283618047
2,0.15241504656203292,0.36730391136424395,48.858850778946355,0.19377177571904167,226.80277363774866
