PrincipalComponent,coi,c1i,a1i,c2i,a2i
1,0.7302336076297408,1.0170942193349324,82.72857059375866,0.16556678333052965,223.73901567861776
2,0.15500527864498168,0.21389291606642885,45.148531464353866,0.17670616282912016,227.40774349265823
