PrincipalComponent,coi,c1i,a1i,c2i,a2i
1,0.7191739650784615,0.8919102699518793,85.93679305520841,0.2316081328419825,222.75062819637552
2,0.18439686850778983,0.30116831398498556,46.8692699039506,0.23958195584169467,227.99425069510758
