PrincipalComponent,coi,c1i,a1i,c2i,a2i
1,0.7345972705611913,0.8095648370040641,76.42062578743611,0.25967187404507697,222.1592188674162
2,0.16070969560891413,0.33854506064735906,44.58370944152361,0.25280876081578324,225.50648487489426
