PrincipalComponent,coi,c1i,a1i,c2i,a2i
1,0.7246503605079567,0.9140557560100406,87.0133913969147,0.21360354856275302,223.24419571979615
2,0.18506174794081,0.2952450606405364,47.27373174146695,0.22564081544686232,228.41185627294144
