PrincipalComponent,coi,c1i,a1i,c2i,a2i
1,0.732838176068597,0.9730803564118331,79.65096205767391,0.009503284852114739,244.68807014827485
2,0.18612705404802463,0.38750651708228145,91.72891809790109,0.0,226.08527907447248
