PrincipalComponent,coi,c1i,a1i,c2i,a2i
1,0.7463725909223988,1.085342564219679,74.28211756213878,0.17210054094926353,222.37755151676208
2,0.130987959201688,0.10999550803968118,41.45966107859052,0.17168353250682003,224.74055748437019
