PrincipalComponent,coi,c1i,a1i,c2i,a2i
1,0.6881672490101447,0.8799373083824377,67.10989620677088,0.22273002920880836,221.21958576835425
2,0.1339080819334211,0.26865009255406747,41.27709421688467,0.21199953649911688,222.77015604845153
