PrincipalComponent,coi,c1i,a1i,c2i,a2i
1,0.7307109699811932,0.9841058556232624,77.86171673113972,0.22066081719353436,222.023880947181
2,0.17075491528385664,0.18882771699975986,42.60479919934631,0.22081277218833356,225.37517810493648
