PrincipalComponent,coi,c1i,a1i,c2i,a2i
1,0.7238447235912394,0.9658690325400907,77.14111765200462,0.23486277828911184,221.68685755528924
2,0.17164721794486973,0.1956999625311804,42.29785310352101,0.23292777289790456,225.08893059458688
