PrincipalComponent,coi,c1i,a1i,c2i,a2i
1,0.743123325671584,1.0708824196758349,76.37443534391693,0.1737467767126939,222.52726097667718
2,0.1424683109725649,0.1339150583994953,42.11414949606469,0.17569244899323824,225.28441127729178
