PrincipalComponent,coi,c1i,a1i,c2i,a2i
1,0.6913506533815412,0.9510730529785472,69.30774217293398,0.25784325355870896,220.53858253964793
2,0.1517482989094647,0.23097327688770752,40.08737094587615,0.2474862811868511,222.83742903539022
