PrincipalComponent,coi,c1i,a1i,c2i,a2i
1,0.6944591168872304,0.9786897896735478,74.84688593064872,0.018741357804693947,247.28961947508117
2,0.18156055642204805,0.3969344250119308,94.52418278912177,6.685601512622677e-18,222.60285792498948
