PrincipalComponent,coi,c1i,a1i,c2i,a2i
1,0.7311716672144202,0.8846586049661644,68.38434909691081,0.2611911697149149,220.67561829106697
2,0.15369435636053108,0.2349122906555619,40.20846630593911,0.24981839071059714,222.70001375707096
