PrincipalComponent,coi,c1i,a1i,c2i,a2i
1,0.7374260396180301,0.8415841335516516,71.42513874657824,0.24479669078446623,221.51502288076915
2,0.15613233760338097,0.23616810080493816,41.82523631360033,0.23554135981807883,223.83202737774238
