PrincipalComponent,coi,c1i,a1i,c2i,a2i
1,0.7567185242880804,1.1072734021020043,72.03863112197271,0.16943991908671083,222.2054975294073
2,0.11575492127068719,0.06529465433623613,40.77235136340298,0.1668275813098309,224.17541114807494
