PrincipalComponent,coi,c1i,a1i,c2i,a2i
1,0.7173270130014252,0.955178118961168,75.31081614217966,0.245627231456269,221.38174333821888
2,0.16810132240006323,0.2046357259447868,41.732106883265295,0.2409373566162222,224.55133957183017
