PrincipalComponent,coi,c1i,a1i,c2i,a2i
1,0.733354587309566,0.993515872613929,77.90190901472465,0.21331777472471458,222.16198916574967
2,0.16890928074718542,0.18597295032232983,42.66993281937827,0.21411136820406576,225.44023921740208
