PrincipalComponent,coi,c1i,a1i,c2i,a2i
1,0.7508405933126318,1.1032352687685347,72.7935478875666,0.17051663012034493,222.2713073022934
2,0.12141988091856336,0.08308566031757411,41.01625009547326,0.16867986100074917,224.36211170077027
