PrincipalComponent,coi,c1i,a1i,c2i,a2i
1,0.7386055312381088,1.0427677336008203,77.61709820298294,0.18640257106218283,222.4660026651401
2,0.15388529725098166,0.15208888668407963,42.49663913915544,0.1889777182606565,225.54411041288378
