PrincipalComponent,coi,c1i,a1i,c2i,a2i
1,0.7513557984923802,1.10435427492609,71.96281625595304,0.17248633253283527,222.1785815156575
2,0.11812716446251054,0.07236326277436514,40.7800424699682,0.1696881136631944,224.13922046588272
