PrincipalComponent,coi,c1i,a1i,c2i,a2i
1,0.7911369164474644,1.1733387552664867,80.8688777193599,0.12874113162659348,222.78221940194484
2,0.1332162766177841,0.13674502531020952,42.73217008173454,0.14188744933160813,226.31240158848271
