PrincipalComponent,coi,c1i,a1i,c2i,a2i
1,0.7309641539665921,1.0992521051388269,72.79058135708922,0.19485841420185593,221.06953652320206
2,0.14015223201621374,0.1934808909963281,40.623275668876595,0.1912923420258767,223.7767950806858
