PrincipalComponent,coi,c1i,a1i,c2i,a2i
1,0.7618054759669984,1.1049987431953918,78.88245067012811,0.1764443615029257,221.78862940573174
2,0.14890931712954772,0.17608035009440337,42.08880027856241,0.1820354932755163,225.45863850106687
