PrincipalComponent,coi,c1i,a1i,c2i,a2i
1,0.7802194383616718,0.96406914922471,73.78842466156806,0.19581047057893833,221.6440478845866
2,0.13557249700912266,0.2083286562345384,41.47861404229761,0.1915805235624086,224.29901837719703
