PrincipalComponent,coi,c1i,a1i,c2i,a2i
1,0.7691578585034797,1.117212280943002,80.723573631939,0.16334702162750178,222.06729121451127
2,0.150765525179853,0.1694286737571198,42.5864980505635,0.17298784609806378,225.99265701772148
