PrincipalComponent,coi,c1i,a1i,c2i,a2i
1,0.8068903333927937,1.2415463036538155,76.06530881410882,0.10175643105879537,222.81171438620362
2,0.08788419997723913,0.05931247823658305,41.65614703980174,0.10857114696595019,225.29053835969572
