PrincipalComponent,coi,c1i,a1i,c2i,a2i
1,0.7735907514670428,1.022979495701253,72.16378417220693,0.20018897474368144,221.20164085707705
2,0.13723912737151056,0.20649981811925078,40.62299148333989,0.1949283148993667,223.68199942138043
