PrincipalComponent,coi,c1i,a1i,c2i,a2i
1,0.7314377095970881,0.9948038308400963,69.28916177430348,0.1794597875485095,221.34331571298117
2,0.11372137389428459,0.2394320848957582,40.8885026681494,0.17206543236074814,223.18886838757558
