PrincipalComponent,coi,c1i,a1i,c2i,a2i
1,0.802703405413903,1.2271912718985798,77.09837681822134,0.10866262595450986,222.77187192626465
2,0.09902089550609916,0.08179133941638672,41.88990761256927,0.1167630724774527,225.4886555964799
