PrincipalComponent,coi,c1i,a1i,c2i,a2i
1,0.7940815365083097,1.1910362935637773,79.96457248831712,0.12300190850867188,222.79883144886753
2,0.12196112384676591,0.11756865340823729,42.488257728782905,0.13505675596102232,226.14204182203906
