PrincipalComponent,coi,c1i,a1i,c2i,a2i
1,0.7819554166693083,1.1449782956455712,81.33109862567206,0.141882852990242,222.55353090833106
2,0.14450719943661006,0.15943723676582874,42.867133672649786,0.15454266900628577,226.31280527306768
