PrincipalComponent,coi,c1i,a1i,c2i,a2i
1,0.8118189257608547,1.243431791097945,76.4885770598084,0.09612602332534866,222.89817909592546
2,0.08572565175519663,0.05731987526191757,41.7764004667976,0.10385642123327138,225.42763841234284
