PrincipalComponent,coi,c1i,a1i,c2i,a2i
1,0.774145879078682,1.0530996547131006,78.45304805189406,0.006117713556204136,242.86750333336843
2,0.16067692079071608,0.3350447359058713,90.22078849195553,4.698631982399916e-18,225.7088421213603
