PrincipalComponent,coi,c1i,a1i,c2i,a2i
1,0.777828722073819,1.136536718370821,81.44792271953635,0.1480080135851355,222.41525667431097
2,0.14786901690300866,0.16312735544354487,42.85191645005324,0.1603330569077936,226.28596781191274
