PrincipalComponent,coi,c1i,a1i,c2i,a2i
1,0.7373965113190405,1.0595025114733523,74.5780189855009,0.013461791428019176,244.9824982976344
2,0.15544156082092164,0.34432173705793573,92.33924191131855,2.7302959227072795e-18,222.8383913302549
