PrincipalComponent,coi,c1i,a1i,c2i,a2i
1,0.8069232629575264,1.241258258017687,76.41932695442316,0.1025663594759599,222.82093397827796
2,0.0901596019598848,0.0652817654688948,41.748274439346076,0.10995935953684245,225.3665485697692
