PrincipalComponent,coi,c1i,a1i,c2i,a2i
1,0.8338462964335188,1.1057905240466788,74.7839939106988,0.10105772476067905,223.06094607125496
2,0.06806412473441635,0.21022400709159397,42.35037725128253,0.10357955286097566,225.0817997261068
