PrincipalComponent,coi,c1i,a1i,c2i,a2i
1,0.9061808004719094,1.4433659777162713,85.42553208461258,3.804464536317131e-17,224.12322687658084
2,0.04830556479731767,0.039412288316554675,43.83646517703043,0.035778909626615764,227.8981555248849
