PrincipalComponent,coi,c1i,a1i,c2i,a2i
1,0.9010441031045658,1.4221678299504872,91.38827201607704,0.0,223.92637425687175
2,0.08226880416742327,0.11075206238404152,45.12606850501695,0.05770265618497994,229.20715283370006
