PrincipalComponent,coi,c1i,a1i,c2i,a2i
1,0.8799382417931874,1.4061128475387425,92.43002273179059,0.00259056543932068,223.72108384584007
2,0.09580736772907676,0.13646197058154905,45.327338828353625,0.06333762225187899,229.39348030268428
