PrincipalComponent,coi,c1i,a1i,c2i,a2i
1,0.9138642480252218,1.4479069848978963,87.30645279892936,2.5856298980598116e-17,224.08167375679994
2,0.05311367460527834,0.05526129912344968,44.195807833786255,0.044188479516864186,228.3018435254673
