PrincipalComponent,coi,c1i,a1i,c2i,a2i
1,0.8947538698264769,1.4185468363081841,91.97063520234245,6.928872576992178e-17,223.86204103103432
2,0.08761850966457187,0.11816666472469817,45.245906548545705,0.05975382551695752,229.31403527873286
