PrincipalComponent,coi,c1i,a1i,c2i,a2i
1,0.9138392074471761,1.4424196200003017,88.98013905770563,4.2511819847693434e-17,224.07962383290473
2,0.05950647152924083,0.06851008326833403,44.57982397644525,0.04978780722472192,228.6938453113653
