PrincipalComponent,coi,c1i,a1i,c2i,a2i
1,0.9096910623400554,1.4463560596538825,85.9901763814466,0.0,224.08644779364693
2,0.049721968283053725,0.045664296076607734,43.938382073133,0.039752797515572036,228.00586856855105
