PrincipalComponent,coi,c1i,a1i,c2i,a2i
1,0.8262371511569069,1.353448351811392,83.87926644035907,0.060971003481106865,223.13836338455093
2,0.10568711945940311,0.15837414035945652,43.59477104705191,0.08892407163190108,227.1532022244493
