PrincipalComponent,coi,c1i,a1i,c2i,a2i
1,0.9054922041263619,1.4309817068755715,85.67280811315115,0.0,224.19165951872887
2,0.048324030343741685,0.0435467958880188,43.897960387132855,0.02772218651315623,227.98933325830654
