PrincipalComponent,coi,c1i,a1i,c2i,a2i
1,0.8661553034803313,1.3895179868911725,91.13941086898441,0.015543406961352327,223.60732389765454
2,0.10140280044766271,0.1482421696568748,45.09265503555244,0.0699666061644067,229.03748111614036
