PrincipalComponent,coi,c1i,a1i,c2i,a2i
1,0.8858645502263163,1.1807995240629094,85.1013311873871,0.07714358949715026,223.5239846830403
2,0.08422736168717054,0.1940501685942681,44.23564604357987,0.10177039622292287,227.64771725452096
