PrincipalComponent,coi,c1i,a1i,c2i,a2i
1,0.9132320789009795,1.4358298145957555,90.04544914091356,1.259982780351619e-16,224.0281810806353
2,0.06807704555940212,0.08456900258723828,44.79558184856445,0.05335386710121429,228.9174837238121
