PrincipalComponent,coi,c1i,a1i,c2i,a2i
1,0.8825874921780521,1.2544566350257251,83.14789663109129,0.07783485106404037,223.13477466538853
2,0.08536264207988206,0.18132064143433788,43.371524099044464,0.10013210258642165,226.96724907308442
