PrincipalComponent,coi,c1i,a1i,c2i,a2i
1,0.9038192394651265,1.438294776786006,85.36247270558098,4.710374228141106e-18,224.1604494100686
2,0.047917366091471576,0.040653460519973865,43.829721376316705,0.031892585620466055,227.9002987940226
