PrincipalComponent,coi,c1i,a1i,c2i,a2i
1,0.8716078718976509,1.111383396332327,79.2982544330069,0.07678456286118562,223.62092958791055
2,0.07277030648037967,0.21639871282595272,43.39476111436256,0.08724630792048269,226.33678091862814
