PrincipalComponent,coi,c1i,a1i,c2i,a2i
1,0.8307517511586424,1.1811592316626887,78.0024173080222,0.09173245532855992,223.26901586598385
2,0.07193305626262644,0.20913617370601228,43.16233346861047,0.10099587849890018,225.9313155723291
