PrincipalComponent,coi,c1i,a1i,c2i,a2i
1,0.8975993177962978,1.6939903716408324,95.82695938441181,7.253500347380932e-17,221.89650339678596
2,0.048251611985243546,0.039023608149264366,45.54153840409177,0.009118420465733487,229.62935137956543
