PrincipalComponent,coi,c1i,a1i,c2i,a2i
1,0.8722015398080643,1.6357605204896284,95.34952382964669,7.281513246406182e-17,222.4738727636358
2,0.054252787726190466,0.07395762507504844,45.790449204325434,0.0009013559087470516,229.75359955319212
