PrincipalComponent,coi,c1i,a1i,c2i,a2i
1,0.9349084105240171,1.7389173085844762,97.93782632787241,0.0,220.91995335166084
2,0.033847070037509135,0.024335231025499456,45.63456815026103,0.014725829472927983,229.79081015889477
