PrincipalComponent,coi,c1i,a1i,c2i,a2i
1,0.8716051870092496,1.622972931924609,95.7523175978105,0.0,222.4854079662166
2,0.056787493828690215,0.0800260252476736,45.94066214587363,8.212025028259977e-18,229.86961159752414
