PrincipalComponent,coi,c1i,a1i,c2i,a2i
1,0.8756904709175832,1.6477179515753633,95.12142882779335,1.7155475189652012e-17,222.40409561307067
2,0.05378058639399634,0.06577307250311705,45.65684941926211,0.004069843543993782,229.65806073816498
