PrincipalComponent,coi,c1i,a1i,c2i,a2i
1,0.9288256677549711,1.7468368257092275,97.95168873194967,5.910706872431609e-17,220.58865585745622
2,0.028852042415335788,0.03398647837972258,45.58724028113493,0.02297038331623849,229.68661368543945
