PrincipalComponent,coi,c1i,a1i,c2i,a2i
1,0.9338218029052708,1.7457100679832644,98.6429327248067,4.125068098340933e-17,220.37697192294127
2,0.030453399213364016,0.027868171515935763,45.6480303752015,0.019575894034036347,229.79718148966688
