PrincipalComponent,coi,c1i,a1i,c2i,a2i
1,0.8558768726520747,1.5231877268982756,87.39228008131617,0.035935466880429374,222.79123954865483
2,0.0373264354211105,0.11274060338592594,44.212885314900625,0.08208655920717829,227.8565919227418
