PrincipalComponent,coi,c1i,a1i,c2i,a2i
1,0.9224523749609959,1.656741903392408,93.35652334335238,9.376492538316243e-17,221.45985063429185
2,0.043113227768978045,0.05662810361601844,44.91204815782302,0.06475888432398312,228.83387972238768
