PrincipalComponent,coi,c1i,a1i,c2i,a2i
1,0.9105393790956267,1.712006015795971,97.03117745862158,2.4251830923286572e-17,221.5000987021279
2,0.04343729777900608,0.03203375864377811,45.652384310081054,0.009324872836799714,229.7788202964673
