PrincipalComponent,coi,c1i,a1i,c2i,a2i
1,0.9361656579280933,1.7422124943655308,98.34825901523512,8.115819842478329e-17,220.6871165859325
2,0.032387560920254264,0.024795384831583424,45.65248260424251,0.016313470634050278,229.81958546081003
