PrincipalComponent,coi,c1i,a1i,c2i,a2i
1,0.9249781705348511,1.725541918510565,97.49895354159162,0.0,221.2465640351893
2,0.0387830112599981,0.02775806393878142,45.644739705063806,0.011001456561071184,229.79619724556795
