PrincipalComponent,coi,c1i,a1i,c2i,a2i
1,0.8969035855461439,1.7456879913477616,93.56887129365788,3.464826715221859e-17,221.09706120692684
2,0.030963662859037074,0.044091208646629486,44.877875486848836,0.03805478516663324,228.79015944515996
