PrincipalComponent,coi,c1i,a1i,c2i,a2i
1,0.8858441367332974,1.6706982593709216,95.08623584386552,0.0,222.20093149938302
2,0.05085108641458372,0.04971181535365812,45.514934917169164,0.008205338657777379,229.560947796981
