PrincipalComponent,coi,c1i,a1i,c2i,a2i
1,0.9122417884429795,1.5678812116547582,93.57503202964557,1.1593028116749447e-17,224.20274633184366
2,0.03874473425888112,0.035019259769690496,45.631910285453706,0.008946482534849634,229.84825014264993
