PrincipalComponent,coi,c1i,a1i,c2i,a2i
1,0.9284678027489818,1.5919235606241742,94.85426768779803,1.8409303549748188e-17,223.8822826017411
2,0.03699953474462097,0.02859341916162594,45.79010191106651,0.019287330563581798,230.0262395820141
