PrincipalComponent,coi,c1i,a1i,c2i,a2i
1,0.9088178548144634,1.5497338313296365,94.13121777559672,0.0,224.30266992417165
2,0.04105431029137385,0.0452361699875533,45.82876096929927,0.0015168127086946682,230.03570566545764
