PrincipalComponent,coi,c1i,a1i,c2i,a2i
1,0.9327724214314926,1.5921431615941377,98.32512910930704,1.1051831786198067e-16,223.030003054009
2,0.05202552744613192,0.05196694170648876,46.36127854057622,0.04409328169709578,230.58374249154448
