PrincipalComponent,coi,c1i,a1i,c2i,a2i
1,0.9403335404236897,1.5985868131827443,96.97282723204626,0.0,223.5248916163014
2,0.04189583835277212,0.03504071298522737,46.13882463520613,0.03168858799013921,230.40880706008002
