PrincipalComponent,coi,c1i,a1i,c2i,a2i
1,0.9342013705157749,1.597249217970111,96.25418866740937,9.277827124779897e-18,223.6315371966696
2,0.038832307001594714,0.029827024472885426,46.00713925608243,0.025775095033348114,230.28027248265988
