PrincipalComponent,coi,c1i,a1i,c2i,a2i
1,0.9203781535597915,1.5839934562429556,98.60908802311961,0.0,222.8013291179469
2,0.05932768914159476,0.0611784361935819,46.421269594619496,0.05499444176771208,230.58062456231923
