PrincipalComponent,coi,c1i,a1i,c2i,a2i
1,0.9368571700929634,1.59384025401038,97.8507526948328,8.207640379882454e-17,223.1956909248702
2,0.04841929143807482,0.048144688448792605,46.264536152713504,0.04021619986684696,230.51446783575184
