PrincipalComponent,coi,c1i,a1i,c2i,a2i
1,0.9198329419965267,1.5807820899991527,93.83645888843625,2.228852538376177e-19,224.04259593794563
2,0.03765397259105235,0.02850449721653197,45.61303583803004,0.015060340783108006,229.84329327902608
