PrincipalComponent,coi,c1i,a1i,c2i,a2i
1,0.8596151051914447,1.5665276142020883,93.08156887313433,1.4932346284368266e-16,223.34936376012567
2,0.07925132069104393,0.0986610306619411,45.55292565755073,0.07241574192892918,229.40980380279987
