PrincipalComponent,coi,c1i,a1i,c2i,a2i
1,0.9058841192054385,1.5769054702274454,97.74774324437124,1.394705185338295e-17,222.88304655084812
2,0.06685429543879076,0.07034359544033689,46.256473157510364,0.06510728387644785,230.3886083763261
