PrincipalComponent,coi,c1i,a1i,c2i,a2i
1,0.8944547509101015,1.4514059646263362,92.2374351494605,0.026466481110844087,223.3934050574757
2,0.07844407327678479,0.1267211939250659,45.41678968319091,0.08773679575845127,229.23998048694884
