PrincipalComponent,coi,c1i,a1i,c2i,a2i
1,0.9150991918341972,1.3596025750031124,93.24705612415073,0.04198252771201934,223.65546443598026
2,0.05704569271448534,0.13688711340169535,45.86996898912303,0.101309699422527,229.61228050739186
