PrincipalComponent,coi,c1i,a1i,c2i,a2i
1,0.8492786803395679,1.329864803603628,83.9426576319168,0.08928892729610599,223.5436094479494
2,0.05726986079924025,0.13696654886857845,44.04470288493478,0.11578803315484655,227.36259844866
