PrincipalComponent,coi,c1i,a1i,c2i,a2i
1,0.8854513987232604,1.245622862346034,84.50198427250797,0.0848569769970207,223.68828319860665
2,0.05977438860015967,0.14587571006384276,44.03438047076249,0.1101484873350931,227.54069103843224
