PrincipalComponent,coi,c1i,a1i,c2i,a2i
1,0.8471149049056188,1.2314629688731304,79.631020660151,0.11648801245172112,223.2762847264732
2,0.05648940940611142,0.13773912496927102,42.90696801273097,0.12945722093816,226.23584511925245
