PrincipalComponent,coi,c1i,a1i,c2i,a2i
1,0.9532993740177779,1.765201798364935,100.0,0.03290461441917691,216.2071290784005
2,0.048594454732654856,0.014900084541993278,44.7800346662578,0.027696711680168722,228.84891489616246
