PrincipalComponent,coi,c1i,a1i,c2i,a2i
1,0.9050306338317471,1.666202706066259,99.30824282560494,0.0,219.82229284891164
2,0.08554131936309009,0.044559814758788646,45.64589746636609,0.059652149982072494,229.7929624426574
