PrincipalComponent,coi,c1i,a1i,c2i,a2i
1,0.951426526594246,1.7641737354601932,100.0,0.01867090544959814,216.6964867801479
2,0.05446885931535145,0.015198503959787432,44.902156471627826,0.032664474705674,228.98852672047624
