PrincipalComponent,coi,c1i,a1i,c2i,a2i
1,0.8945209077353838,1.6387987631835275,99.18823797091339,1.1091195739195732e-16,220.12375377393073
2,0.08906090570860797,0.05932482266171216,45.79347363171278,0.062000058006354476,229.86744681249192
