PrincipalComponent,coi,c1i,a1i,c2i,a2i
1,0.8912133487764223,1.62549119293356,99.36588890947235,0.0,220.1804596640532
2,0.08911730658732415,0.0676754030429549,45.917900133734705,0.06034771254473435,229.94348435597254
