PrincipalComponent,coi,c1i,a1i,c2i,a2i
1,0.9239290654407356,1.724012972038135,100.0,0.0,218.29916451496564
2,0.07398890741638559,0.02732878530869905,45.360433066352996,0.04743004239811285,229.4946768539829
