PrincipalComponent,coi,c1i,a1i,c2i,a2i
1,0.9371272167878886,1.7465589583442191,100.0,0.0,217.85034315941166
2,0.06715510083400451,0.02192866694717701,45.22119655191951,0.04159017549996198,229.34357187772923
