PrincipalComponent,coi,c1i,a1i,c2i,a2i
1,0.9486947787504573,1.76955581818296,100.0,0.0035092565692781217,217.09208829883707
2,0.05765136580480848,0.01602571308153689,45.001722140473696,0.034770016892667635,229.10124730340993
