PrincipalComponent,coi,c1i,a1i,c2i,a2i
1,0.9532205502207695,1.793072703021513,100.0,0.012487207579212473,216.48216838969094
2,0.043644778649107055,0.015876542628658872,44.82896650861608,0.025035997582327163,228.92151862602427
