PrincipalComponent,coi,c1i,a1i,c2i,a2i
1,0.9799085045596457,1.7456792697221326,98.66173955837239,4.27535450445314e-17,218.7877538278756
2,0.0453592082966584,0.014225170821587512,45.07484583801371,0.04193417925435463,229.25368856697108
