PrincipalComponent,coi,c1i,a1i,c2i,a2i
1,0.9488541358332033,1.8102996235344357,98.93632768789547,0.0,218.0472026277971
2,0.037018503165308615,0.019342450685725904,44.96159438805829,0.02613267750427854,229.10383864437338
