PrincipalComponent,coi,c1i,a1i,c2i,a2i
1,0.9581714511294688,1.653801772587149,99.60884289992545,0.0,219.4643796575896
2,0.06625094039976057,0.021152465933178682,45.55091634608532,0.07494325045927035,229.74432378367527
