PrincipalComponent,coi,c1i,a1i,c2i,a2i
1,0.8968897213204945,1.6273462227394822,93.69911006197212,0.0,221.29476314243635
2,0.05979987083566801,0.06453401237379978,44.791646616539545,0.07913614858881018,228.8655918132658
