PrincipalComponent,coi,c1i,a1i,c2i,a2i
1,0.93079972213618,1.515466473259928,92.1932851390974,0.02673018897338554,221.72125200141065
2,0.06297360084965503,0.05956761983590417,44.5740856406506,0.09132570921791829,228.64680275028005
