PrincipalComponent,coi,c1i,a1i,c2i,a2i
1,0.90748645909998,1.5154167680673787,89.55123487654382,0.04051734060618014,221.88379051912588
2,0.04749620925279562,0.06275134671530821,44.10700161330131,0.09390695974631207,228.07961429888132
