PrincipalComponent,coi,c1i,a1i,c2i,a2i
1,0.9024304494084121,1.6636546957673342,100.0,0.018862754544571293,219.34319488008907
2,0.08685706681984065,0.09497268395240141,46.276377802640226,0.0968478408167903,229.8441661736853
