PrincipalComponent,coi,c1i,a1i,c2i,a2i
1,0.8816261233067934,1.6186839950153913,100.0,2.4555943690773108e-17,220.53455962225758
2,0.09545050291535391,0.1207603853474915,46.916852152632806,0.11041304006755007,230.24884999778882
