PrincipalComponent,coi,c1i,a1i,c2i,a2i
1,0.9155374609220409,1.688251123347912,100.0,0.034452442625830394,218.7695739480235
2,0.07955279655837295,0.07921193891120683,45.88753430309662,0.0845093421256344,229.62985596819192
