PrincipalComponent,coi,c1i,a1i,c2i,a2i
1,0.8608128794403205,1.5445435290314715,100.0,6.687590843226195e-17,221.3560290004161
2,0.09686617265486977,0.1708554625160136,48.37263393975116,0.10332204944307613,230.68851090571692
