PrincipalComponent,coi,c1i,a1i,c2i,a2i
1,0.85927593347084,1.5332116527653257,100.0,0.0,221.3064565831082
2,0.09806933167669216,0.1773172150705381,48.598198293289606,0.10138125580857865,230.71072307393183
