PrincipalComponent,coi,c1i,a1i,c2i,a2i
1,0.8881739827503734,1.646678041280032,100.0,0.005670560438741969,219.74587269289592
2,0.09121465163997533,0.10710908326271298,46.555616643721834,0.10431169729303051,229.99780397034803
