PrincipalComponent,coi,c1i,a1i,c2i,a2i
1,0.8741573774486854,1.5856451677307368,100.0,3.175899646307243e-17,221.03247809456084
2,0.09567658580727981,0.14191340558247398,47.38234974147184,0.10765648420760271,230.44796349392965
