PrincipalComponent,coi,c1i,a1i,c2i,a2i
1,0.9220357169402875,1.6997200719579455,100.0,0.06426570962331696,217.94277740173152
2,0.07005105943258176,0.0682227572638459,45.60124738802974,0.06816942065303164,229.36847070676825
