PrincipalComponent,coi,c1i,a1i,c2i,a2i
1,0.922389740338647,1.8059773208445167,99.14200961387726,8.853152704992007e-17,219.757617313562
2,0.05172713425795557,0.05611524278198617,45.60440954401066,0.04513083853284472,229.64046465466643
