PrincipalComponent,coi,c1i,a1i,c2i,a2i
1,0.9636363807348639,1.7717130315493101,99.30503683946368,0.0,220.3051465210098
2,0.0520477464088303,0.0394295098825355,45.69524123066955,0.03635861234548506,229.82458681250404
