PrincipalComponent,coi,c1i,a1i,c2i,a2i
1,0.9242110860834385,1.7380327719323068,100.0,0.04414932402414903,218.2460023740669
2,0.06375339443957662,0.06286590859696525,45.57104829801112,0.05901014389833442,229.4363659933859
