PrincipalComponent,coi,c1i,a1i,c2i,a2i
1,0.9009855469290106,1.7062423987024093,95.26704311533527,3.91681838801231e-17,222.03264022074734
2,0.05301690116424124,0.05660876796531001,45.42351168103705,0.04492436851777576,229.44903359765289
