PrincipalComponent,coi,c1i,a1i,c2i,a2i
1,0.8774697696913417,1.594291205380365,92.79734403870624,1.0078166324274013e-16,222.937612657608
2,0.07217211233510992,0.08073656412255817,45.19509275760097,0.072803018685081,229.15913295275956
