PrincipalComponent,coi,c1i,a1i,c2i,a2i
1,0.8862775191057299,1.5679688206672753,93.290392656976,0.04037308364347157,222.1521691487284
2,0.0831137162515144,0.13772161261118496,45.72736660027752,0.11167140716569408,229.00864882863496
