PrincipalComponent,coi,c1i,a1i,c2i,a2i
1,0.8827531798473504,1.5468238172165842,92.45447461461181,0.050274631191180086,222.2408809701067
2,0.08561931702612642,0.14282452584858027,45.63593524929275,0.11626450680721007,228.84031093743894
