PrincipalComponent,coi,c1i,a1i,c2i,a2i
1,0.8253073279179841,1.3627475227451162,88.21266953823437,0.08711072193892466,223.42366609002502
2,0.09866990270305975,0.2347408562995243,47.11369986839151,0.12686350894337795,228.4385936252223
