PrincipalComponent,coi,c1i,a1i,c2i,a2i
1,0.8909357338994784,1.6149864011408612,94.75351457328776,0.016202493869555305,222.04405228533378
2,0.07700166025928251,0.12935046823078827,45.87540247513411,0.09838685542781893,229.3109894351747
