PrincipalComponent,coi,c1i,a1i,c2i,a2i
1,0.8255668818945434,1.3514257587284921,89.75521517399967,0.07019148355495172,223.87568879384787
2,0.09929560215419327,0.2542696956428341,48.395307356567166,0.11512249428689332,229.06574388428396
