PrincipalComponent,coi,c1i,a1i,c2i,a2i
1,0.8544563320474876,1.4552310394087902,90.27246197032443,0.0804917051996429,222.5633499901636
2,0.09520385264762457,0.17649780188798467,45.85191396372809,0.13164777734953895,228.48475353759832
