PrincipalComponent,coi,c1i,a1i,c2i,a2i
1,0.8317138587734121,1.38378308573001,87.60752509596226,0.09611979710949196,223.00689298146085
2,0.09821412395525178,0.21101250702465923,46.12541120542538,0.1344394881130973,228.071219741689
