PrincipalComponent,coi,c1i,a1i,c2i,a2i
1,0.8691526053702741,1.4931459660764157,91.26926159547277,0.06857223756714662,222.4330934868339
2,0.09199832831464919,0.16216033144961123,45.735301724055184,0.12596859977385322,228.64682958571953
