PrincipalComponent,coi,c1i,a1i,c2i,a2i
1,0.8415312936796212,1.4162269246836459,88.37139334499372,0.09403143557691407,222.75118972327536
2,0.0981695083226854,0.19123255231303204,45.78081731966172,0.1362190522559388,228.12525000834185
