PrincipalComponent,coi,c1i,a1i,c2i,a2i
1,0.9198593092116231,1.6819398549522488,90.56285625501276,0.0,222.40333899254335
2,0.06116711692279963,0.07003626799641904,44.57492252755291,0.06764433033151912,228.3697669380857
