PrincipalComponent,coi,c1i,a1i,c2i,a2i
1,0.8926669132785953,1.6499593523388234,94.53775836337557,0.0035642612842128906,222.16945127087837
2,0.0702075929069199,0.12280094324603327,45.73431105789759,0.08760472953665836,229.2822847410698
