PrincipalComponent,coi,c1i,a1i,c2i,a2i
1,0.8781560195472268,1.6980119787310537,90.666834310686,0.00042049777810378527,222.3081460534316
2,0.05533721541349314,0.11419500478355213,44.75354120304696,0.06928652334111476,228.37434290383666
