PrincipalComponent,coi,c1i,a1i,c2i,a2i
1,0.91790875995607,1.6590748248048324,92.5776064515019,1.7281673471064334e-16,222.59804873536126
2,0.06736342653335807,0.053898151779360325,45.08237252553569,0.03993989372069204,228.98519973517637
