PrincipalComponent,coi,c1i,a1i,c2i,a2i
1,0.8463360931997084,1.5863168213420344,84.92744020438678,0.0,223.24573947875146
2,0.06927133545381117,0.08366001961855471,43.62687245699731,0.04138898360557127,227.4031284782123
