PrincipalComponent,coi,c1i,a1i,c2i,a2i
1,0.8158041030908555,1.4245725758320609,84.17164985052761,0.1355889733043371,222.0863822777146
2,0.0685751942501621,0.18038844887145714,44.05279170430049,0.1634306457478662,226.81472605233378
