PrincipalComponent,coi,c1i,a1i,c2i,a2i
1,0.7585428079862522,1.3363667509421957,85.04001785779595,0.0,237.39335550879903
2,0.12025543947618698,0.41064665745238343,87.947241100223,4.158260451884749e-17,231.97018256699485
