PrincipalComponent,coi,c1i,a1i,c2i,a2i
1,0.8125753232256777,1.381248563220396,82.70278935148674,0.15490158326435408,222.05361869616527
2,0.07297375271880936,0.19035265301790988,43.85661043199517,0.17670907383497897,226.45967205036015
