PrincipalComponent,coi,c1i,a1i,c2i,a2i
1,0.7599361932996497,1.3485883538592343,84.69626852282259,5.4619554015688545e-18,238.50794980533362
2,0.12173576384380297,0.4055910784630871,90.24737225661363,0.0,231.16559390946088
