PrincipalComponent,coi,c1i,a1i,c2i,a2i
1,0.7998503579240305,1.4569727393846963,86.9892327509341,4.113350274272616e-17,242.52023846763177
2,0.11444735993978641,0.3283316127430555,98.7993614218574,0.019603398964514632,225.2685022592811
