PrincipalComponent,coi,c1i,a1i,c2i,a2i
1,0.7867938969633403,1.4292986893380986,86.4943865182921,1.316373504606507e-16,241.80599767074477
2,0.11771969543785098,0.34808567193269474,97.30907958531205,0.01680275288540921,226.90253201670055
