PrincipalComponent,coi,c1i,a1i,c2i,a2i
1,0.7662274299940407,1.3743833019697402,84.54831573331404,6.14247357179057e-17,239.84023747089998
2,0.12139452593207925,0.38230959932904224,92.47129931406194,0.011653636419151075,229.43833302309793
