PrincipalComponent,coi,c1i,a1i,c2i,a2i
1,0.7594132816829674,1.3259884251895024,85.30955139766442,6.092679324401536e-18,237.01569791696397
2,0.1215228681064921,0.4128697328736477,87.14941665034172,1.3549273421380818e-17,232.29137816182535
