PrincipalComponent,coi,c1i,a1i,c2i,a2i
1,0.8097534167485607,1.362783203316408,81.94672970761144,0.1616493819787572,222.04835446964074
2,0.07480132790646314,0.19629108196873232,43.760806473429106,0.18082410281192496,226.28117184406682
