PrincipalComponent,coi,c1i,a1i,c2i,a2i
1,0.7754985824333606,1.4028002767843932,85.25805702439477,7.496225989940398e-17,241.2534622061983
2,0.12120651400012153,0.3671931338531824,95.70152886930614,0.01221242346147672,228.0187338589262
