PrincipalComponent,coi,c1i,a1i,c2i,a2i
1,0.8164811611237731,1.461465992137198,84.1991741838072,0.12243197782448281,222.15072607768286
2,0.06298693488902135,0.17266060404770328,43.91500989306448,0.15220817122700042,226.833901727611
