PrincipalComponent,coi,c1i,a1i,c2i,a2i
1,0.7998936323419875,1.5309006568982892,81.51157892781576,0.10231773987970504,222.13480557390974
2,0.04907065140450821,0.1651748396951299,43.11876319118336,0.12757098056131866,226.1738387967849
