PrincipalComponent,coi,c1i,a1i,c2i,a2i
1,0.8479718451527389,1.5578812246026799,83.98540804117872,0.056138374245819356,222.68917050153894
2,0.048009213865962116,0.14373101101776842,43.66243561564339,0.09139401071253413,226.94123205951507
