PrincipalComponent,coi,c1i,a1i,c2i,a2i
1,0.7948812223399979,1.6392439596913586,83.61211972199186,0.0,223.08805995095722
2,0.04923615806996605,0.10833358650478953,43.621977541128274,0.03872250967890511,227.08308739058694
