PrincipalComponent,coi,c1i,a1i,c2i,a2i
1,0.829378509643895,1.5721470992040425,83.61797542448465,0.0,223.23145418515605
2,0.05864629158242183,0.08937223868132728,43.59625225659015,0.036530535374392714,227.14473335839475
