PrincipalComponent,coi,c1i,a1i,c2i,a2i
1,0.7864083492942597,1.583144457345647,81.64011247533003,6.249421712957445e-17,223.18690768638072
2,0.05737953863233942,0.10463138054958852,43.14073671569643,0.030662234678239076,226.66834378330634
