PrincipalComponent,coi,c1i,a1i,c2i,a2i
1,0.7397091096259663,1.0753330374072458,69.1656694240532,0.1387607295322017,222.51052565610388
2,0.057084312772146,0.07686426932713476,40.34292799666069,0.13378030786424677,223.68383548054345
