PrincipalComponent,coi,c1i,a1i,c2i,a2i
1,0.7683981232310536,1.1452919604890817,73.71206980449627,0.08866006365999979,223.56477655225302
2,0.047248990704228076,0.08166280192912595,41.62393319420048,0.09081724037730178,225.11405810633144
