PrincipalComponent,coi,c1i,a1i,c2i,a2i
1,0.7800574763448008,1.2067227086435994,77.21955512616536,0.054997807159621465,224.30635554893573
2,0.04212381504444837,0.0847200763735174,42.59952269975303,0.06457212415246238,226.19290238988057
