PrincipalComponent,coi,c1i,a1i,c2i,a2i
1,0.7956526568130854,1.2919994429679629,82.02378381023408,0.0074857477102741755,225.12896510669364
2,0.034116354849968285,0.09976883258634714,44.0317497558961,0.03042071770693804,227.61978840678108
