PrincipalComponent,coi,c1i,a1i,c2i,a2i
1,0.8030647147138722,1.3097147259912827,82.87413355345915,0.0,225.18466788174
2,0.03424288345967655,0.10003651868482805,44.25519039305361,0.02579502315309156,227.84071467200744
