PrincipalComponent,coi,c1i,a1i,c2i,a2i
1,0.8115112313568372,1.3286251195580239,83.74879358448412,9.940159288357151e-18,225.18298732767428
2,0.03271999914032297,0.10502749431393915,44.51479507243364,0.01590842172358745,228.05347498947796
