PrincipalComponent,coi,c1i,a1i,c2i,a2i
1,0.83705889160567,1.3724664953796237,86.7356742806801,6.630164175985264e-17,224.90235301151077
2,0.03787107420772739,0.11074050148333901,45.16951142922026,1.0985801344162021e-18,228.67854567456354
