PrincipalComponent,coi,c1i,a1i,c2i,a2i
1,0.8588718322253716,1.3990188422720657,89.30763528518207,0.0,224.7144714012583
2,0.04535852603044677,0.11377544431528047,45.93921033553289,1.2784546737932339e-18,229.26447910514707
