PrincipalComponent,coi,c1i,a1i,c2i,a2i
1,0.8631987124309506,1.4098339609317085,89.68000687470645,3.061952894456541e-17,224.694454090809
2,0.05686981420765001,0.12020772865672269,46.54079055565331,4.081168184215277e-18,229.42603112346578
