PrincipalComponent,coi,c1i,a1i,c2i,a2i
1,0.4080926769116412,0.6289421373129143,69.49095022671544,0.0005136199936236099,230.96600313397116
