PrincipalComponent,coi,c1i,a1i,c2i,a2i
1,0.24336505082000703,0.18515213200087094,28.91824092043781,1.3233054264167825,210.2610455695883
2,0.06547659050935802,0.13412893275555499,28.843817385299605,0.48165789794307845,209.82793677165657
