PrincipalComponent,coi,c1i,a1i,c2i,a2i
1,0.27821884242304495,0.6406161190043009,100.0,0.8730643156958012,200.89193417262294
2,0.03299481043102058,0.044518475111374925,42.82340979865124,0.30964638514692794,226.33739083006378
