PrincipalComponent,coi,c1i,a1i,c2i,a2i
1,0.17610736835644547,0.0,28.946001753381566,0.9622429402868168,210.1596596855069
