PrincipalComponent,coi,c1i,a1i,c2i,a2i
1,0.26693315255567046,0.6731411139427039,100.0,0.8016820554459793,200.35140346916333
2,0.06151563346596407,0.03366013692398288,42.798804282224616,0.45834620036324925,227.3754368674418
