PrincipalComponent,coi,c1i,a1i,c2i,a2i
1,0.32716734563738464,0.09157451977430933,28.96980743247723,1.788868069328295,210.36876767308377
2,0.0014519747003925224,0.005839773992024988,28.898309753233274,0.01056064877264117,209.95236721395997
