PrincipalComponent,coi,c1i,a1i,c2i,a2i
1,0.2873060886192727,0.5243921410941742,100.0,1.0145912358588114,191.6989870096719
2,0.022478810595418872,0.04683200345494072,40.24478089913458,0.2390753948680578,223.61551655475478
