PrincipalComponent,coi,c1i,a1i,c2i,a2i
1,0.32879832569425244,0.0,55.48061242845931,1.631458236526229,165.48391318450987
2,0.005441860943876077,0.023932671383635324,22.770583461745307,0.07778563981962273,203.515894207514
