PrincipalComponent,coi,c1i,a1i,c2i,a2i
1,0.23967029237701531,0.19371305527392146,28.967273589765338,1.384685358974383,210.2901299389432
2,0.07577787326343648,0.06358278969447395,28.89061850009986,0.5044932227039722,209.87034580335225
