PrincipalComponent,coi,c1i,a1i,c2i,a2i
1,0.2830134063686532,0.3475482040467899,100.0,1.1095428526958586,178.69335653981716
2,0.07492351187725255,0.04147736638466264,37.280434988864926,0.5098631945893449,223.84427780654602
