PrincipalComponent,coi,c1i,a1i,c2i,a2i
1,0.2712731293896759,0.6700380982828588,100.0,0.8133358289917971,202.89236893892226
2,0.04715126655736656,0.04458109038575118,43.451439996123035,0.39543487243133507,227.17526338295292
