PrincipalComponent,coi,c1i,a1i,c2i,a2i
1,0.31048358561932754,0.24004405674383175,100.0,1.3327649962840653,172.337134291346
2,0.014403268359983547,0.03903779691348452,34.92807035272198,0.15958600578475102,217.60972752919275
