PrincipalComponent,coi,c1i,a1i,c2i,a2i
1,0.268221626710898,0.6843956943354826,100.0,0.7885800941630148,203.13100838164922
2,0.05217935827732024,0.043458298683109645,43.548015079553366,0.417078939864385,227.14757586333164
