PrincipalComponent,coi,c1i,a1i,c2i,a2i
1,0.276306629094518,0.2936682220131143,100.0,1.1559884859163438,182.28800194519386
2,0.0746434774766236,0.03928516434586628,38.51101921554592,0.5787085600755207,231.6372207913117
