PrincipalComponent,coi,c1i,a1i,c2i,a2i
1,0.25494446553815486,0.17543871382045412,28.984130539301805,1.530990574393713,210.38068944002805
2,0.015962633622415713,0.055182597231198484,28.912036719905796,0.23417940756884492,209.95480268759877
