PrincipalComponent,coi,c1i,a1i,c2i,a2i
1,0.22278253574949647,0.2045846942073675,28.99357856656142,1.3740820317674354,210.2698814791027
2,0.08233274197762135,0.02446848740728603,28.914604202999406,0.609562156144485,209.85988761974164
