PrincipalComponent,coi,c1i,a1i,c2i,a2i
1,0.3420503026831151,0.006059361768250997,28.991769517020053,1.8766049631415966,210.37852867710595
2,0.0055908420041265,0.019327557775382843,28.920513485503182,0.046188064115272494,209.95734222298287
