PrincipalComponent,coi,c1i,a1i,c2i,a2i
1,0.24942231562601688,0.12311441702421583,28.93991698370636,1.3588523520523514,210.26434635545596
2,0.07815583223283011,0.12459556597131448,28.863340408825863,0.5691785669681847,209.82444828170634
