PrincipalComponent,coi,c1i,a1i,c2i,a2i
1,0.17632092653145418,5.352276405040855e-18,48.8658976540171,1.0989711939901898,250.0
