PrincipalComponent,coi,c1i,a1i,c2i,a2i
1,0.24823081269658212,0.2975798946324796,59.77309601961391,1.220383860694726,202.75970450735431
2,0.05241107517389552,0.04203373997613569,33.75202557944929,0.4982532335577824,218.12263499878355
