PrincipalComponent,coi,c1i,a1i,c2i,a2i
1,0.25421695751934903,0.26625726061017085,56.603542075065825,1.287279266894321,201.40788605495646
2,0.035393168855610356,0.049223254208874495,32.331009764162225,0.40463232249661646,216.35082429853222
