PrincipalComponent,coi,c1i,a1i,c2i,a2i
1,0.2687059004347994,0.4216770532764063,100.0,1.0273863619212256,189.28602938764158
2,0.06792710852223034,0.03889985028707796,39.865109196796986,0.5575302388298602,229.85325772829654
