PrincipalComponent,coi,c1i,a1i,c2i,a2i
1,0.34970746440695377,2.3792039897224077e-18,36.76283872861593,2.041903800950901,232.48183296636387
2,0.003481771409054888,0.0062441718909099254,36.629905554818656,0.015888647204452377,218.5345707238259
