PrincipalComponent,coi,c1i,a1i,c2i,a2i
1,0.26927132589559166,0.44125337280801435,100.0,1.0063438338868262,193.11139165165508
2,0.05931136952988251,0.04902024116136817,40.32058354325413,0.5165622550762126,228.6049649966784
