PrincipalComponent,coi,c1i,a1i,c2i,a2i
1,0.22767085893326353,0.21976855456508557,28.99099948946261,1.4376828751252597,210.3676875455392
2,0.02229121163325148,0.05516658347262588,28.917762678428364,0.3286550591840919,209.95085792300944
