PrincipalComponent,coi,c1i,a1i,c2i,a2i
1,0.29367304615312395,0.10963902003954415,28.973549601797885,1.6531661436700453,210.36789415031336
2,0.011075714657410128,0.04307591774505583,28.90177419895152,0.1346384126863555,209.9509924990641
