PrincipalComponent,coi,c1i,a1i,c2i,a2i
1,0.2671449277317288,0.9471806364764882,100.0,0.5727280257790929,213.10379211264328
2,0.03884532659730433,0.04946783408221284,46.37709389511339,0.2869278311311826,228.86592125290065
