PrincipalComponent,coi,c1i,a1i,c2i,a2i
1,0.31872845977256364,0.5474924606219189,100.0,1.0940904612176456,181.720216870642
2,0.004959574403055079,0.011186700465630235,37.561836339929194,0.030746740438689475,219.72961582470526
