PrincipalComponent,coi,c1i,a1i,c2i,a2i
1,0.26910813719868254,0.8683638351980754,100.0,0.6507167265736428,208.32714141228868
2,0.059114788684168876,0.043886899833015094,45.05693723275653,0.3673259029433702,227.7055646383875
