PrincipalComponent,coi,c1i,a1i,c2i,a2i
1,0.2807433512192892,0.8824303799847154,100.0,0.6876458147960844,208.71166855626836
2,0.017044374991865688,0.0406944757345496,45.09029005385079,0.15376535677053838,227.79272397117452
