PrincipalComponent,coi,c1i,a1i,c2i,a2i
1,0.26224789881998156,0.9461274395511186,100.0,0.5679756262462231,211.1587953874601
2,0.05304972911730557,0.04245008001931644,45.70285010368476,0.34532880338463984,228.51363863593542
