PrincipalComponent,coi,c1i,a1i,c2i,a2i
1,0.27606757605358406,0.7295104817478746,100.0,0.7795596124354364,200.47678193558812
2,0.06606138713467327,0.05660931926560655,43.436463249917196,0.39497514155452573,225.4304585122712
