PrincipalComponent,coi,c1i,a1i,c2i,a2i
1,0.1496618213456088,0.10129789916730095,28.91568699110041,0.8350542005950399,210.16014259317785
