PrincipalComponent,coi,c1i,a1i,c2i,a2i
1,0.26382844649124293,0.9576800428958574,100.0,0.5522678853128941,213.17523156892867
2,0.04378630669229051,0.0498734502372994,46.39541418580784,0.30683315676735695,228.8332330098293
