PrincipalComponent,coi,c1i,a1i,c2i,a2i
1,0.22050021355596797,0.28433331355849706,28.961969750085636,1.356242778356203,210.30842758364452
2,0.06501700189689037,0.07976480513671377,28.885467993380264,0.4031310154776134,209.89676539139654
