PrincipalComponent,coi,c1i,a1i,c2i,a2i
1,0.273469578701801,0.9401343838312498,100.0,0.6042135779271766,212.45634570757835
2,0.025682274054400857,0.0434794239314225,46.12560394965994,0.21355731283284332,228.8020681989399
