PrincipalComponent,coi,c1i,a1i,c2i,a2i
1,0.29897842411687525,0.7815498941709222,100.0,0.8284474783862303,201.6826073720574
2,0.010536660526630803,0.029073074640035466,43.05792763908489,0.09061601433179371,225.72849218435684
