PrincipalComponent,coi,c1i,a1i,c2i,a2i
1,0.22610309803134965,0.2700613543858248,28.90811597441475,1.2891637300938878,210.26943216202648
2,0.05270335949855686,0.15602125701047687,28.835773979708375,0.3861271202079329,209.84691688254821
