PrincipalComponent,coi,c1i,a1i,c2i,a2i
1,0.22933667764358154,0.4458781127805509,42.418939556873596,1.2652139127075863,210.94799339683982
2,0.054478935231495995,0.07295545132425635,32.5632177803939,0.2740061302289648,213.5425231602663
