PrincipalComponent,coi,c1i,a1i,c2i,a2i
1,0.24231277488205744,0.8879444914339353,74.60493138417009,0.7875197732011632,218.22788960238603
2,0.033022248232940005,0.02641758197612463,41.523733647829324,0.17029915081131314,223.95690164389063
