PrincipalComponent,coi,c1i,a1i,c2i,a2i
1,0.156195627971688,0.5098313265133222,100.0,0.31588459058968477,226.57514303207952
