PrincipalComponent,coi,c1i,a1i,c2i,a2i
1,0.23923436126856573,0.8446792165424085,70.66518149547998,0.8524006393659648,217.62933734101702
2,0.028185473894025523,0.02486697517016462,40.45335951914908,0.1533471452181627,222.78332876102453
