PrincipalComponent,coi,c1i,a1i,c2i,a2i
1,0.1945308919307232,0.4071533867419758,28.941261394952875,1.2600056032545979,210.3605510239967
2,0.04132476356553853,0.14693585925747782,28.869193325510206,0.2800363919740086,209.95147210830476
