PrincipalComponent,coi,c1i,a1i,c2i,a2i
1,0.25726931954272414,1.027258139344931,87.5697031879005,0.6115702452852638,219.52442897727155
2,0.04191031414349031,0.024790734146564852,44.81815712697533,0.20316598930823143,227.71532927150207
