PrincipalComponent,coi,c1i,a1i,c2i,a2i
1,0.2437141866979936,0.8370115098514453,69.90757068404517,0.8714434676537914,217.50523514815677
2,0.015737681593073077,0.01875517962811765,40.23013112003979,0.09617195828290893,222.59772617025538
