PrincipalComponent,coi,c1i,a1i,c2i,a2i
1,0.2541201575479755,0.8685623021993905,78.58836532895452,0.7999110387418125,217.33479188489892
2,0.04761479656456939,0.025523602951730645,42.17773398783979,0.2273427887697684,224.76508432848985
