PrincipalComponent,coi,c1i,a1i,c2i,a2i
1,0.27585770552420447,0.8001976330456095,74.75649880499637,0.9101432907547813,215.9351313371935
2,0.0037110962026385835,0.0052480419952288465,40.80572909214094,0.019820695656138417,223.4180543176443
