PrincipalComponent,coi,c1i,a1i,c2i,a2i
1,0.2512810327200021,0.8122671942423415,70.33159531569035,0.9021210162081712,216.85975865672205
2,0.00901121475199829,0.014070955307401637,40.1357618489909,0.05540324256106766,222.54689693632452
