PrincipalComponent,coi,c1i,a1i,c2i,a2i
1,0.261089336012894,0.7854763883569084,78.52464651441417,0.8678766912968815,215.3397124293572
2,0.0550052413352653,0.0395629694967553,41.69265610187564,0.2598075016069654,224.2035292732878
