PrincipalComponent,coi,c1i,a1i,c2i,a2i
1,0.2197362161057706,0.8180419242369606,58.69153195697121,1.026254585026679,216.51894896199434
2,0.0031825494763608906,0.0038193575877292336,37.34844152705053,0.010076975749188685,219.43887916246663
