PrincipalComponent,coi,c1i,a1i,c2i,a2i
1,0.2154739144756518,0.8502394289828948,59.40145427264982,1.0035712727309454,216.9087917428497
2,0.007940065844324067,0.007518907340006994,37.620412517117664,0.03272173740176305,219.72432837641142
