PrincipalComponent,coi,c1i,a1i,c2i,a2i
1,0.22473260427821137,0.8283171683153266,62.04975441928556,1.0245730768951236,216.56905269886178
2,0.036086417714090484,0.01044893656905436,38.12539677749648,0.142065112640842,220.30182786089688
