PrincipalComponent,coi,c1i,a1i,c2i,a2i
1,0.22948755687260303,0.7530222596959791,60.35602208515634,1.0860998600228096,215.4900978315978
2,0.043970810482960636,0.02185253877593478,37.42395516611288,0.177744286411551,219.57482850297183
