PrincipalComponent,coi,c1i,a1i,c2i,a2i
1,0.21311568138757156,0.858314239772485,60.181935839618625,1.000311864786098,216.97458236727053
2,0.019335695703463787,0.011296643216148839,37.81826400459305,0.07439843003457418,219.92483234133448
