PrincipalComponent,coi,c1i,a1i,c2i,a2i
1,0.11979775916619409,0.3988088567915199,60.57149593652972,0.5137411420407149,222.53459644860052
