PrincipalComponent,coi,c1i,a1i,c2i,a2i
1,0.21630533973854668,0.8825285801113908,62.534900733270206,0.9610057039853517,217.37844349347478
2,0.023334467023038808,0.012310802240808967,38.464970506070514,0.08888674948511317,220.64853135870683
