PrincipalComponent,coi,c1i,a1i,c2i,a2i
1,0.2139586028063602,0.5483568197760734,42.583660847397496,1.3006766374783785,212.2953149605302
2,0.04407085068871625,0.057430131962462085,32.53242684946389,0.196923593580432,214.04503787299777
