PrincipalComponent,coi,c1i,a1i,c2i,a2i
1,0.22464583878510988,0.9065248200813875,66.32447796035784,0.9296649332033775,217.69828381751287
2,0.031188259384099828,0.008735539464472645,39.41268734508224,0.11906742278141708,221.72612829452473
