PrincipalComponent,coi,c1i,a1i,c2i,a2i
1,0.21152020179063702,0.6190828269734405,44.223182365945576,1.3262143948868208,212.84672977490385
2,0.035231272703784115,0.04274962839774815,33.013426939011495,0.14667704900749365,214.61676720356442
