PrincipalComponent,coi,c1i,a1i,c2i,a2i
1,0.2192500814141941,0.9613445896205358,64.87601273990691,0.9687185164039106,217.85633707044514
2,0.021341482340147367,0.0,39.13943665023267,0.0707918492912927,221.3805665590199
