PrincipalComponent,coi,c1i,a1i,c2i,a2i
1,0.2072550549791249,0.9215526809628812,59.95223292960462,1.0196402784075922,217.2465332829919
2,0.01118806380545348,0.003215693999547186,37.84737489041318,0.0338330748620736,219.94228569762862
