PrincipalComponent,coi,c1i,a1i,c2i,a2i
1,0.10429805252798745,0.44747621552383404,59.14828099477413,0.502438992905984,222.91982700851455
