PrincipalComponent,coi,c1i,a1i,c2i,a2i
1,0.21106100021728932,0.9441708559645331,61.936519181296546,0.986350932666587,217.596373600459
2,0.014312077496121853,0.0032666571613096393,38.39178533670797,0.0455683125906518,220.5479137624657
