PrincipalComponent,coi,c1i,a1i,c2i,a2i
1,0.2262956118112229,0.820994129209383,60.04642942094667,1.1164088477855416,215.94687885367125
2,0.033263879300705665,0.0098145847378677,37.49208517584444,0.12541375034444516,219.59690216174252
