PrincipalComponent,coi,c1i,a1i,c2i,a2i
1,0.20588314038993846,0.9104077100183904,59.16344878193595,1.0097532839854744,217.19977793221798
2,0.0033948523797197733,0.001120811404031835,37.649939792574266,0.007361206224065142,219.74041990920412
