PrincipalComponent,coi,c1i,a1i,c2i,a2i
1,0.19013625696198969,0.5694078122881754,35.14579389803689,1.3004789745850687,211.93228483458657
2,0.021971529686376376,0.11809604785313631,31.048780500696434,0.16778667127777594,212.04781393220495
