PrincipalComponent,coi,c1i,a1i,c2i,a2i
1,0.22008373169340487,0.8888230797910323,61.305464400262245,1.0587635891625924,216.85840886266612
2,0.026423887678021726,0.0009352029478215189,38.05168050985799,0.09212115765040142,220.17128884390488
