PrincipalComponent,coi,c1i,a1i,c2i,a2i
1,0.1999323309053977,0.6082353987532704,36.20896378654732,1.340115108107518,212.12681896353038
2,0.014997818908270188,0.1053090039937193,31.270050199936637,0.1368424215704808,212.36315195226845
