PrincipalComponent,coi,c1i,a1i,c2i,a2i
1,0.10570901497754567,0.48593666609078395,60.803519508129725,0.4979730653063218,223.80455627791073
