PrincipalComponent,coi,c1i,a1i,c2i,a2i
1,0.2188131425098036,0.9817484564386713,62.37335531353809,1.0118791100599616,217.74659674500654
2,0.007435175617219163,0.0010209594179971223,38.535979281409865,0.019492212860790094,220.68967228267385
