PrincipalComponent,coi,c1i,a1i,c2i,a2i
1,0.21418557232834382,0.9566170651358732,60.349087971036134,1.044512186207684,217.38767683881304
2,0.004987239237088079,0.0015377953024739745,37.97342780022878,0.01110307558036434,220.06526259077458
