PrincipalComponent,coi,c1i,a1i,c2i,a2i
1,0.22687998333270926,0.9873988669609338,64.26087290088986,1.0152122271713224,217.79484026539018
2,0.011756584353974522,1.1385074381162024e-19,38.98179721534654,0.03804370050608413,221.178111494723
