PrincipalComponent,coi,c1i,a1i,c2i,a2i
1,0.22800353656221675,0.9140271656209981,60.54734234284069,1.1107220141959715,216.8014979988542
2,0.01617118288112778,4.8157071130651496e-20,37.86317979550995,0.05654389386080107,219.92880668116692
