PrincipalComponent,coi,c1i,a1i,c2i,a2i
1,0.2146538271688791,0.636532633293239,36.69296259812842,1.4218075747681176,212.14326980693153
2,0.01031669572051748,0.08322878668147611,31.266580649290184,0.09825292943822768,212.4720650114367
