PrincipalComponent,coi,c1i,a1i,c2i,a2i
1,0.2423152511486164,0.9090790880736326,59.43135728608281,1.2089373107928216,216.29283806672728
2,0.006790838049572595,3.6100947026680156e-19,37.46207253811099,0.020726063456194675,219.4614079255422
