PrincipalComponent,coi,c1i,a1i,c2i,a2i
1,0.24859449992311852,0.8418895888765403,57.503355760273834,1.2836341195561254,215.40726774833408
2,0.01359622026675951,0.0025436339462260155,36.787961347821515,0.04383104529543945,218.70965663893148
