PrincipalComponent,coi,c1i,a1i,c2i,a2i
1,0.24022452775406808,0.9821414606438893,63.23680697715105,1.1060418528846367,217.2870658409676
2,0.0038487187309056204,6.702633177832856e-19,38.610579900711144,0.009465958362770326,220.7380470807768
