PrincipalComponent,coi,c1i,a1i,c2i,a2i
1,0.23230435184723847,0.9871123811147484,62.21374121631553,1.0787442189935887,217.4941110451048
2,0.001323832119620066,1.1087331616264273e-20,38.4308420812256,0.0014748315634492074,220.54902701359404
