PrincipalComponent,coi,c1i,a1i,c2i,a2i
1,0.11395728213430963,0.4952562684614904,61.3804933732207,0.540551744768035,223.64808244265677
