PrincipalComponent,coi,c1i,a1i,c2i,a2i
1,0.24429689606413818,0.6702968238300113,44.75654477051081,1.4867995519545272,212.86360738252066
2,0.01387913865486088,0.026658526663686285,33.177822884561834,0.0496464416881533,214.70906232060287
