PrincipalComponent,coi,c1i,a1i,c2i,a2i
1,0.25578934696708583,0.8456573897740841,58.09792489324526,1.2989764753485442,215.33475317307486
2,0.010184174719930288,0.005544378069877199,36.90144625438003,0.029313465585034885,218.83062441486786
