PrincipalComponent,coi,c1i,a1i,c2i,a2i
1,0.24810724747676619,0.9989402299831072,64.73802684240765,1.0973299323700714,217.42121581779423
2,0.002547273139899132,0.00018766205236117272,38.98920397666691,0.0038176572541045537,221.15661715955235
