PrincipalComponent,coi,c1i,a1i,c2i,a2i
1,0.2222062064230017,0.6350615650596212,36.74897547437038,1.449320080778469,212.09410273773508
2,0.00585855816755881,0.08620306009194544,31.318892091827482,0.07900653608082508,212.47846698528005
