PrincipalComponent,coi,c1i,a1i,c2i,a2i
1,0.12054177187375016,0.5207516477324399,65.25574674776644,0.5162634693791225,225.00526643282905
