PrincipalComponent,coi,c1i,a1i,c2i,a2i
1,0.24970368147719083,0.9191206999010908,60.472591784649914,1.2120819647625305,216.34711563377863
2,0.005018174637222577,0.0007973361108334402,37.72346651819421,0.011549558434078538,219.740329357568
