PrincipalComponent,coi,c1i,a1i,c2i,a2i
1,0.1298415154827425,0.5061419121934541,65.67937452710451,0.5652288204921995,224.35931276929244
