PrincipalComponent,coi,c1i,a1i,c2i,a2i
1,0.25520733985447464,0.6513620570407197,43.3469015883733,1.566403291146335,212.4792656140207
2,0.009109992528374062,0.023278134995728613,32.775240075704346,0.031169370080121883,214.23249126910338
