PrincipalComponent,coi,c1i,a1i,c2i,a2i
1,0.2656476167140151,0.8132242012599441,56.287986657263815,1.3888867827172862,214.66756602555557
2,0.005731867389886121,0.005353139176498316,36.31392609502254,0.013469904605486476,218.1584394547436
