PrincipalComponent,coi,c1i,a1i,c2i,a2i
1,0.2599914001509913,0.8918794403946295,59.54736000583769,1.286540772766673,215.78905194389264
2,0.0020920272928606517,0.0010193075695828203,37.36433612841831,0.002300243006316111,219.3287173754836
