PrincipalComponent,coi,c1i,a1i,c2i,a2i
1,0.278649498536991,0.5822750152460474,38.27419173653999,1.7400953290913008,211.6905860183563
2,0.003373905385166554,0.007758765440701685,31.4101362352053,0.006192109340374554,212.7092092581727
