PrincipalComponent,coi,c1i,a1i,c2i,a2i
1,0.25602631466636716,0.5890789399319999,32.58293644890769,1.676454180403754,211.5381463255023
2,1.3385285747140946e-19,0.04723122671668018,30.154874192138557,0.030683148377893044,211.24468365743164
