PrincipalComponent,coi,c1i,a1i,c2i,a2i
1,0.14062254765152055,0.3514430910273575,48.215804152994565,0.8038491313572476,216.59685511244953
