PrincipalComponent,coi,c1i,a1i,c2i,a2i
1,0.2656086690111792,0.5687868743475609,29.017166971183656,1.7518001049568448,210.47490305600385
2,7.941648613642597e-20,0.01947766977510608,28.955194512801327,0.011972686203890838,210.0243214901535
