PrincipalComponent,coi,c1i,a1i,c2i,a2i
1,0.13589085613215943,0.26295980389415907,29.034004203662054,0.924130972797289,210.27341171557384
