PrincipalComponent,coi,c1i,a1i,c2i,a2i
1,0.1325407695122785,0.4221334584611993,55.79391462512103,0.6943201287886576,220.14894225718658
