PrincipalComponent,coi,c1i,a1i,c2i,a2i
1,0.2717003988598384,0.7507901212187598,51.950788153546384,1.5029028616249471,213.80878569775268
2,0.003316707358946697,0.0034217003051071225,35.099050420034935,0.004633885785129648,216.79929813059238
