PrincipalComponent,coi,c1i,a1i,c2i,a2i
1,0.12928981039156717,0.32510236240380225,28.980224301282888,0.8398457169342272,210.28323907966632
