PrincipalComponent,coi,c1i,a1i,c2i,a2i
1,0.9856826723017124,0.8658699738959743,85.48038290506403,0.4578382929804019,221.93527689905108
2,0.1563395774805247,0.23518071644251973,49.817671330362934,0.140651601666309,227.50382253818228
