PrincipalComponent,coi,c1i,a1i,c2i,a2i
1,0.9872406664644484,0.9101653205283625,92.19006088083228,0.38976303901349196,223.01536407846214
2,0.1644727109743237,0.27428399219855354,54.7187439009232,0.11093194038060629,229.80866493433706
