PrincipalComponent,coi,c1i,a1i,c2i,a2i
1,0.9754969887492053,0.875981316337488,100.0,0.3791932383462705,223.07822082037134
2,0.20013927906703904,0.391930594988349,68.67856324743732,0.02902436932232777,233.10633498537112
