PrincipalComponent,coi,c1i,a1i,c2i,a2i
1,0.9677141944441042,0.836455954190886,100.0,0.4070405814709567,222.6042994905757
2,0.21430943666155772,0.4247767977560722,72.22090948609417,0.019297172396934327,233.14291207324885
