PrincipalComponent,coi,c1i,a1i,c2i,a2i
1,0.9542219314478957,0.8451167871760433,100.0,0.36907224072442724,222.85460218858353
2,0.23339831168844863,0.4379438392050158,71.17001230533346,0.07038156601811389,232.5157186814253
