PrincipalComponent,coi,c1i,a1i,c2i,a2i
1,0.9511245060649193,0.8349007615851501,100.0,0.3767992071849863,222.67010671290322
2,0.23572695297676555,0.4438958785737103,71.96739385935619,0.0735055610668919,232.38181881515092
