PrincipalComponent,coi,c1i,a1i,c2i,a2i
1,0.9074642123775379,0.9271587108362154,95.8067517771301,0.27360110858813713,225.55597995350706
2,0.21567466054632464,0.476484683267744,70.75426209439203,0.11043141794460606,231.5148130624446
