PrincipalComponent,coi,c1i,a1i,c2i,a2i
1,0.11777214541682181,0.1513343503577966,28.859198128958532,0.7337657826254899,210.13310425577927
