PrincipalComponent,coi,c1i,a1i,c2i,a2i
1,0.8020781780176773,0.7397921281167865,29.658356538636372,1.4685856180664072,250.0
2,0.004728550070511184,0.008110624933700452,38.73541925289691,0.0005662312865886279,221.77459627069706
