PrincipalComponent,coi,c1i,a1i,c2i,a2i
1,0.8514609939573528,0.48762253267115946,37.65298245318527,1.1651128864719877,215.94712749869345
2,0.11237518148169413,0.16631403563813066,33.67133975822889,0.151967942911452,214.0051409016191
