PrincipalComponent,coi,c1i,a1i,c2i,a2i
1,0.847270584909543,0.485915783004956,40.4920956135957,1.0804454177705134,214.60422970071474
2,0.1458340985508068,0.19070429390947263,33.51061152325712,0.25348105475583327,214.02585511289152
