PrincipalComponent,coi,c1i,a1i,c2i,a2i
1,0.8040487047576014,0.7606817037281958,71.01418752795696,0.4397575014808199,223.00262886871187
2,0.1716320026952695,0.41733916897145995,51.277226763531296,0.4166668888299732,223.9102133238286
