PrincipalComponent,coi,c1i,a1i,c2i,a2i
1,0.8563860590774839,0.5797895553397538,34.83924367720662,1.2852003797266986,250.0
2,0.07459355593294005,0.12034677119647938,46.04431267088876,0.03497336892391892,223.98319300105743
