PrincipalComponent,coi,c1i,a1i,c2i,a2i
1,0.8427106989995037,0.6020380636561697,31.551848520956643,1.3628762381578097,250.0
2,0.046079090941202196,0.08857576978499818,41.54707753974898,0.014336857133823176,222.69577954708737
