PrincipalComponent,coi,c1i,a1i,c2i,a2i
1,0.8489964042484646,0.4821224300602082,39.25457314150445,1.112462925762804,215.13869504792254
2,0.131363899200461,0.18543763886003908,33.750597100829,0.21405794150758234,214.046590103546
