PrincipalComponent,coi,c1i,a1i,c2i,a2i
1,0.8191919968296609,0.6604759083260787,29.939264862817684,1.4196818849217523,250.0
2,0.022920877886126664,0.04602348177856143,39.23923551218581,0.004278107585076215,221.96478502271725
