PrincipalComponent,coi,c1i,a1i,c2i,a2i
1,0.8310924951501089,0.6654381520890532,66.41110318466406,0.5985693747828446,219.56129359084534
2,0.17662795519458843,0.3630572670140626,46.69773202296734,0.42761114359559466,221.47092554781347
