PrincipalComponent,coi,c1i,a1i,c2i,a2i
1,0.8594619269601279,0.5048617393514886,36.822230223011836,1.2192391924965864,216.68867832505947
2,0.08823957149161035,0.13245978261741553,33.14037736663852,0.09654617324191922,214.03798931195277
