PrincipalComponent,coi,c1i,a1i,c2i,a2i
1,0.8480531172013631,0.47796248354553983,43.87785773704871,0.9774103930543098,213.11936254175674
2,0.1694206397231917,0.23569125721669185,33.73214088533406,0.38867606438581975,213.9362987287341
