PrincipalComponent,coi,c1i,a1i,c2i,a2i
1,0.4050459725296808,0.3392924256611966,28.85235379981106,0.7451236163756623,210.47487195680137
