PrincipalComponent,coi,c1i,a1i,c2i,a2i
1,0.8516748097641098,0.48350231503466934,37.9025933552215,1.1507400551350144,215.67585084012438
2,0.1199047016807535,0.17426190364892483,33.726697033511364,0.1715965924318521,213.96777841245412
