PrincipalComponent,coi,c1i,a1i,c2i,a2i
1,0.8477253847732841,0.4785734641973119,41.97625629105361,1.0322283811826725,213.726570769993
2,0.1613714834932692,0.20173930308725274,33.16653327280444,0.3240843164698306,213.9043862117428
