PrincipalComponent,coi,c1i,a1i,c2i,a2i
1,0.8426730078142459,0.5486146080471297,54.05874214493531,0.8058504575809724,215.33357187822753
2,0.17548634353588666,0.29992653120327056,38.67686014728141,0.4259114829122866,217.02111853291976
