PrincipalComponent,coi,c1i,a1i,c2i,a2i
1,0.789811738636311,0.7281605403647788,30.78706020270198,1.5152894017672722,250.0
2,0.018974711745282456,0.02836300199592292,38.95961600418357,0.007067117145023035,221.9988592770081
