PrincipalComponent,coi,c1i,a1i,c2i,a2i
1,0.8125233176223663,0.5474679328480997,35.68329412353777,1.2681391907274062,250.0
2,0.12298998022535679,0.2008728885257351,55.88060907322079,0.06475951195084896,225.12275143068388
