PrincipalComponent,coi,c1i,a1i,c2i,a2i
1,0.7692336486683774,0.5611733448529921,48.43940603274114,0.785624184918212,228.21925385662607
2,0.2316305902275151,0.5804329995121987,83.65275075078335,0.19006815780533276,222.5272757144772
