PrincipalComponent,coi,c1i,a1i,c2i,a2i
1,0.8057924624749345,0.5294488480682362,36.570440750826414,1.206852315502336,250.0
2,0.15519391352230905,0.26711129328112737,65.93569928434324,0.07488397643478159,225.7294512125184
