PrincipalComponent,coi,c1i,a1i,c2i,a2i
1,0.8124595938064744,0.4510361057726672,41.969730448133895,1.0152988394068312,214.58673724820412
2,0.197122094003739,0.2681783266013673,36.64885152769513,0.41998948633738586,213.70576070873838
