PrincipalComponent,coi,c1i,a1i,c2i,a2i
1,0.39803377427209286,0.3448867789225295,28.877081908800186,0.8102732280237436,210.4654469739994
