PrincipalComponent,coi,c1i,a1i,c2i,a2i
1,0.8268628989344456,0.5561127539169115,34.132807428143785,1.326442119115307,250.0
2,0.09611293038157973,0.16116727725143845,49.46346510561535,0.04897008708106651,224.1977335857319
