PrincipalComponent,coi,c1i,a1i,c2i,a2i
1,0.8175050735150806,0.46451711873667934,40.27469591080829,1.1060821143574286,216.2217712947686
2,0.16983894742889435,0.22311590751420765,35.916661896522136,0.2884820297195472,214.3914454655506
