PrincipalComponent,coi,c1i,a1i,c2i,a2i
1,0.8226857713295959,0.4634258700486234,39.96486484981449,1.1333370682804287,217.39492650761176
2,0.15519514992055541,0.21952172438141485,36.8209812922233,0.2456272695342067,214.88102993284986
