PrincipalComponent,coi,c1i,a1i,c2i,a2i
1,0.8290768760340468,0.46733617305965713,39.58618481749255,1.1679645983680533,219.02808174975942
2,0.14355066502975256,0.2115792508149978,37.804443525410306,0.19759329854648497,215.47105751163122
