PrincipalComponent,coi,c1i,a1i,c2i,a2i
1,0.8077149729844233,0.5112657498777459,50.6931890871358,0.8620144154977568,217.07075704926672
2,0.2034863313920614,0.33741235841602213,43.00960515460964,0.44416485148295526,216.55944927611043
