PrincipalComponent,coi,c1i,a1i,c2i,a2i
1,0.7393205271079671,0.617252301883989,50.41666695398675,0.6813299493163917,231.52919255807794
2,0.2256395458254199,0.704469618801219,90.84733396998367,0.09438832764003863,225.36814861088382
