PrincipalComponent,coi,c1i,a1i,c2i,a2i
1,0.7944318687194877,0.6415098367058695,29.958461680204497,1.4668421605411635,250.0
2,0.04184120725934754,0.07572205444317145,40.060631274062246,0.017935311659253217,222.05742628064445
