PrincipalComponent,coi,c1i,a1i,c2i,a2i
1,0.8128413128157109,0.4539008729310009,40.56542317180172,1.0648499784919951,214.95766623248173
2,0.18762065826208646,0.23226250095211617,35.272206096024426,0.3611857035977741,213.8030611116549
