PrincipalComponent,coi,c1i,a1i,c2i,a2i
1,0.7850839075700579,0.7670220322921583,30.43843878778199,1.5644258670491704,250.0
2,0.007881728930311062,0.00936584181387565,38.89733113675199,0.0018301109238367916,221.8842744781401
