PrincipalComponent,coi,c1i,a1i,c2i,a2i
1,0.815457699609438,0.5805928609544747,31.29570680354443,1.4048928337305704,250.0
2,0.06661426195956709,0.12301243177493494,43.558273340635594,0.031150723810614935,222.87645262391692
