PrincipalComponent,coi,c1i,a1i,c2i,a2i
1,0.8865978390451925,0.6539240417529534,64.19366946469677,0.685895257229789,214.78296269876145
2,0.15963470466336882,0.24142297301418444,37.90367607992833,0.4090093976797531,219.0166139457339
