PrincipalComponent,coi,c1i,a1i,c2i,a2i
1,0.880500244430417,0.5179085907749733,40.489411299980475,1.086200709232728,214.09842158120665
2,0.11518930417591436,0.1326326111962616,32.633837589955704,0.1944413839792797,213.95016150498031
