PrincipalComponent,coi,c1i,a1i,c2i,a2i
1,0.8853946025478667,0.528836408422208,36.443739183506594,1.1992651553282687,214.88400775135378
2,0.07249381380700352,0.08581328039387667,31.794625951506028,0.08243645405319334,213.32622827410557
