PrincipalComponent,coi,c1i,a1i,c2i,a2i
1,0.8219336041426211,0.7670272643351558,66.52991345186074,0.462362780227708,219.38912113201408
2,0.14628274806293037,0.33679845241113765,43.05047238893079,0.4447656273390117,221.39768268149626
