PrincipalComponent,coi,c1i,a1i,c2i,a2i
1,0.8681257711726907,0.6199898040217561,31.81069582917841,1.3325118153342645,250.0
2,0.031043322129203667,0.049177791573318676,40.1097465495396,0.011017597960407216,222.53405925037163
