PrincipalComponent,coi,c1i,a1i,c2i,a2i
1,0.8987819221324561,0.5344062357030428,35.236772563034,1.247296151831773,216.0969428591387
2,0.05343832122175312,0.06597495702206935,31.739232944873322,0.04631202354703636,213.39347423134018
