PrincipalComponent,coi,c1i,a1i,c2i,a2i
1,0.8889432661763028,0.5363892317147474,49.670566247083954,0.9165466598135582,212.2344737000102
2,0.15401231729374099,0.1813940037971336,33.09710316618314,0.36563547237551364,214.97355476080853
