PrincipalComponent,coi,c1i,a1i,c2i,a2i
1,0.840172899604407,0.6679503379116901,29.83697917671075,1.3880392164804998,250.0
2,0.011196665257377615,0.018745316602192478,38.73379320791601,0.0014580533194385058,221.88338669056992
