PrincipalComponent,coi,c1i,a1i,c2i,a2i
1,0.8684054627016479,0.8056363100370094,76.57776996957638,0.4415568356887407,218.95945390352284
2,0.1603892620320105,0.29754632197973785,44.46412599462623,0.42514675797700974,223.35441080106622
