PrincipalComponent,coi,c1i,a1i,c2i,a2i
1,0.8808316325437537,0.5147335462037907,38.33132252408299,1.128865043296135,214.22648977343795
2,0.10348551496318917,0.12233771046650109,32.298346913435296,0.15458369767618294,213.53975789011548
