PrincipalComponent,coi,c1i,a1i,c2i,a2i
1,0.879172397663992,0.517019593544451,37.792599359630366,1.1443329597166063,214.3594998606205
2,0.09639416270245238,0.11553528193837692,32.18778011203026,0.13567084622829045,213.46654257630706
