PrincipalComponent,coi,c1i,a1i,c2i,a2i
1,0.8848493123596654,0.5266515920357253,45.89394632974098,0.987298956553798,213.01354592466873
2,0.14676375800412506,0.14867147148573145,32.697207832274806,0.300005737274633,214.61635917400747
