PrincipalComponent,coi,c1i,a1i,c2i,a2i
1,0.4165989858173218,0.32176573269115255,28.830559371286764,0.7073088273481546,210.48188111129926
