PrincipalComponent,coi,c1i,a1i,c2i,a2i
1,0.8814692571915294,0.5264690779373814,42.70028809912881,1.0475210603261127,213.79435135299696
2,0.12981952661385712,0.13761779299482774,32.70839411936212,0.23183163161534523,214.28131484986963
