PrincipalComponent,coi,c1i,a1i,c2i,a2i
1,0.9717482943534567,0.5647598389311606,47.351470719562954,1.078066270155981,213.32528799341802
2,0.06206804266615962,0.055979022026160744,33.29062793122975,0.09130333496745749,215.42174551377894
