PrincipalComponent,coi,c1i,a1i,c2i,a2i
1,0.9722967651044819,0.9854536556602385,91.22421801371685,0.3359996641140519,212.87365885530784
2,0.13224790777397066,0.17025871648098845,40.72264212238098,0.3364581381226344,224.85121685681273
