PrincipalComponent,coi,c1i,a1i,c2i,a2i
1,0.968166348492619,0.5404847604667399,38.041709548796085,1.214891257918932,213.9112859622145
2,0.02516987877285469,0.019351709731408213,31.406842257519624,0.023065274093265458,213.40317481824366
