PrincipalComponent,coi,c1i,a1i,c2i,a2i
1,0.9816106386485456,0.6015895552627384,55.42940964378603,0.9801969853764538,213.13054142557166
2,0.0800829420456935,0.07118244207313465,34.77213878096678,0.13883861024532332,217.19989312861304
