PrincipalComponent,coi,c1i,a1i,c2i,a2i
1,0.878601708151793,0.8663009266495897,70.6415287644464,0.4140210136588229,217.73619798689236
2,0.11721894447870464,0.25004758712809105,40.27406224892188,0.3940143642956465,221.79478794748988
