PrincipalComponent,coi,c1i,a1i,c2i,a2i
1,0.4480820274813238,0.27968445021033544,28.807397675022692,0.6718692785789558,210.49827603540166
