PrincipalComponent,coi,c1i,a1i,c2i,a2i
1,0.922402800959167,0.5329451399599842,28.843404454205533,1.3149534377300909,210.72897722057436
2,0.008592021738496144,0.0083917692781129,28.75985624318262,0.004913451443806081,210.26789314463932
