PrincipalComponent,coi,c1i,a1i,c2i,a2i
1,0.9762220027781051,0.5708017891311682,49.30069360802201,1.054140712014687,213.20124048520432
2,0.06872436390988551,0.06215864124760097,33.657328839492195,0.1062279965845756,215.83167861398695
