PrincipalComponent,coi,c1i,a1i,c2i,a2i
1,1.0094998454657587,1.0379451366085815,100.0,0.32681807621450887,208.1225889175743
2,0.12754786991861855,0.11429918332188498,40.15968485424323,0.2900000479744075,225.44124093764302
