PrincipalComponent,coi,c1i,a1i,c2i,a2i
1,1.002905876125934,0.7828460266801275,80.05002010640462,0.671673450638497,210.80107801344494
2,0.11429585886228186,0.08476664266721103,37.94307449868471,0.23058957680486358,222.01971494076923
