PrincipalComponent,coi,c1i,a1i,c2i,a2i
1,0.9274634661044179,0.9120991119386155,80.55353466461203,0.38705440506973154,215.96055448771128
2,0.12537099218408498,0.2156260001992993,41.033376675602454,0.3704828011848973,223.4620478829563
