PrincipalComponent,coi,c1i,a1i,c2i,a2i
1,0.9682918052582674,0.5544469736484456,42.538976156653284,1.150004564839504,213.779143312772
2,0.03997295136892034,0.03312576460563379,32.35476381924674,0.04973503585439705,214.44326403801782
