PrincipalComponent,coi,c1i,a1i,c2i,a2i
1,1.0622315227727899,1.155867783016745,100.0,0.2626615376045142,205.8340223288487
2,0.09718930624957532,0.06978835526952998,40.57426215535875,0.23174160767967691,225.45262982384173
