PrincipalComponent,coi,c1i,a1i,c2i,a2i
1,0.9865241050224302,1.0433282795625445,85.7014637823941,0.3044313645855578,215.23521289132958
2,0.09923621884268544,0.17281949826834847,41.335452534197294,0.30306094696403885,224.74053846271693
