PrincipalComponent,coi,c1i,a1i,c2i,a2i
1,1.086283773721825,1.0161139010537121,95.13282026013539,0.4829218746516921,211.67360138052936
2,0.052888211852704196,0.03735270990086626,42.250412287696115,0.09214635257188265,226.3269097801249
