PrincipalComponent,coi,c1i,a1i,c2i,a2i
1,1.0481093735343385,0.5796528326528881,48.92406786675549,1.119521282397401,213.7271731980653
2,0.0075514693347377825,0.002311723970914192,33.598912979548096,0.007130907606488157,215.98398154440684
