PrincipalComponent,coi,c1i,a1i,c2i,a2i
1,1.0803321915385,0.8119017229819184,79.1024223618687,0.7435665324655389,212.0875734336741
2,0.04106010102526649,0.029848872711181265,39.243971656212494,0.0665058122766851,222.6655972263703
