PrincipalComponent,coi,c1i,a1i,c2i,a2i
1,1.07465347236249,1.1260016892324283,100.0,0.3237414132220749,207.3978638070775
2,0.0832951755514095,0.046022622618289113,41.46101349638828,0.17463999916711226,226.11436049825613
