PrincipalComponent,coi,c1i,a1i,c2i,a2i
1,0.9378001840386473,0.9848998913266339,75.96942513060719,0.34224197063622347,217.61436126820686
2,0.09348420809194039,0.20495594249382296,40.543126830415936,0.32901536857377595,223.14627448466268
