PrincipalComponent,coi,c1i,a1i,c2i,a2i
1,1.0736240756126794,0.7628124962893762,73.99408191952901,0.8132726246732126,212.5590517525399
2,0.035533802698403436,0.025453943260873278,38.34191049592507,0.05479011453219236,221.60009692490084
