PrincipalComponent,coi,c1i,a1i,c2i,a2i
1,1.0835592452256668,1.1176739552824753,100.0,0.35834076757930283,210.4019771482996
2,0.06626602650716956,0.039313676211355474,42.63762554928299,0.1208388764040928,227.05989436990853
