PrincipalComponent,coi,c1i,a1i,c2i,a2i
1,1.0337191584858758,1.1313194665890456,95.91753277587213,0.23857521710199073,211.63907551724566
2,0.10196553628732088,0.13000654718704904,41.50448566399285,0.26781290503509353,226.0710082900928
