PrincipalComponent,coi,c1i,a1i,c2i,a2i
1,1.0584987563493615,0.6473974077489608,59.31021679460745,0.9996135794414235,213.5742353047408
2,0.01758449344033551,0.009788294686349017,35.58424816063055,0.024224913808659026,218.4076428158831
