PrincipalComponent,coi,c1i,a1i,c2i,a2i
1,0.48251526235888115,0.26146020999301084,28.793142939113235,0.6482776035515202,210.51798001574036
