PrincipalComponent,coi,c1i,a1i,c2i,a2i
1,1.1258760432342003,0.9876131832279951,91.16884652385171,0.573158194758899,213.7090494740379
2,0.004642322675593205,0.0029196986640762177,42.20563844765208,0.005154688305044542,226.122037546851
