PrincipalComponent,coi,c1i,a1i,c2i,a2i
1,1.1024756518151009,1.257240567864305,100.0,0.22051984857430926,204.40573223818035
2,0.06869481934711606,0.053611558695432354,40.991750398132275,0.16721244478175618,225.2310073644431
