PrincipalComponent,coi,c1i,a1i,c2i,a2i
1,0.990292855979109,1.3319341785646253,92.56792262606865,1.0555987061889639e-17,246.21672808601716
2,0.09327710994543453,0.346241450896458,100.0,0.03949407590997668,203.03869285898944
