PrincipalComponent,coi,c1i,a1i,c2i,a2i
1,0.5559358129731327,0.3890082599161856,73.07109691865661,0.4225829270505443,222.6627468791801
