PrincipalComponent,coi,c1i,a1i,c2i,a2i
1,1.1314752214540762,1.162605262942398,100.0,0.36430203475557266,210.3367548378055
2,0.020630225269342696,0.017429957223084942,43.01810480191938,0.030908438083571424,227.1902588270613
