PrincipalComponent,coi,c1i,a1i,c2i,a2i
1,1.0774926166484176,1.2965310993675339,100.0,0.12638343993690826,210.38232754680772
2,0.07479698353768158,0.11431902733834763,42.69123008532296,0.19621255849714248,226.8823552346197
