PrincipalComponent,coi,c1i,a1i,c2i,a2i
1,1.1213575444842463,1.2157341066109562,100.0,0.301203264815228,208.30262899924807
2,0.03942281370516038,0.024613148944550817,42.38675124177539,0.07381528435887985,226.53354713168326
