PrincipalComponent,coi,c1i,a1i,c2i,a2i
1,1.1134755050815717,1.2235410689746844,100.0,0.27678266097652093,205.60457305844622
2,0.055683857870104304,0.031701040669587566,41.52504310717211,0.11757274435512786,225.70216039664223
