PrincipalComponent,coi,c1i,a1i,c2i,a2i
1,1.1303035000895574,1.1555231540181061,100.0,0.37269728809030367,211.19956906293643
2,0.01600835273594238,0.014089824317821546,43.22094327466429,0.022565761572688994,227.45098704308768
