PrincipalComponent,coi,c1i,a1i,c2i,a2i
1,1.1379007506007925,1.2354323216515835,100.0,0.32016653500120723,210.42766405844284
2,0.006546471581137624,0.005086249695984929,43.14806833197184,0.006473741027486077,227.24580399057555
