PrincipalComponent,coi,c1i,a1i,c2i,a2i
1,0.5671958405484702,0.6020848728244481,100.0,0.17517372594934016,226.82015210158448
