PrincipalComponent,coi,c1i,a1i,c2i,a2i
1,1.136588268627016,1.2711536301395485,100.0,0.28867883194591104,208.65374889634938
2,0.01566801860251786,0.011556941259270292,42.512006394791136,0.025075051357506192,226.6670526030754
