PrincipalComponent,coi,c1i,a1i,c2i,a2i
1,1.1315727412818541,1.3062731509768546,100.0,0.24706201329353583,204.39143069300766
2,0.036636044060317556,0.01966260999151807,41.38575063610324,0.0775798367398707,225.3755331969997
