PrincipalComponent,coi,c1i,a1i,c2i,a2i
1,1.135088759689107,1.2984358758291001,100.0,0.26290412485402737,207.2752792614218
2,0.024304532300429477,0.013348517578885437,42.16944258356109,0.04209665717647989,226.2475674016896
