PrincipalComponent,coi,c1i,a1i,c2i,a2i
1,1.0094184068758,1.248692460731932,85.54798720584526,0.18382088456070092,217.84913923311515
2,0.05268858602552207,0.17042752675365638,42.47313979425726,0.20265403168015825,225.69368838682286
