PrincipalComponent,coi,c1i,a1i,c2i,a2i
1,1.1211456933688468,1.3436117517678663,100.0,0.1954212790404909,203.26931140960278
2,0.04961000411907125,0.039433104934971264,41.00094591291643,0.12025324520639027,224.97196654315496
