PrincipalComponent,coi,c1i,a1i,c2i,a2i
1,1.140796244559602,1.244361868957697,100.0,0.3141425581753413,209.6151182058251
2,0.009755425765564192,0.007293362673366384,42.88357097454083,0.011169241686170133,226.97780874036042
