PrincipalComponent,coi,c1i,a1i,c2i,a2i
1,1.1008678618708567,1.5096538160996793,99.54000505696838,0.015095730715229265,212.79504037160626
2,0.030564826228682396,0.1256548959504186,43.7866252491219,0.1150910976267789,227.5898956649884
