PrincipalComponent,coi,c1i,a1i,c2i,a2i
1,1.1558768263519752,1.429282824592617,100.0,0.1822846569992702,200.08321574729226
2,0.02747441520104068,0.024530946273270408,40.31746545803104,0.07395976956311427,224.0708032219626
