PrincipalComponent,coi,c1i,a1i,c2i,a2i
1,1.120894042620741,1.5586545600501553,100.0,0.006657426419388292,207.15508896259115
2,0.03932517227690919,0.057942216182164684,42.15576407425233,0.11530639695051877,226.07409704507361
