PrincipalComponent,coi,c1i,a1i,c2i,a2i
1,1.1601200138660608,1.3196331706160491,100.0,0.27072467935411865,207.5189845092213
2,0.00111227639312082,0.0007828040292328817,42.369948299925575,0.0005242595563932112,226.3537198787681
