PrincipalComponent,coi,c1i,a1i,c2i,a2i
1,1.161598505600995,1.3767265298172633,100.0,0.23445383437652637,204.98830865587345
2,0.009302330133736655,0.004000987259871396,41.690539890950745,0.01506400506119745,225.56802925316472
