PrincipalComponent,coi,c1i,a1i,c2i,a2i
1,1.0500908730752554,1.39661974117899,89.49712851677043,0.10682507709046249,217.11159755698958
2,0.03144956900749846,0.14887571669640315,42.93381926896995,0.14859664780999554,226.43903140903058
