PrincipalComponent,coi,c1i,a1i,c2i,a2i
1,0.57699589734521,0.6637991337516361,100.0,0.12929246558358584,222.06007979120153
