PrincipalComponent,coi,c1i,a1i,c2i,a2i
1,1.1616519219699248,1.384579504603342,100.0,0.23043853167502668,201.42817389199934
2,0.018682721488262475,0.008377778762487095,40.62725506844934,0.03989013894399163,224.4935942817851
