PrincipalComponent,coi,c1i,a1i,c2i,a2i
1,1.1589448982629986,1.350207613660607,100.0,0.2516728203893407,206.59844297861352
2,0.0044581369580147315,0.002698019284226819,42.12956645382398,0.005714935279386596,226.07106808600165
