PrincipalComponent,coi,c1i,a1i,c2i,a2i
1,1.1674121914843276,1.448199242686936,100.0,0.18640073679733624,199.32626868750174
2,0.023147993008991542,0.020550958307982228,40.09395621955984,0.06251265427347957,223.8368540303857
