PrincipalComponent,coi,c1i,a1i,c2i,a2i
1,0.5833921277705877,0.6769839702973616,100.0,0.12506941115255696,220.56031571662908
