PrincipalComponent,coi,c1i,a1i,c2i,a2i
1,1.1132004994226554,1.5497657531224631,100.0,5.605643967580654e-17,212.32603844850937
2,0.02736291836354016,0.11298551903368655,43.66499971304962,0.10763086564001947,227.54316663057037
