PrincipalComponent,coi,c1i,a1i,c2i,a2i
1,1.0631950186020382,1.4401910351361285,90.55904227491823,0.08672217834337233,216.8576288936955
2,0.027484096429000415,0.14063155322565113,42.9887551538424,0.1359283116026396,226.60426721986107
