PrincipalComponent,coi,c1i,a1i,c2i,a2i
1,1.1728401042301975,1.400634865346695,100.0,0.23375605489150278,200.5320360378626
2,0.014572908154301768,0.005815434382004993,40.346464914960755,0.03105303660012934,224.21031319430782
