PrincipalComponent,coi,c1i,a1i,c2i,a2i
1,1.1323159625849524,1.5904004356182455,100.0,0.0,206.4458396033552
2,0.03506582116964876,0.04918657076387928,41.95578383414682,0.10553135183842483,225.86232547408497
