PrincipalComponent,coi,c1i,a1i,c2i,a2i
1,1.1673719278670633,1.3660405190435487,100.0,0.24899770853282877,205.89410247058368
2,0.0024430717124206028,0.0013761652571506245,41.93496917686145,0.002696022552654056,225.84758279376004
