PrincipalComponent,coi,c1i,a1i,c2i,a2i
1,1.1712218533062273,1.3921572991921425,100.0,0.23466784269508156,204.1375611730073
2,0.006290661643042815,0.002394170527247317,41.470936792418904,0.009677546470065688,225.31281895831145
