PrincipalComponent,coi,c1i,a1i,c2i,a2i
1,1.182082001536613,1.4360776288406858,100.0,0.23259469934964935,199.25889531778083
2,0.008759989049788168,0.0028761806156484605,40.22722631534482,0.01624455122824302,223.86132869279493
