PrincipalComponent,coi,c1i,a1i,c2i,a2i
1,1.1446279243576754,1.6382827751833984,100.0,0.0,205.1601979960276
2,0.026832797356421544,0.04012758759302315,41.64924862059671,0.08162668700007725,225.48419452153615
