PrincipalComponent,coi,c1i,a1i,c2i,a2i
1,1.1228412953991633,1.6013965113586484,99.41824309322777,1.3613334016545344e-16,211.11515157044934
2,0.028619181802167486,0.07501368354105274,43.22207973284009,0.10888441269805348,227.05099516172265
