PrincipalComponent,coi,c1i,a1i,c2i,a2i
1,1.1784663883596993,1.4875815587147185,100.0,0.18858604051774433,197.60537423822197
2,0.01614412421322526,0.014726249734020752,39.63731398805237,0.042184173009608306,223.31441819720683
