PrincipalComponent,coi,c1i,a1i,c2i,a2i
1,1.079346746643916,1.5309844974602833,92.98040223664414,0.03897125392008041,216.2742150173119
2,0.018715041109854478,0.1316290460605538,43.29877700867958,0.10678570723658022,227.00583441479205
