PrincipalComponent,coi,c1i,a1i,c2i,a2i
1,0.5855107922430632,0.710962485912714,100.0,0.10891036048898711,218.38677245166173
