PrincipalComponent,coi,c1i,a1i,c2i,a2i
1,1.178310975528411,1.4265997159253487,100.0,0.22626442000494412,202.8851562731889
2,0.002624518771175996,0.00037455930707984913,41.154551178326145,0.002497775476781836,224.935752808429
