PrincipalComponent,coi,c1i,a1i,c2i,a2i
1,1.1176089105259925,1.6838602776575324,95.382661001364,0.0,212.82014585462525
2,0.017388288351676807,0.06277807012870895,42.764752657452696,0.09289235625361539,226.53557794574303
