PrincipalComponent,coi,c1i,a1i,c2i,a2i
1,1.1591577050879815,1.7184264578337916,100.0,0.0,206.2832420159514
2,0.014767903015890621,0.04217207911275204,42.01292395060295,0.06490099502836859,225.74193231715273
