PrincipalComponent,coi,c1i,a1i,c2i,a2i
1,1.1823440477658758,1.7059008577305728,100.0,0.04335709758383715,198.80290983771042
2,0.011214622594022507,0.022251588115438297,39.89386117528925,0.03311752745893891,223.58809182088083
