PrincipalComponent,coi,c1i,a1i,c2i,a2i
1,1.2122270587303863,1.5266282287355577,100.0,0.23970565438068028,189.69295385361644
2,0.0043664701175596165,0.005027467175691276,37.83017767051594,0.007173372683471144,221.03310185883586
