PrincipalComponent,coi,c1i,a1i,c2i,a2i
1,0.6046274631815641,0.746884449225155,100.0,0.12244195030997693,203.22588365127473
