PrincipalComponent,coi,c1i,a1i,c2i,a2i
1,0.61075172741731,0.8167716959407442,100.0,0.09300260795615464,200.25369334453075
