PrincipalComponent,coi,c1i,a1i,c2i,a2i
1,1.1793993007033214,1.8002659201906406,100.0,2.779293145850547e-17,205.56332033186905
2,0.007193321337252192,0.023061410154700604,41.50162390051712,0.03704626486383263,225.46461250289067
