PrincipalComponent,coi,c1i,a1i,c2i,a2i
1,1.1975603742319345,1.8027054079049174,100.0,0.01698299718999808,198.75995080690728
2,0.004181894409613023,0.008923167102251191,39.99718877693618,0.01174442590807063,223.56673126943872
