PrincipalComponent,coi,c1i,a1i,c2i,a2i
1,0.5937356227213338,0.7371328476592424,100.0,0.10163718137176041,213.87209024363648
