PrincipalComponent,coi,c1i,a1i,c2i,a2i
1,1.140081367727122,1.6457967079378455,99.67872437400143,1.2717248015334808e-16,209.1874249951993
2,0.024049886755364878,0.058465491033173514,42.79716760215245,0.09717264959421186,226.54429806638944
