PrincipalComponent,coi,c1i,a1i,c2i,a2i
1,1.0992617268252294,1.608815467453062,95.04473905183907,0.0,215.23362038629068
2,0.011594344430336405,0.12258377269266137,43.41320484447468,0.08587332990047244,227.16921644272054
