PrincipalComponent,coi,c1i,a1i,c2i,a2i
1,1.091201359309044,1.920168378927698,88.91928637171796,0.0,217.28849912237655
2,0.002710959490124171,0.0019745834056536732,42.38342966149278,0.007748080482167036,226.22448140127568
