PrincipalComponent,coi,c1i,a1i,c2i,a2i
1,0.5682803710580894,0.957279054021041,93.02211698636468,0.0,226.850427677614
