PrincipalComponent,coi,c1i,a1i,c2i,a2i
1,0.6039758482954164,0.9296411705603744,100.0,4.908504554447875e-17,219.33530907865017
