PrincipalComponent,coi,c1i,a1i,c2i,a2i
1,0.5260905815729324,0.9713713336645221,85.42405743678488,1.3069876585828755e-17,229.70245544326198
