PrincipalComponent,coi,c1i,a1i,c2i,a2i
1,0.2831415412207139,0.1441913312794065,28.93798574939181,1.6695665369920403,210.34824603926452
2,0.011351210029826808,0.005411346302918618,28.866937169092612,0.02834557569610768,209.93175530176072
