PrincipalComponent,coi,c1i,a1i,c2i,a2i
1,0.21239775809719477,0.5978649255685073,59.69836670744933,0.915745575078229,215.53579912521465
2,0.036829876327997474,0.06744651722607287,37.500579682400705,0.327271631962994,219.38933682454623
