PrincipalComponent,coi,c1i,a1i,c2i,a2i
1,0.19885350345050093,0.30293614973705946,28.92802880137294,1.2652214499749879,210.2817193990605
2,0.05237692722214801,0.11338561774632731,28.850423643823273,0.39282305307173354,209.86251105476265
