PrincipalComponent,coi,c1i,a1i,c2i,a2i
1,0.22014909471122338,0.6119820083475559,64.03195646814069,0.8970020351343567,215.45557353559718
2,0.04452554344758269,0.06517468064234716,38.39659869620207,0.3557450631551523,220.59459518124692
