PrincipalComponent,coi,c1i,a1i,c2i,a2i
1,0.21955783750645508,0.4441422151248588,51.72433345891055,1.092900738596872,212.04794414250534
2,0.05579498130782692,0.07968318470250893,34.7597740231327,0.39510510808733584,216.46584538805575
