PrincipalComponent,coi,c1i,a1i,c2i,a2i
1,0.21445846799100493,0.5929163894926751,58.24697928344035,0.9510950285499762,215.40794014000437
2,0.02310128453868057,0.055963730191776986,37.01545357399944,0.2479070503300014,219.03145464281698
