PrincipalComponent,coi,c1i,a1i,c2i,a2i
1,0.3022626301099293,0.06963619715073456,28.962359913918156,1.7975492587002226,210.36298384520995
2,0.011383023145405154,0.00783131082214955,28.89169626778849,0.02375753675389443,209.9398835110669
