PrincipalComponent,coi,c1i,a1i,c2i,a2i
1,0.2748296406824458,0.493214872247748,69.6975280914255,1.1023379562515714,209.0156224953024
2,0.014396634606839922,0.024238567134925847,37.82564119626995,0.07835334473788158,220.06184902204976
