PrincipalComponent,coi,c1i,a1i,c2i,a2i
1,0.21943355031122544,0.5622964251841213,57.30986684655208,1.0010447565588618,214.66194787061295
2,0.01774218561193991,0.0509712023326737,36.54160554763413,0.19643731145115167,218.58299919109683
