PrincipalComponent,coi,c1i,a1i,c2i,a2i
1,0.31419274604154374,0.14344182009318635,75.61560567410807,1.479726610122348,173.96776264024686
2,0.011962872415840192,0.00852944686565605,29.91655051710213,0.037440128244507695,210.9936642267281
