PrincipalComponent,coi,c1i,a1i,c2i,a2i
1,0.21063424211430673,0.5873813475171672,57.672145469292985,0.9391270573724131,215.34674154785623
2,0.03295119691713131,0.06309847305743103,36.94749765765678,0.31448561539391967,218.8343073578639
