PrincipalComponent,coi,c1i,a1i,c2i,a2i
1,0.2368785664386993,0.5119601474619526,56.23786777079385,1.0851967784717187,213.3908719532109
2,0.014499453137722216,0.04008808147680532,35.92083624444411,0.13769838897154352,217.90900330581903
