PrincipalComponent,coi,c1i,a1i,c2i,a2i
1,0.20651808632304383,0.43662266539886424,46.195886183330174,1.0904682751063597,213.60472973480236
2,0.02930523009193087,0.04926276255581365,33.48661441043927,0.284139567167559,215.66295392107546
