PrincipalComponent,coi,c1i,a1i,c2i,a2i
1,0.2725680229922236,0.16949780010165177,28.930841265012898,1.569399276544286,210.3637238557485
2,0.016113804487390283,0.023205229066289676,28.85994627963924,0.06565713682681387,209.93693546158985
