PrincipalComponent,coi,c1i,a1i,c2i,a2i
1,0.20119798647200088,0.47590677963075473,50.28367726080546,0.9974424877402664,214.0274201317184
2,0.06079680776921988,0.0464829217624193,34.651552090722674,0.4655644358511172,217.16178267547298
