PrincipalComponent,coi,c1i,a1i,c2i,a2i
1,0.25597666344609626,0.3080662001318999,45.088401244380854,1.2977073004671795,210.8416224455528
2,0.02104808268433507,0.03587142557813169,32.53487778325345,0.1334804161996016,214.3231564943097
