PrincipalComponent,coi,c1i,a1i,c2i,a2i
1,0.20134441922825003,0.4251911225840128,45.691225311127724,1.0653122144575198,213.19716292337338
2,0.0661103878151493,0.04901217582859928,33.386461065460175,0.4804932967374424,215.73820778883336
