PrincipalComponent,coi,c1i,a1i,c2i,a2i
1,0.20453951651333113,0.2570683595711378,28.90898234217829,1.238861147900885,210.23909928092883
2,0.07031697947760808,0.09626880779936682,28.83126879832326,0.4856328240552678,209.81366983359646
