PrincipalComponent,coi,c1i,a1i,c2i,a2i
1,0.20900253360487794,0.2461337152317922,28.86698098292565,1.1895940797387607,210.22342527499694
2,0.058926334074934916,0.16954928504764552,28.788842398279524,0.4507307458474265,209.78015237734755
