PrincipalComponent,coi,c1i,a1i,c2i,a2i
1,0.20036163564905474,0.4726998567468963,47.854786693712526,1.0295100107035204,214.15356394421391
2,0.0375837221148399,0.04650447274159785,34.087382650228925,0.3468762748086568,216.31758292561278
