PrincipalComponent,coi,c1i,a1i,c2i,a2i
1,0.1961382220542305,0.4763549339969198,47.662677323228365,1.003472405882535,214.12353340151387
2,0.0485494311461093,0.04787438952084162,34.09816990992468,0.4221660256560996,216.32011741484783
