PrincipalComponent,coi,c1i,a1i,c2i,a2i
1,0.2235874559667147,0.3823976893506613,43.534338557135115,1.1891342199548498,212.9409867614058
2,0.024142507331492494,0.04570795963609805,32.69407427314191,0.21079429824535842,214.64681229204027
