PrincipalComponent,coi,c1i,a1i,c2i,a2i
1,0.1966931272062385,0.47882800805369125,48.607667332841196,0.9918064120250226,214.183362553437
2,0.05225426449719531,0.051593153974972,34.335892049867724,0.4352127866709955,216.55515523536116
