PrincipalComponent,coi,c1i,a1i,c2i,a2i
1,0.20568530044115885,0.36339385507589206,42.32471906520041,1.1270984607740673,212.17827066871894
2,0.07243102031790528,0.06076368320302195,32.24861263624481,0.5006021213045458,214.79478340649155
