PrincipalComponent,coi,c1i,a1i,c2i,a2i
1,0.31228202164419194,0.11490640628845925,42.505519854048444,1.876513832446943,250.0
2,0.014937095682490319,0.012595575225123636,42.64984312862501,0.019281675587231702,225.2814476162217
