PrincipalComponent,coi,c1i,a1i,c2i,a2i
1,0.32667389588956497,1.067666156199175e-17,42.944537260471,2.0740602926491984,250.0
2,0.017195335387160705,0.014204756593152557,42.77920797213318,0.032805013534958564,225.35580191609964
