PrincipalComponent,coi,c1i,a1i,c2i,a2i
1,0.24885187831168867,0.15776064217750183,28.945048969987592,1.4816552578221598,210.3548622552719
2,0.02229699500610911,0.04972169547818296,28.87402489098941,0.20163442818596158,209.9347132893747
