PrincipalComponent,coi,c1i,a1i,c2i,a2i
1,0.21333598868823478,0.22723707605919216,28.95668719330391,1.3680038734948217,210.36251868065372
2,0.02395998093218103,0.05815828515637744,28.88446825684915,0.29263786499300304,209.93916913718127
