PrincipalComponent,coi,c1i,a1i,c2i,a2i
1,0.19048175736979764,0.24640128092281455,28.946836861002954,1.250651454897941,210.21229273727872
2,0.08041812054413897,0.038104810156832244,28.865651160524575,0.6282368374982066,209.79933918152346
