PrincipalComponent,coi,c1i,a1i,c2i,a2i
1,0.2947083424217314,0.04625124673875582,28.963142841382247,1.7077850379319,210.36324778994492
2,0.019310631045896667,0.03398119599931225,28.892771974319228,0.11041701063587431,209.9408943866815
