PrincipalComponent,coi,c1i,a1i,c2i,a2i
1,0.1836542771680812,0.24714264127653077,22.776802565679386,1.2962709490620006,250.0
2,0.07252556523261527,0.16131869227017018,34.436917439071934,0.551933934655955,224.19193631736277
