PrincipalComponent,coi,c1i,a1i,c2i,a2i
1,0.20267580809299388,0.3088027755746026,42.13669029339915,1.1655727759690349,212.56848812058988
2,0.07500358633791795,0.03482535515197952,32.373203035947824,0.6078059383977565,216.64476173208462
