PrincipalComponent,coi,c1i,a1i,c2i,a2i
1,0.19499660769656205,0.3497262204292566,44.288751473332454,1.1094893316856345,212.90715133028345
2,0.061731981043784766,0.04043211320672056,32.82589359831755,0.5583171551876831,216.43554667141007
