PrincipalComponent,coi,c1i,a1i,c2i,a2i
1,0.19453838139369212,0.34620676361590336,43.20485130082533,1.1225515078251787,212.92229560774646
2,0.05759406724464209,0.03914859955714583,32.59278337802561,0.5425772658279941,216.12124527089534
