PrincipalComponent,coi,c1i,a1i,c2i,a2i
1,0.1998349260347814,0.3494543376333479,46.20119924295877,1.111307857323368,212.79063887478588
2,0.07081658987935778,0.03194367191711287,33.396016968744,0.5929765922934684,217.60013050188604
