PrincipalComponent,coi,c1i,a1i,c2i,a2i
1,0.31098062626301326,0.060921385008554166,42.92431662777308,1.8955342389586562,250.0
2,0.01924176623960616,0.025142812847583768,42.785460897702066,0.06861914822208569,225.37622680040428
