PrincipalComponent,coi,c1i,a1i,c2i,a2i
1,0.2216749589478386,0.16471564616039353,28.943755232016716,1.302112222311848,210.24344536439713
2,0.07855174313591722,0.0760497676051281,28.864778353551568,0.6056365857042548,209.81318109985807
