PrincipalComponent,coi,c1i,a1i,c2i,a2i
1,0.18552729576009477,0.2741791199761379,28.94812179610746,1.281728057329341,210.30759148524513
2,0.03037054059590175,0.05599428323304925,28.874763839038323,0.37990080909089924,209.91559891365617
