PrincipalComponent,coi,c1i,a1i,c2i,a2i
1,0.19773445111751767,0.3269111856021112,41.61229411152479,1.173401783360386,212.59453617421838
2,0.04364841768137202,0.04813989357168453,31.900014766027624,0.45249454745802986,215.1916852376684
