PrincipalComponent,coi,c1i,a1i,c2i,a2i
1,0.2264281699551774,0.1655640890322236,28.989574219776383,1.4710172115815603,210.3441427919788
2,0.028282954430496436,0.06832348174256533,28.916917904286564,0.36134831317830124,209.94053600683444
