PrincipalComponent,coi,c1i,a1i,c2i,a2i
1,0.23615245690444547,0.4578821817567679,93.16465270242594,0.9521257246206529,199.88403899000886
2,0.08268485941251053,0.04028235544094118,41.28274927437918,0.6899279470223486,234.81142327793106
