PrincipalComponent,coi,c1i,a1i,c2i,a2i
1,0.23217116358636733,0.11293125116076488,28.94160371568641,1.3492487630947632,210.24800186486772
2,0.07931788650549136,0.13804455478885888,28.862715956082873,0.6458980600653738,209.8010890520926
