PrincipalComponent,coi,c1i,a1i,c2i,a2i
1,0.2231346831391245,0.1294871818786068,28.98069020042587,1.3787642568985523,210.2395576399243
2,0.09476386185525976,0.05949948938862071,28.902685493454317,0.7007274658642212,209.81949434913125
