PrincipalComponent,coi,c1i,a1i,c2i,a2i
1,0.23882821246573366,0.5082904949735858,100.0,0.8949126356712311,199.58475915826403
2,0.07018753554085058,0.04897311065646562,40.94157833567708,0.6364266641894968,236.1419446301588
