PrincipalComponent,coi,c1i,a1i,c2i,a2i
1,0.24591045711741116,0.4061989137697876,100.0,1.0260355204930376,190.39937484179103
2,0.051372118299552905,0.06063835325577879,35.427708194192284,0.5359955850261849,232.45976233104798
