PrincipalComponent,coi,c1i,a1i,c2i,a2i
1,0.19360398550547053,0.21201022386964216,28.98714926045694,1.31876544545165,210.21168129193273
2,0.09504139199870551,0.020651597939944043,28.905338455976693,0.7318886383150487,209.80733768244423
