PrincipalComponent,coi,c1i,a1i,c2i,a2i
1,0.19865528190834938,0.2193077742045389,28.980416898719895,1.3769362559650449,210.2931157677153
2,0.035032567487965655,0.05890724808343213,28.904901533810065,0.45656975680471806,209.8995472982651
