PrincipalComponent,coi,c1i,a1i,c2i,a2i
1,0.30297109054931504,1.653874951870709e-18,29.0097693038614,1.8371742688174382,210.37829397442908
2,0.020522741868114137,0.04118622072632656,28.938531235400543,0.14682826445145222,209.9567728495915
