PrincipalComponent,coi,c1i,a1i,c2i,a2i
1,0.26273241945183884,0.095792034441287,28.990219243787404,1.596134906262047,210.36837112666367
2,0.025960198766292776,0.0601156976126762,28.918579670289752,0.25899196185006174,209.9495732932201
