PrincipalComponent,coi,c1i,a1i,c2i,a2i
1,0.3137845089137702,0.0,39.31329637040627,2.0335634796680484,239.74472143278356
2,0.020797799404185326,0.031484820527402424,39.11972037025453,0.09527573275151792,221.30476337840108
