PrincipalComponent,coi,c1i,a1i,c2i,a2i
1,0.31248741676085134,1.8526068874953104e-17,42.944942391851285,2.2108908083311585,250.0
2,0.016705487081826884,0.018965595392091795,42.75626570018828,0.045535860164740524,225.26569462741463
