PrincipalComponent,coi,c1i,a1i,c2i,a2i
1,0.2635740062972191,0.07421420082276196,29.003054853903393,1.462619640229777,210.28695521075704
2,0.12708186240734104,0.024866775958707656,28.926642706053105,0.6843656680836158,209.86592980255625
