PrincipalComponent,coi,c1i,a1i,c2i,a2i
1,0.25852773467105067,0.08495669560454898,28.95781301386852,1.3900289621827822,210.26150404064106
2,0.1254488623188219,0.07633891107027921,28.879929070355484,0.672529732669622,209.82254614609963
