PrincipalComponent,coi,c1i,a1i,c2i,a2i
1,0.2653497938203768,0.11288367213861832,29.005803293752667,1.5248072619947575,210.3539937786126
2,0.04047467414690988,0.07629145508785326,28.932885184701554,0.37589062395277323,209.95073638123426
