PrincipalComponent,coi,c1i,a1i,c2i,a2i
1,0.2464218222581786,0.13376229759091127,29.011555788959868,1.4396553077734098,210.27201845221643
2,0.11482328685786017,0.008956132850827424,28.93413280731466,0.6788382133327814,209.86324863201617
