PrincipalComponent,coi,c1i,a1i,c2i,a2i
1,0.2387663336746978,0.16442706857912284,29.007854394681374,1.4303541018286503,210.2703151111602
2,0.10199471748051203,0.012160406392290418,28.93091832617987,0.6369915196808925,209.86787377251778
