PrincipalComponent,coi,c1i,a1i,c2i,a2i
1,0.2950763084433318,0.06799194029253473,29.011681837299303,1.6276689705589076,210.39610454571636
2,0.0317818224878103,0.07693820109726048,28.939644451333596,0.2717365575897653,209.97541241498928
