PrincipalComponent,coi,c1i,a1i,c2i,a2i
1,0.2754037013375144,0.0,69.48998140397399,1.4484030586597687,164.18794971337863
2,0.08871087680799027,0.03136968255602564,25.736138942302283,0.6164208179905293,217.16927090246583
