PrincipalComponent,coi,c1i,a1i,c2i,a2i
1,0.3454679405961389,0.0,42.1719159516223,2.141857003008307,247.98160671789165
2,0.021418952696265123,0.020270525209939,41.96233995210737,0.040282504248973484,224.49836435618477
