PrincipalComponent,coi,c1i,a1i,c2i,a2i
1,0.3328332638452444,0.0,29.004746111630016,1.7561751547070816,210.39921868968878
2,0.0281081882622194,0.06663103805001834,28.933077819193556,0.16624768787394797,209.97585488702592
