PrincipalComponent,coi,c1i,a1i,c2i,a2i
1,0.23431206493184592,0.17249270734182096,28.997959629005845,1.4163698411313024,210.2814242481863
2,0.07609898756042695,0.04193757183053329,28.922255350732573,0.554796302931996,209.88424504039168
