PrincipalComponent,coi,c1i,a1i,c2i,a2i
1,0.3349471672624841,5.702764481854739e-17,42.90325314072416,2.2667167104964756,250.0
2,0.014286435426496642,0.00952036276752592,42.71638093384622,0.022250345882934657,225.2461230616406
