PrincipalComponent,coi,c1i,a1i,c2i,a2i
1,0.3180947451190014,6.937593951464656e-18,29.009928241211185,1.934080751703002,210.39350162851954
2,0.021012908933331936,0.03950740518438076,28.9382979717993,0.0740812047905423,209.96677426113348
