PrincipalComponent,coi,c1i,a1i,c2i,a2i
1,0.2471987386293948,0.15003806921723634,29.00383780746799,1.4635716109928123,210.32369656160162
2,0.055756583630217606,0.060896537321661774,28.929347962719568,0.45801141204814516,209.92462812133505
