PrincipalComponent,coi,c1i,a1i,c2i,a2i
1,0.2307589989403799,0.17886743703017036,29.000237963549008,1.4035283878684899,210.2763632656474
2,0.08233062461472539,0.037323027036534645,28.922803977529416,0.5761735149465914,209.87993389897548
