PrincipalComponent,coi,c1i,a1i,c2i,a2i
1,0.37581519312846173,0.001744886128585321,35.36166877808992,1.9265105237818423,228.6434335756509
2,0.023151091423115423,0.015769417812945986,35.20627543981183,0.08459579361401708,217.07927189020177
