PrincipalComponent,coi,c1i,a1i,c2i,a2i
1,0.2777898815193898,0.15884015998313059,28.93121806334584,1.3675832322039825,210.26989354644942
2,0.07019515688096709,0.13843550494002593,28.85861225467016,0.472303628731281,209.8508708706129
