PrincipalComponent,coi,c1i,a1i,c2i,a2i
1,0.24163976261409,0.27670657829883094,28.96201480339689,1.349092571146531,210.36665879693345
2,0.019032865159586982,0.13212446869723984,28.889611008253908,0.2654283139189255,209.96287320514276
