PrincipalComponent,coi,c1i,a1i,c2i,a2i
1,0.27479428458979516,0.22272520991496306,28.95586806710274,1.4675749165079996,210.4109840048286
2,0.009465993257657615,0.12023832803710346,28.885127930080408,0.12492344998379444,209.97606929051923
