PrincipalComponent,coi,c1i,a1i,c2i,a2i
1,0.23461977219712454,0.2619980015895265,28.939928836667875,1.3166597862027118,210.260635309224
2,0.06353683742417673,0.11279255270591879,28.865712600830502,0.44347496800930564,209.85972379327612
