PrincipalComponent,coi,c1i,a1i,c2i,a2i
1,0.3013611283727135,0.39076435014849414,100.0,1.030431531076834,181.58180273572577
2,0.07119935548503943,0.14702948026512183,53.818753100676716,0.3666810579442515,221.1505889050443
