PrincipalComponent,coi,c1i,a1i,c2i,a2i
1,0.2505319039375995,0.2531222445343939,28.964822883805727,1.3961260605230945,210.4114339769338
2,0.013116662982078944,0.13383148249916746,28.893938615676106,0.19755268134828646,209.9759300125877
