PrincipalComponent,coi,c1i,a1i,c2i,a2i
1,0.35104716666846436,0.09420125240102584,28.964026101738945,1.7336413400742834,210.41079928205616
2,0.010547754041562267,0.04286809058660436,28.89267919434435,0.016595786290715106,209.97938530172993
