PrincipalComponent,coi,c1i,a1i,c2i,a2i
1,0.3777602659770328,0.010292500203034474,28.979630301742944,1.8509948678079124,210.4079872787557
2,0.013808280515163009,0.020000194265908315,28.9081602524284,0.02904432429738075,209.9809745533683
