PrincipalComponent,coi,c1i,a1i,c2i,a2i
1,0.31057663674722585,0.17079903823391507,28.94204985429556,1.565263252685373,210.39176511330123
2,0.008116289409513349,0.09350402116473694,28.870676892597153,0.05007451882336551,209.96900370058407
