PrincipalComponent,coi,c1i,a1i,c2i,a2i
1,0.19950956690692997,0.23698578394094919,15.214182708603076,1.3258875887340464,224.60623659195616
2,0.08737288623269159,0.21648418583307522,42.971588923870215,0.4172887490775635,211.2446611198815
