PrincipalComponent,coi,c1i,a1i,c2i,a2i
1,0.2492793137050643,0.22517852811395705,28.939209705976168,1.3352526124477502,210.25424992862045
2,0.06953899229505357,0.11565874853910754,28.86485505964123,0.4758977597991532,209.84659187818306
