PrincipalComponent,coi,c1i,a1i,c2i,a2i
1,0.2829699306060128,0.3245633587078131,65.83488659331094,1.1544713647252143,200.08532586399787
2,0.05589325978668957,0.149949858001168,45.55663104634645,0.3379973065365354,216.74190519650202
