PrincipalComponent,coi,c1i,a1i,c2i,a2i
1,0.2680277728941595,0.8955831844660874,100.0,0.5367626696276545,209.70980577573087
2,0.09316961196018334,0.08019661442930844,45.82423868873021,0.3690724876552113,228.77450861061897
