PrincipalComponent,coi,c1i,a1i,c2i,a2i
1,0.31432511040002803,0.8197377378190263,100.0,0.7204018083370121,200.6609601416396
2,0.02844623712788234,0.026032774611101712,42.637504041857675,0.05119044172443871,225.43621372058263
