PrincipalComponent,coi,c1i,a1i,c2i,a2i
1,0.31244538902682223,0.06814327996660834,28.964847327025975,1.6090009492576836,210.39236130410458
2,0.03799510796161029,0.039859314946967275,28.893705073416573,0.1772745962780469,209.96764186938867
