PrincipalComponent,coi,c1i,a1i,c2i,a2i
1,0.2674837786145851,1.0756148244819002,100.0,0.35305902637966863,218.21212267474735
2,0.06201566740607155,0.07559430608740494,48.10129522846317,0.27613061552901924,230.6152479692978
