PrincipalComponent,coi,c1i,a1i,c2i,a2i
1,0.24725158773933445,0.36460128944640663,47.69072966999801,1.14830586635783,205.44455070979
2,0.09013675361563266,0.10103441677261583,33.78586483407101,0.37894273858665495,213.57195920837103
