PrincipalComponent,coi,c1i,a1i,c2i,a2i
1,0.2099785306658501,0.346833091203738,28.8528421334182,1.1651278603224795,210.21774968456052
2,0.07148229112249832,0.16150974313165767,28.782270083365148,0.3743631211575503,209.81668240239213
