PrincipalComponent,coi,c1i,a1i,c2i,a2i
1,0.2614513358237939,1.0720069002251307,100.0,0.35952565403572656,216.71525795945163
2,0.07447653450762441,0.06799792336267571,47.346117016613775,0.31744668087081157,230.4319198415689
