PrincipalComponent,coi,c1i,a1i,c2i,a2i
1,0.2831972935182894,1.0081411392454043,100.0,0.4704173027036992,215.726738589733
2,0.03705514069597066,0.06549583613715683,47.334279394216644,0.13719058623548638,229.9701697558647
