PrincipalComponent,coi,c1i,a1i,c2i,a2i
1,0.264788263588249,1.008884332225313,100.0,0.42608742680286765,214.78819060485793
2,0.08379797310912238,0.06688538575944367,46.89490511368495,0.34447876562382196,230.02335161239085
