PrincipalComponent,coi,c1i,a1i,c2i,a2i
1,0.34282245107815484,0.01957317871689214,100.0,1.5403652367929,150.5444055069003
2,0.021944012532710444,0.009908417737753583,29.043485753829323,0.05256678925260191,210.36692948981204
