PrincipalComponent,coi,c1i,a1i,c2i,a2i
1,0.2706249299508386,1.0595246205633368,100.0,0.3794610824513483,218.11398755494767
2,0.05683136686188555,0.07808684635467839,48.15230106561449,0.2541618532621795,230.6037692061463
