PrincipalComponent,coi,c1i,a1i,c2i,a2i
1,0.2977898386121022,0.941840581452573,100.0,0.5664554258185468,211.59148530351703
2,0.03356852165376444,0.048831782494752826,45.85832031242425,0.09244303102064788,228.74509450130057
