PrincipalComponent,coi,c1i,a1i,c2i,a2i
1,0.3092861514102919,0.16444210929894737,28.94017191340789,1.5737882602202784,210.3778810785519
2,0.022678061354611995,0.014758101573306592,28.868083976854873,0.08960874259762035,209.9584504277608
