PrincipalComponent,coi,c1i,a1i,c2i,a2i
1,0.2727721168437654,1.0544074474489202,100.0,0.40154487180032494,217.89080703845372
2,0.04795638972686944,0.07182207157688113,47.98319436769305,0.1888630974381929,230.57122803729123
