PrincipalComponent,coi,c1i,a1i,c2i,a2i
1,0.2648796727265177,1.373519880094455,97.49590850558025,0.14610505533457288,224.59132019611786
2,0.04707322693928573,0.1108152077144844,49.713706237879876,0.1295231492117683,231.74529584727907
