PrincipalComponent,coi,c1i,a1i,c2i,a2i
1,0.26451776966092305,1.4129087241005178,100.0,0.09698339875897417,224.10445020827285
2,0.05863630304879884,0.11087721328410712,50.09189786222863,0.17835579699805865,232.16321525661047
