PrincipalComponent,coi,c1i,a1i,c2i,a2i
1,0.30351601662971833,1.3343435359869968,100.0,0.21687815973370583,219.18278649305972
2,0.025345134639118555,0.017143218162050555,47.39269933583745,0.03171688250227706,230.90702296005603
