PrincipalComponent,coi,c1i,a1i,c2i,a2i
1,0.26902936791481274,1.3371724366716289,94.2545403867311,0.20332336367584172,223.85197375838615
2,0.03323263838445708,0.08912169337878627,48.28239567523376,0.08525727715613204,230.78483293296773
