PrincipalComponent,coi,c1i,a1i,c2i,a2i
1,0.3060531090903786,1.1187116367724925,100.0,0.4499956159223451,207.83684670549192
2,0.028859654723472287,0.00811061964017874,44.40418816030004,0.08796640392418335,227.61002751069645
