PrincipalComponent,coi,c1i,a1i,c2i,a2i
1,0.3047544456716544,0.7406121703133054,100.0,0.8068689623739299,188.78724591404014
2,0.0417781051708085,0.02612956179295111,38.919310217475605,0.15605677134534096,222.34533047192127
