PrincipalComponent,coi,c1i,a1i,c2i,a2i
1,0.29205145276134276,1.3985962796854792,100.0,0.14596035167399546,222.6394274968867
2,0.027280592737839983,0.04502515675565722,48.507215077651864,0.034881904700405426,231.93086556107752
