PrincipalComponent,coi,c1i,a1i,c2i,a2i
1,0.26428799058995556,1.4278184189646224,100.0,0.07445983197111404,224.99209152288515
2,0.05253386018869134,0.11263654256353335,50.52837501323587,0.14539367492913025,232.483307609316
