PrincipalComponent,coi,c1i,a1i,c2i,a2i
1,0.27501136789290587,1.2356927282817982,100.0,0.26920512255392637,220.80193665241814
2,0.07210373690779034,0.1378797747579036,50.5961513710278,0.22728088191188575,231.19602753219863
