PrincipalComponent,coi,c1i,a1i,c2i,a2i
1,0.23407489713000848,0.49856215112284363,41.76607554270297,1.0513428729918257,214.34904163252986
2,0.05836717628415761,0.26686208381892035,44.33173699151697,0.21472256646316767,215.40463011891575
