PrincipalComponent,coi,c1i,a1i,c2i,a2i
1,0.27352700608599545,1.3510342376623692,100.0,0.16202539160100904,223.0525632097002
2,0.06172628161755966,0.11310116653284319,50.0882071301646,0.20399423876603254,231.83562977823357
