PrincipalComponent,coi,c1i,a1i,c2i,a2i
1,0.30499398452994575,1.428517816259281e-17,100.0,1.4777745235182351,150.40270432447272
2,0.044418233741262754,0.05953977492008926,25.706851084039812,0.25128068867728015,212.71674850107703
