PrincipalComponent,coi,c1i,a1i,c2i,a2i
1,0.2738652065779093,1.3641905024752456,96.81293163145045,0.17816563454718504,223.5308434645242
2,0.03102615909416367,0.07411216710161081,48.53831813612998,0.05168504469417216,231.38582705351905
