PrincipalComponent,coi,c1i,a1i,c2i,a2i
1,0.2592873980255921,0.6250958592005686,62.122140312474244,0.9505093082871205,213.61110666500514
2,0.06981294682385313,0.17206175509934934,42.12196114976315,0.246843015475703,219.52565573777716
