PrincipalComponent,coi,c1i,a1i,c2i,a2i
1,0.2618272156821218,1.0131012113916757,88.23180785219878,0.4670978481901657,220.85285866384783
2,0.06734507693636327,0.03122317924989271,45.03972423467868,0.2713768781129213,228.6380260646873
