PrincipalComponent,coi,c1i,a1i,c2i,a2i
1,0.19159164383676214,0.9538918841730749,55.79954649556977,0.9431393741596035,217.38651204124776
2,0.06677883163434836,0.039012209130201245,36.8324237859406,0.1457057835146439,218.87330895015603
