PrincipalComponent,coi,c1i,a1i,c2i,a2i
1,0.21127390465399704,0.9647207010592241,56.88788279353209,0.8470030885099927,217.69680555518173
2,0.03578187469938876,0.0012598799855039308,37.14171753845114,0.062471304540001785,219.30476691448973
