PrincipalComponent,coi,c1i,a1i,c2i,a2i
1,0.17672345389952143,0.6804374165239583,38.15839796080867,1.0776681660197194,213.09277803677907
2,0.06383039778060105,0.15059046205830257,31.949057707186547,0.26105033657465104,213.19455305790606
