PrincipalComponent,coi,c1i,a1i,c2i,a2i
1,0.18463247090561102,0.998092765263395,54.977984865440774,0.8882995874993828,217.40247338165946
2,0.040127530918972344,0.02612943377658311,36.66216016967503,0.05028827632016217,218.69544701995628
