PrincipalComponent,coi,c1i,a1i,c2i,a2i
1,0.2453168056850195,0.9496283875302052,64.77898112940444,0.7334675569138785,218.99645379735068
2,0.038619517841075354,0.0032384508318703065,39.31860156022083,0.11923546735548253,221.75891428776373
