PrincipalComponent,coi,c1i,a1i,c2i,a2i
1,0.24675677619638026,0.5700248250458891,78.25745903590348,0.8362067004229907,214.6349650059836
2,0.08964788813195002,0.049013926677874076,39.77444072206102,0.5050734432737058,227.5851820016153
