PrincipalComponent,coi,c1i,a1i,c2i,a2i
1,0.18123944994199456,0.9937871874376477,55.18348161085447,0.9084036665414331,217.34682447258942
2,0.05020120110172204,0.03778497686973518,36.71435118676217,0.07661949450178776,218.71550803277046
