PrincipalComponent,coi,c1i,a1i,c2i,a2i
1,0.19043414845044168,0.989118443745916,55.42755399876446,0.8737841490861505,217.47168124381042
2,0.03737586886909483,0.013394083953229344,36.75011082276325,0.043685103697860966,218.84196815897485
