PrincipalComponent,coi,c1i,a1i,c2i,a2i
1,0.25613026634994035,0.7609560931071115,84.44990536233938,0.6722194167798937,217.1751534039123
2,0.08028175593645435,0.03855723984684541,42.80484730785116,0.3915609867197892,227.72705129448056
