PrincipalComponent,coi,c1i,a1i,c2i,a2i
1,0.19697130871297389,0.8924757865631768,55.06972498593076,0.980463004335513,216.9010891615033
2,0.07548948254258359,0.049615175038585334,36.50788221502693,0.18924318454666095,218.5563815457667
