PrincipalComponent,coi,c1i,a1i,c2i,a2i
1,0.19127939451839343,1.0059200115231817,57.75061389320015,0.8852911335534038,217.80964703438204
2,0.05905736359927998,0.03854566385033037,37.42617690514327,0.11770346929200151,219.49881555214648
