PrincipalComponent,coi,c1i,a1i,c2i,a2i
1,0.19821892021679702,0.729174186269548,45.025583241597815,1.1215097967027827,214.43913921222588
2,0.07072828617633983,0.07820141269527328,33.6003216491537,0.22833688123337406,215.29252124004435
