PrincipalComponent,coi,c1i,a1i,c2i,a2i
1,0.18427786756007367,1.004190795619392,56.39704640752695,0.8874935736441963,217.82762230129566
2,0.05313464176923175,0.041432360249057526,37.12188971798334,0.08779713918294398,219.16477282540083
