PrincipalComponent,coi,c1i,a1i,c2i,a2i
1,0.18923201660100486,0.6204997372983068,65.41794434115646,0.7541591512441181,229.75104006601572
2,0.1136924925468321,0.0,39.61882349154733,0.8655836508624314,210.67071211072314
