PrincipalComponent,coi,c1i,a1i,c2i,a2i
1,0.1985282786381402,1.0438829020094917,76.53301906496175,0.5448851195076047,221.1681277059596
2,0.0851701187537551,0.06470779629931586,42.90716984090845,0.3709424291146052,224.91630327424818
