PrincipalComponent,coi,c1i,a1i,c2i,a2i
1,0.2517244647540597,1.1421206718835621,69.09196022427945,1.0409962366742487,218.60860813292658
2,0.03962475203184432,0.0,40.26268119073301,0.10666896905058235,222.534388124591
