PrincipalComponent,coi,c1i,a1i,c2i,a2i
1,0.1970021432891799,0.8422292033142811,74.54671721900795,0.6028893813177433,218.81970423779381
2,0.09915691053245614,0.06623294375118353,41.72834835155154,0.575914391944085,223.44686974874384
