PrincipalComponent,coi,c1i,a1i,c2i,a2i
1,0.24055841916634077,1.2636134372586096,72.5611065290604,0.8769149396162542,220.02081038479167
2,0.03371293521779921,0.0021629931678065904,41.434746809334776,0.07498999227005756,223.81543171248825
