PrincipalComponent,coi,c1i,a1i,c2i,a2i
1,0.21986012127939933,0.8534563957084456,46.670257488933366,1.271557763741024,214.2082918432957
2,0.05045620757539739,0.039909842788098504,33.90710758601081,0.19569568534198048,215.5964857133867
