PrincipalComponent,coi,c1i,a1i,c2i,a2i
1,0.24446168052386863,1.1820419796281358,69.2080968217824,0.9908407276146556,219.09564440969856
2,0.035335125281439124,1.9895452110823832e-19,40.420293266476946,0.08698580783192672,222.6892079669153
