PrincipalComponent,coi,c1i,a1i,c2i,a2i
1,0.23206834360367484,1.2674192948228458,71.98374887295553,0.8432384968547595,220.20004784608867
2,0.03160993855714685,0.00744880754599199,41.36158379114151,0.06777799995737044,223.74346288362202
