PrincipalComponent,coi,c1i,a1i,c2i,a2i
1,0.21142554988076157,1.2086853136626126,69.70904413510296,0.8066585295381421,220.0807084580927
2,0.03614375476823997,0.019149498053099012,40.81946100826734,0.1031047881965086,223.15506738364556
