PrincipalComponent,coi,c1i,a1i,c2i,a2i
1,0.22458321212900778,1.2269491082735666,69.69903086872998,0.8815040588504723,219.7811616971913
2,0.0316680667142751,0.00988799904928797,40.72492350650029,0.069675341372979,223.03964923227417
