PrincipalComponent,coi,c1i,a1i,c2i,a2i
1,0.1976030474984462,1.1497502625394058,68.58340134230356,0.7757972642903902,219.93869861900114
2,0.047022240940709614,0.027186804179373067,40.53520941148154,0.1560061432859589,222.82968716188395
