PrincipalComponent,coi,c1i,a1i,c2i,a2i
1,0.24384739176699108,0.9338888166219514,57.19569940699279,1.2587054964346562,215.92566867558392
2,0.04992993483448695,1.914485988448436e-18,36.82775953281051,0.14799777960094465,218.77485144119294
