PrincipalComponent,coi,c1i,a1i,c2i,a2i
1,0.18514200480911072,0.6347277711467969,61.9897699428197,0.7820547295461115,216.44223026180074
2,0.11391051647928521,0.021818920858710945,38.25696710521838,0.7354799406113405,220.93888530010804
