PrincipalComponent,coi,c1i,a1i,c2i,a2i
1,0.18788128777280003,1.0630130767368167,68.4696084987886,0.732151142985769,219.85330496247826
2,0.06723724988749534,0.04835253946314248,40.547153054198326,0.23868282579781,222.73706082522187
