PrincipalComponent,coi,c1i,a1i,c2i,a2i
1,0.18573806673668325,0.8374534242632816,49.9699467647272,0.8942433847013032,216.02324130225085
2,0.04497280625679288,0.03532137186769207,35.224316232805414,0.25150211032798875,216.99333620897812
