PrincipalComponent,coi,c1i,a1i,c2i,a2i
1,0.19192616371387025,0.47925022712953463,46.05052313458914,0.9275641969919418,214.6988923032153
2,0.08840716361709731,0.03130680588551519,33.89690929253132,0.7368921593525005,217.25523060211438
