PrincipalComponent,coi,c1i,a1i,c2i,a2i
1,0.1599122684640835,1.0164788699226521,49.09811241799209,1.0866802926468742,215.94007070211077
2,0.03936797953166352,0.019142067197283247,34.97313288530058,0.07832773548257244,216.71654438372795
