PrincipalComponent,coi,c1i,a1i,c2i,a2i
1,0.17182373904521628,0.9225699953669357,47.38068788083925,0.9940686641445304,215.49764132835244
2,0.02840922389776338,0.015827858662275623,34.45940254107479,0.13812912487293386,216.17976828043186
