PrincipalComponent,coi,c1i,a1i,c2i,a2i
1,0.1600505702925535,0.9990267084930137,48.044081597871745,1.0604742448513294,215.82972055573416
2,0.0255342674542289,0.019373443569101065,34.69374826031675,0.0650733080747686,216.4283077738221
