PrincipalComponent,coi,c1i,a1i,c2i,a2i
1,0.19378347432049944,0.5595908048927619,48.58869846856358,0.8979917251375035,214.67496653186777
2,0.07970436643631335,0.039608288811736905,34.431397156490476,0.6036948395636417,216.74955160811803
