PrincipalComponent,coi,c1i,a1i,c2i,a2i
1,0.19906944984807803,0.699120293415834,54.12337937541077,0.8252323181642275,216.06474223107213
2,0.06602625511152996,0.05749491098235874,36.181367286037386,0.4562174562871228,218.01117593382455
