PrincipalComponent,coi,c1i,a1i,c2i,a2i
1,0.15750895764190306,1.0061458252466768,48.19945447192797,1.1003091482396352,215.71478783220496
2,0.03567072203978152,0.019194777651341085,34.70949054359341,0.07066485557338666,216.42086727410754
