PrincipalComponent,coi,c1i,a1i,c2i,a2i
1,0.15860090882443784,0.9731375314873644,47.1703447983481,1.037338007372577,215.45374190371174
2,0.024728637999104058,0.013108828038767648,34.379459835906516,0.08604425122167426,216.09919723944066
