PrincipalComponent,coi,c1i,a1i,c2i,a2i
1,0.16617032317717229,1.0079225546096209,49.602243809870174,1.1054540416895307,215.96626482845934
2,0.04466669097322836,0.017359048649823166,35.08153880373574,0.10017526251000919,216.84611849083524
