PrincipalComponent,coi,c1i,a1i,c2i,a2i
1,0.164000344742968,0.8132315728372063,40.814101943152465,1.2587080383101326,213.6295734977466
2,0.07117894063044913,0.02934346640164934,32.416607134298054,0.2203793606691482,213.9738596262038
