PrincipalComponent,coi,c1i,a1i,c2i,a2i
1,0.17317214832930286,0.9271535038761263,47.33003439993338,1.1780527598080264,215.24537160714502
2,0.06077563847067275,0.012082405971644616,34.364192293891776,0.17251306800621266,216.0754288284196
