PrincipalComponent,coi,c1i,a1i,c2i,a2i
1,0.1667801381152927,0.9699348466958624,48.15765195237549,1.1501925430908992,215.5589924568301
2,0.05261078542724344,0.014210532935089733,34.64207584384148,0.1275637272289177,216.36272936355937
