PrincipalComponent,coi,c1i,a1i,c2i,a2i
1,0.2881700065476755,0.7980851410060728,51.6982264968083,1.4228392250447137,214.71097803838353
2,0.032639147077328144,0.0148771831350204,35.22809517313008,0.07236272179383638,216.96667231996324
