PrincipalComponent,coi,c1i,a1i,c2i,a2i
1,0.2482221658824814,0.4279832499906402,55.22726140290796,0.9462890217467922,214.01470564451483
2,0.13319388759475914,0.0,36.496150371142015,0.8035952440216768,221.00549742937918
