PrincipalComponent,coi,c1i,a1i,c2i,a2i
1,0.2804749082820507,0.8322905524932463,53.70981087813646,1.3248272925665276,215.27946614966243
2,0.03606374125059445,0.01328180612797229,35.825871504700814,0.09445320204208357,217.66329171945353
