PrincipalComponent,coi,c1i,a1i,c2i,a2i
1,0.2389554537037303,0.35610215579267807,47.52157496640221,1.0041390556520533,215.44793778507193
2,0.12892921579761346,6.5225312407507325e-18,35.80263586836995,0.9172656369378686,222.8801083968219
