PrincipalComponent,coi,c1i,a1i,c2i,a2i
1,0.24221362703248256,0.8243936838924363,54.109137788037394,1.1702602378855762,215.84481539978913
2,0.06456002671922131,0.017441154427020173,36.04810008545276,0.189636475048755,217.97154881926866
