PrincipalComponent,coi,c1i,a1i,c2i,a2i
1,0.24852783070213036,0.5299012338467448,60.321226025214116,0.8925104896304251,213.58648284232802
2,0.12964935164374128,0.02430833501371609,36.84258463147234,0.6632127195562124,218.35439415292484
