PrincipalComponent,coi,c1i,a1i,c2i,a2i
1,0.23030334189103663,0.6367821796824026,55.13826117554965,0.9452227605630368,215.3097227586617
2,0.11411866757291848,0.040602052662498576,36.2046837532323,0.4676148219717534,217.92399813927406
