PrincipalComponent,coi,c1i,a1i,c2i,a2i
1,0.2197653795674585,0.7274142745709766,54.07049798410771,1.0264430586646898,215.74235901455066
2,0.10101204679053731,0.03319849631117072,35.98667798824104,0.3435760306942671,217.9992444734803
