PrincipalComponent,coi,c1i,a1i,c2i,a2i
1,0.22380019713060426,0.7918570136756402,54.21497621955279,1.0914838985074,215.92783258450274
2,0.0836129745581058,0.022253119469260528,36.08372860389098,0.258399154989037,218.06674531018942
