PrincipalComponent,coi,c1i,a1i,c2i,a2i
1,0.30154112818065454,0.6298842064939546,39.82889468327597,1.6824344267215512,212.4857279361217
2,0.0423791214628845,0.0,31.946113483387922,0.08596662417292514,213.35107088877155
