PrincipalComponent,coi,c1i,a1i,c2i,a2i
1,0.29455388658231496,0.7553033888699585,48.9553132171051,1.510598174366412,214.16895099319933
2,0.032693425482017,0.009570681257927257,34.4584448519579,0.06709018368100444,216.11232769959446
