PrincipalComponent,coi,c1i,a1i,c2i,a2i
1,0.2524289749514005,0.5102037782757037,46.93550064677663,1.4238910100809519,210.99048963325419
2,0.08460022695246104,0.04695267458882291,32.73979260671368,0.3415096150088326,215.34481251038443
