PrincipalComponent,coi,c1i,a1i,c2i,a2i
1,0.2754993469564663,0.07315102220375469,28.999863623389494,1.4297062324912475,210.2824204384298
2,0.1477670684500205,2.5469844559298667e-18,28.907199344496224,0.8425125203780673,209.76986085946777
