PrincipalComponent,coi,c1i,a1i,c2i,a2i
1,0.22827292604049165,0.2890194550371808,28.95354482832555,1.3733221056561222,210.26547941010807
2,0.11096636671606071,0.07841447610925589,28.870123056496713,0.5167847353114229,209.82492744856083
