PrincipalComponent,coi,c1i,a1i,c2i,a2i
1,0.2466359075480222,0.47295367259464965,48.06912123683787,1.3590283566877484,210.1480800035797
2,0.09243541663103136,0.06015444254556407,32.399543152473925,0.38804098776034796,215.77468709769525
