PrincipalComponent,coi,c1i,a1i,c2i,a2i
1,0.26905679185212533,0.11651540335518398,28.986936953805824,1.404480720040786,210.28644700964156
2,0.14305167359555798,0.016360751099358185,28.895110183031683,0.7507820480167913,209.78855251999326
