PrincipalComponent,coi,c1i,a1i,c2i,a2i
1,0.2774174137811215,0.5130249891627078,44.477897585516764,1.606726947792027,210.81098580654609
2,0.06488137720369531,0.04076547567396407,32.311186153470565,0.23211201158976322,214.27433175188057
