PrincipalComponent,coi,c1i,a1i,c2i,a2i
1,0.24765498997595384,0.3921928670795517,44.573405488692224,1.3403391608940063,208.73326077308892
2,0.09963819001987138,0.07584861248692966,31.07807949624409,0.44404408694546904,214.75495187605165
