PrincipalComponent,coi,c1i,a1i,c2i,a2i
1,0.27047836873541936,0.5217163897700037,45.50799599192639,1.555497665008521,211.07661625614918
2,0.07176537759195395,0.03530392676326561,32.59216574057028,0.26638942790422504,214.74288196935032
