PrincipalComponent,coi,c1i,a1i,c2i,a2i
1,0.29228935250391025,0.48998409290533806,41.3539623564041,1.7214658139753563,210.60266803103445
2,0.05274301159119589,0.03761123831478881,31.663827296195134,0.18744192643733248,213.2930793642097
