PrincipalComponent,coi,c1i,a1i,c2i,a2i
1,0.32593480982584067,0.43550167736284684,34.69077495973794,1.9463368900336768,210.81439768643503
2,0.03426762284730988,0.0160035829455712,30.337837365405456,0.10611300906410177,211.58538764712316
