PrincipalComponent,coi,c1i,a1i,c2i,a2i
1,0.33200874087305554,0.4022491646128869,29.10083274362714,2.0298370087420055,210.50863414235232
2,0.03668389466615691,0.00029063728867614327,29.02828959055332,0.08395309938458986,210.05576181757883
