PrincipalComponent,coi,c1i,a1i,c2i,a2i
1,0.3093123557116703,0.4619941539990735,38.10039490235125,1.8258744579752966,210.64582937348433
2,0.04161391482675334,0.03040560091778801,30.99568317048876,0.15138905972986566,212.44125513165068
