PrincipalComponent,coi,c1i,a1i,c2i,a2i
1,0.19656007140255916,0.44501642587125884,24.29527287138398,1.29913774168893,233.34263181612573
2,0.08825161110803778,0.29026909458627576,58.66075910516668,0.2546019290071635,217.68709460600368
