PrincipalComponent,coi,c1i,a1i,c2i,a2i
1,0.1876421983675797,0.2654700380387991,13.99317009010181,1.385209864910577,250.0
2,0.12125830333650998,0.14474194622025924,39.23342221289666,0.684925680941723,218.1387376578635
