PrincipalComponent,coi,c1i,a1i,c2i,a2i
1,0.22259174786551073,0.48189484103042063,28.920313980160408,1.3595330622678337,210.2999014816668
2,0.04108065970333932,0.2045442933736537,28.854989386536158,0.2973834610632289,209.9042266804427
