PrincipalComponent,coi,c1i,a1i,c2i,a2i
1,0.23350795083988463,0.5188158940117753,28.9981764813302,1.4887540102324548,210.42304379524123
2,0.04078236460465263,0.17326957294178874,28.92252133134193,0.22588954935929853,210.0076373225952
