PrincipalComponent,coi,c1i,a1i,c2i,a2i
1,0.22598027008390226,0.5196276684424811,28.96425251613411,1.453350946238487,210.36102932937013
2,0.04514235847634654,0.17101869685316465,28.894731397793894,0.2526205797233204,209.963298622664
