PrincipalComponent,coi,c1i,a1i,c2i,a2i
1,0.1884645883145669,0.29313096965273044,14.900289795568197,1.3538733901876951,250.0
2,0.1136487297135532,0.1962902659113546,48.806475358321016,0.5618252501239104,216.2094042245921
