PrincipalComponent,coi,c1i,a1i,c2i,a2i
1,0.24817876821040907,0.5154568037352419,29.014149455825716,1.5640200556103794,210.48534714946425
2,0.03739097157748065,0.1633800425017638,28.950125318681145,0.19479848291503424,210.03227044899623
