PrincipalComponent,coi,c1i,a1i,c2i,a2i
1,0.1932786022610595,0.3265248669474533,16.978083457347708,1.3298603240205054,250.0
2,0.1086708549989566,0.3331206837711281,69.61959554545027,0.33695505113685464,216.90228559641892
