PrincipalComponent,coi,c1i,a1i,c2i,a2i
1,0.19614331267705817,0.45178812789977146,24.501286820770236,1.3323357900301531,210.45774341762788
2,0.04608984710518954,0.22143019523878377,29.71519384759234,0.3241996509266069,209.01111646121115
