PrincipalComponent,coi,c1i,a1i,c2i,a2i
1,0.19794042625311448,0.4011326860349872,21.791829115248902,1.2895190415315294,250.0
2,0.10711180289295631,0.4013727518951184,81.14009269019077,0.1668868938353864,221.7540105015803
