PrincipalComponent,coi,c1i,a1i,c2i,a2i
1,0.24891900950685275,0.5082401835657268,26.256896333989665,1.6535812667166234,211.05091770423385
2,0.035452344101831616,0.15169213591337624,29.221970681885292,0.1641541459371556,209.58294070241942
