PrincipalComponent,coi,c1i,a1i,c2i,a2i
1,0.2725272024227977,0.6401042759803423,25.646705291218186,1.8481447097119452,250.0
2,0.025187006952298162,0.0690693349269365,40.50687371744039,0.069781756833957,220.81662435698254
