PrincipalComponent,coi,c1i,a1i,c2i,a2i
1,0.2655941732998389,0.515818531220217,25.0051216486805,1.752041693723022,210.8924842572353
2,0.02917015952374909,0.11378544689631066,28.63556106194891,0.12509764221087477,209.19976833423559
