PrincipalComponent,coi,c1i,a1i,c2i,a2i
1,0.2449184631544203,0.7373290647921745,24.060703987441766,1.8184296458807048,250.0
2,0.023982212975452704,0.03599380829578401,38.12457989410587,0.039007526279110645,220.2760114570021
