PrincipalComponent,coi,c1i,a1i,c2i,a2i
1,0.18407018885588267,0.6761555582065554,28.868576345719738,1.2975651359005809,231.6101829123132
2,0.037383013254003776,0.46565453983135763,72.16444410153167,0.0,220.85169084980518
