PrincipalComponent,coi,c1i,a1i,c2i,a2i
1,0.0884108723446855,0.48259543057824905,16.655356496145284,1.1897436736156406,250.0
2,0.10699512577677996,0.3623545932553223,70.36267847070431,0.38586876039398177,213.60713605041522
