PrincipalComponent,coi,c1i,a1i,c2i,a2i
1,0.1692662017021099,0.6774258104578884,29.59788608809297,1.200478374289657,232.53283533140566
2,0.047885516759101486,0.5007507252375594,75.3360105179702,0.0,221.73221049161754
