PrincipalComponent,coi,c1i,a1i,c2i,a2i
1,0.16769503200018152,0.6358663632900424,29.71063133921236,1.1254206534952134,231.27675710441218
2,0.050863602737576924,0.5459687107282382,75.39867780199741,1.6748271687032289e-19,221.3429507670387
