PrincipalComponent,coi,c1i,a1i,c2i,a2i
1,0.1760602369599553,0.6714839122170069,29.417966350107175,1.2325409402964096,230.45318061242924
2,0.042226511296296704,0.48768797389643487,72.36246836222153,1.0010454290274017e-17,220.8957814335175
