PrincipalComponent,coi,c1i,a1i,c2i,a2i
1,0.08068014753444569,0.4598131845214274,15.46625035987575,1.2357742897492023,250.0
2,0.11413894015092903,0.24361665951798653,54.045528741206226,0.5766506696375526,212.6301788654074
