PrincipalComponent,coi,c1i,a1i,c2i,a2i
1,0.13926167964784153,0.5764770088838168,25.36029484217691,1.09228296130957,235.9874374702261
2,0.07589825837463232,0.5855809483146167,79.94913840235381,5.674031055251642e-17,221.62044174002426
