PrincipalComponent,coi,c1i,a1i,c2i,a2i
1,0.1294654128142781,0.5370097275147157,22.83962445956662,1.0878937323686197,239.48323927219542
2,0.0940546345068185,0.60383880373363,85.86571598112764,0.0,221.12388040464924
