PrincipalComponent,coi,c1i,a1i,c2i,a2i
1,0.1436703779547136,0.6096023895846013,26.702616938175993,1.1106880202338105,232.31827792530348
2,0.058879317146904905,0.5670976784352509,76.43470472694746,0.0,221.03207184072517
