PrincipalComponent,coi,c1i,a1i,c2i,a2i
1,0.1046959036176148,0.5020630437883545,18.79669327439157,1.1530709538921633,250.0
2,0.10032507608795468,0.6510127792644101,93.72174902496658,0.0031262395470982077,219.28726398383233
