PrincipalComponent,coi,c1i,a1i,c2i,a2i
1,0.20441608021588126,0.7024642912483937,28.108546873828235,1.4508237881736181,240.39850712980498
2,0.033415677087805885,0.3773679526660605,73.80261514240067,0.0,223.19503836361142
