PrincipalComponent,coi,c1i,a1i,c2i,a2i
1,0.20835640895487811,0.7626790703145885,26.5989138113118,1.5562205132449651,250.0
2,0.011991971487417038,0.2745935980900526,65.34568535554219,0.008728009629934596,224.0901963076915
