PrincipalComponent,coi,c1i,a1i,c2i,a2i
1,0.19346583968872536,0.9150376689851563,27.02979243836338,1.5425224683838386,250.0
2,0.0055711422926515075,0.11496081100839217,46.589096964265266,0.04327759939908514,221.96833132702784
