PrincipalComponent,coi,c1i,a1i,c2i,a2i
1,0.25162569256186723,0.12234082855360216,28.984802239503995,1.4185361440020654,210.29193338024913
2,0.08849413438508895,0.05186451880716436,28.909608242603397,0.606998107337664,209.86543368458123
