PrincipalComponent,coi,c1i,a1i,c2i,a2i
1,0.2710709542093428,0.39083357466436414,100.0,1.0563312045914128,187.56675879069195
2,0.06975351702214772,0.03580967470049426,39.67189651848382,0.5669304854922845,230.23741729609966
