PrincipalComponent,coi,c1i,a1i,c2i,a2i
1,0.2600873342019004,0.16349761509775132,28.983008705969603,1.540649083663792,210.37174471102662
2,0.016812024586100423,0.055505041458752236,28.91107717980554,0.2378412769109032,209.95256341446458
