PrincipalComponent,coi,c1i,a1i,c2i,a2i
1,0.2714691722404579,0.411884329920177,100.0,1.0342201678003597,191.3797253181793
2,0.060653720071136855,0.04641574825250974,39.95347644589707,0.5254562063982804,228.77674959089552
