PrincipalComponent,coi,c1i,a1i,c2i,a2i
1,0.35113483562048153,0.0,37.64200194473914,2.0552136175355264,234.9789492506168
2,0.003720329989769594,0.006791451070159404,37.50151771377368,0.015877384157620703,219.50486729800198
