PrincipalComponent,coi,c1i,a1i,c2i,a2i
1,0.2170913945346081,0.2415689908590522,28.993587709863196,1.3883411329994426,210.3296253255801
2,0.03587144826117734,0.043698687215485275,28.91654177483252,0.4121360814712913,209.93369400385706
