PrincipalComponent,coi,c1i,a1i,c2i,a2i
1,0.2524594861380088,0.28467672374473013,60.86130970538406,1.2284105581559726,201.6673277260632
2,0.05408283454018664,0.03972109414041619,33.73374494202433,0.5062739869070513,218.50577779355248
