PrincipalComponent,coi,c1i,a1i,c2i,a2i
1,0.2326199685331649,0.20877101937449336,28.993705722202233,1.4458218553129356,210.36644389568096
2,0.023330503779002722,0.05461627549140275,28.919376682973997,0.3337852904457057,209.95130556569544
