PrincipalComponent,coi,c1i,a1i,c2i,a2i
1,0.3437503060679299,2.6758233358292057e-18,28.99381214633072,1.8860482078848293,210.38041930598283
2,0.005872815186253763,0.02004042039029748,28.922528601517104,0.04702492946396611,209.9586387425185
