PrincipalComponent,coi,c1i,a1i,c2i,a2i
1,0.35103300296781437,0.0,42.93613136040008,2.2059655447960447,250.0
2,0.00028982520444860535,6.505213034913027e-19,42.754636017681314,1.908671951103536e-05,225.30672601821453
