PrincipalComponent,coi,c1i,a1i,c2i,a2i
1,0.2993604902215192,0.09704992233034183,28.975814409614493,1.6644747916213571,210.3747300327477
2,0.011578685458429647,0.04386314121081881,28.904537394074293,0.13675400864123685,209.95295045981632
