PrincipalComponent,coi,c1i,a1i,c2i,a2i
1,0.22686030656364398,0.19653071320932472,28.994323961398727,1.3782457998370363,210.2688801008421
2,0.08452208692208792,0.02053646033650845,28.9157416668854,0.6189266880623482,209.85885587101038
