PrincipalComponent,coi,c1i,a1i,c2i,a2i
1,0.23984998914973912,0.34611346707178686,67.30309432139155,1.1806268050416238,205.18532523953687
2,0.04659962290754854,0.030035578248201713,35.900584742869306,0.46662199959472817,222.14393921661951
