PrincipalComponent,coi,c1i,a1i,c2i,a2i
1,0.24916927207669337,0.5714146880776598,100.0,0.8691501338732035,205.5019027018831
2,0.06871989919372765,0.026308599275072217,44.7950500741182,0.581466988043537,234.61963869978155
