PrincipalComponent,coi,c1i,a1i,c2i,a2i
1,0.33243565828309574,0.0,37.68587077314641,2.0386434819306234,235.06220546072774
2,0.009195302828202172,0.010043789962157785,37.52972629499574,0.04862450637539256,219.54215629083913
