PrincipalComponent,coi,c1i,a1i,c2i,a2i
1,0.20036417640195997,0.22579768943997802,28.99487397934075,1.3476436837695187,210.24776937791358
2,0.09061023052749947,0.005153371581342064,28.91407544178223,0.6605515035092954,209.8399214474776
