PrincipalComponent,coi,c1i,a1i,c2i,a2i
1,0.24668238193686684,0.25607015116735543,59.594837724844396,1.3029860276809089,200.59572805524607
2,0.032439965004808016,0.041087349481283036,31.911965401764387,0.38920985451675433,218.4239632948531
