PrincipalComponent,coi,c1i,a1i,c2i,a2i
1,0.24881029393765475,0.5638876223728185,100.0,0.8816532162459093,203.55201170172808
2,0.07765670128673915,0.016286664170076206,45.50150624966978,0.6216691094763136,236.15315127507873
