PrincipalComponent,coi,c1i,a1i,c2i,a2i
1,0.3347004471161793,0.0,42.95577763205986,2.2122364629557816,250.0
2,0.004027064817810204,0.0027148707949823984,42.77502251007123,0.010514937315149072,225.29995224915103
