PrincipalComponent,coi,c1i,a1i,c2i,a2i
1,0.3223908648636136,0.006587348794519214,28.998747179442386,1.85783919528572,210.3727082456051
2,0.011696838910387192,0.019934056588628714,28.92756620142092,0.08986894014910904,209.9527219489046
