PrincipalComponent,coi,c1i,a1i,c2i,a2i
1,0.23352693507520247,0.1903137898081756,28.99190485370686,1.4969918308355987,210.37478048419166
2,0.02343013665014179,0.04218196300817923,28.919173818899228,0.29255161344052016,209.95083319620642
