PrincipalComponent,coi,c1i,a1i,c2i,a2i
1,0.25196562011067125,0.5609054252241472,100.0,0.8882311540979502,205.60036044176775
2,0.06395794444733521,0.026303249101386816,44.75015005795241,0.5631617882605059,235.00856261331705
