PrincipalComponent,coi,c1i,a1i,c2i,a2i
1,0.2325980011514517,0.13570022140858093,28.944600976310227,1.3481126475458918,210.25215696468786
2,0.08097307455646917,0.11382054679133934,28.8666866332307,0.6045306110220866,209.81254845444224
