PrincipalComponent,coi,c1i,a1i,c2i,a2i
1,0.27215071838962174,0.11986025379947851,28.98246592018901,1.6214820417721196,210.37152768601837
2,0.01888231464385475,0.034364507874076286,28.91081797577138,0.19102081426275516,209.94878228422724
