PrincipalComponent,coi,c1i,a1i,c2i,a2i
1,0.29609883431018574,0.148001547406427,57.39593136010986,1.4655100954246483,184.6350412207953
2,0.012919865414311794,0.04550891036463496,28.200120685049903,0.18804296384179953,210.3921486290737
