PrincipalComponent,coi,c1i,a1i,c2i,a2i
1,0.35420335650905205,7.889553169380264e-19,40.25276127174186,2.1104850004408,242.3980797126502
2,0.0022436908194337357,0.0026171980485578433,40.092555876187504,0.009078360755163358,222.3770246211218
