PrincipalComponent,coi,c1i,a1i,c2i,a2i
1,0.27280161406859327,0.5592189472040198,100.0,0.9119841750067169,197.632247245371
2,0.05064981953393133,0.04447867233095331,41.90053379749338,0.4364808062480873,226.98963904528654
