PrincipalComponent,coi,c1i,a1i,c2i,a2i
1,0.3392519343504958,0.0,28.990779369599384,1.9567615877726112,210.38011166759142
2,0.0004856438836871401,0.0013053305642642629,28.919728825517623,0.0014096367143460668,209.95354234029818
