PrincipalComponent,coi,c1i,a1i,c2i,a2i
1,0.2676579587907649,0.5645310848306362,100.0,0.8973537694549147,194.8992002979008
2,0.0656704931389657,0.033020033604023336,41.4140348905386,0.5001880317052744,227.60762553713673
