PrincipalComponent,coi,c1i,a1i,c2i,a2i
1,0.3365820186063531,0.052394881687066096,28.976693921655976,1.8312312331418608,210.37550872428557
2,0.002533361944913198,0.010234274500590902,28.905488465869684,0.019359238628470766,209.95340445188782
