PrincipalComponent,coi,c1i,a1i,c2i,a2i
1,0.2441772507917884,0.1654351196942649,28.97780754560606,1.3959857446701214,210.29644087963933
2,0.08130290192696982,0.057699332085468825,28.900456859222945,0.5441113091796607,209.87445383759953
