PrincipalComponent,coi,c1i,a1i,c2i,a2i
1,0.21696997163495263,0.24230161852383378,28.990639864391373,1.3574351792490726,210.28380527598685
2,0.07924667095161142,0.024596294998370027,28.909650837410076,0.5537836816250051,209.87578229141752
