PrincipalComponent,coi,c1i,a1i,c2i,a2i
1,0.28006340239065125,0.5113507831303437,100.0,0.9904635599787435,194.07504939064435
2,0.035471200206484046,0.047459493914787244,40.69167192367091,0.3461285382633101,225.47774138968677
