PrincipalComponent,coi,c1i,a1i,c2i,a2i
1,0.26923442584228413,0.5786485422525501,100.0,0.8820977147164913,198.07211605384657
2,0.056037983838384584,0.04314613911459536,42.09139846615934,0.4583217387814616,226.9852392992207
