PrincipalComponent,coi,c1i,a1i,c2i,a2i
1,0.24659245703697047,0.1585807346209925,28.92521147441156,1.3361024927542653,210.26049306875296
2,0.07258737755488266,0.12621262772622188,28.849858358471632,0.5197757222213822,209.82429736123484
