PrincipalComponent,coi,c1i,a1i,c2i,a2i
1,0.27484411829907834,0.4553272929243565,100.0,1.0075582022643814,188.72301823410447
2,0.07275042853103378,0.03190155600103065,40.03950341759054,0.5226231180536788,227.4657639641541
