PrincipalComponent,coi,c1i,a1i,c2i,a2i
1,0.2880343727973459,0.15802405616343113,28.96237450959779,1.6208379037704104,210.37726579261644
2,0.008189923451330218,0.032001858872842494,28.890415740043096,0.09478633641680832,209.95074521932986
