PrincipalComponent,coi,c1i,a1i,c2i,a2i
1,0.28185195857691747,0.29276766143564836,77.43665527723016,1.2594624658652418,189.64781915975527
2,0.0221723210137851,0.05038006407305944,34.11186142910127,0.2737912200865195,217.76236721718195
