PrincipalComponent,coi,c1i,a1i,c2i,a2i
1,0.27613988204006185,0.939086469812681,100.0,0.603042393950008,213.10268717703318
2,0.02638394743436776,0.039778543609011556,46.24340999346885,0.21887380941760012,228.96876966544224
