PrincipalComponent,coi,c1i,a1i,c2i,a2i
1,0.22547222368144976,0.27450464802121677,28.919398908038826,1.2815671991422117,210.28940216203924
2,0.05579914644377334,0.14908227649018801,28.844305907246085,0.3951825584332671,209.86452630375348
