PrincipalComponent,coi,c1i,a1i,c2i,a2i
1,0.32938674903600945,0.08879493377396688,28.968258569192045,1.7901447801350459,210.36743621856155
2,0.0021277092615872243,0.005354645282745487,28.896701922924947,0.01114936389894138,209.95144739710037
