PrincipalComponent,coi,c1i,a1i,c2i,a2i
1,0.26591179031837925,0.9574538407317634,100.0,0.5492080754612768,213.83859648809621
2,0.04548324123476151,0.04473643572707566,46.4781773890676,0.31444284295910796,229.00771199794315
