PrincipalComponent,coi,c1i,a1i,c2i,a2i
1,0.27099520994866116,0.8720054315693166,100.0,0.6432817120053395,209.2044503090119
2,0.06091808043086439,0.03827699736277685,45.19483476963327,0.37578145892223586,227.98265172730885
