PrincipalComponent,coi,c1i,a1i,c2i,a2i
1,0.22013345878290969,0.28818756711419324,28.961083976797266,1.3489842850804805,210.30667382181764
2,0.0678909810371948,0.07329591282599579,28.884525579510115,0.4118554121542877,209.89545139918087
