PrincipalComponent,coi,c1i,a1i,c2i,a2i
1,0.3439827892576955,0.003445773585833641,28.991935228124635,1.8763001928817997,210.38134389140555
2,0.005918841361569426,0.019677504745223222,28.92069531905045,0.047826028292536966,209.95833356500216
