PrincipalComponent,coi,c1i,a1i,c2i,a2i
1,0.32153528376052065,0.542936963941203,100.0,1.0987327483226503,182.25657288374455
2,0.0052743933607751065,0.009613691097996898,37.709249641707885,0.03220392249178606,219.88896609364906
