PrincipalComponent,coi,c1i,a1i,c2i,a2i
1,0.2834738598803092,0.8787538306787032,100.0,0.689608530137667,209.3531238980631
2,0.01774740348221931,0.037751446867598036,45.23914219633142,0.15817681686466326,227.96295187875583
