PrincipalComponent,coi,c1i,a1i,c2i,a2i
1,0.3013277423614779,0.7801570104611653,100.0,0.8290599479298509,202.41561373037712
2,0.011618228833888612,0.02584755582232261,43.245547116709325,0.09405302473767174,225.93206457431245
