PrincipalComponent,coi,c1i,a1i,c2i,a2i
1,0.26409325090031827,0.9492868897989928,100.0,0.5611669717850506,211.9047328819254
2,0.05441750264283012,0.03735020865173604,45.83656050604552,0.35330474987592186,228.73665807414062
