PrincipalComponent,coi,c1i,a1i,c2i,a2i
1,0.2693594633966998,0.946364908437799,100.0,0.5707931687706725,213.77068242943994
2,0.04042522127245978,0.04450800996734984,46.46988768990966,0.29395822780381986,229.04212269243178
