PrincipalComponent,coi,c1i,a1i,c2i,a2i
1,0.33940034775498,0.0,47.582362278017044,1.710012930497143,162.2250013000924
2,0.0004121973926235405,0.0001773929303984451,20.302684017353826,0.00016971903727805722,200.340022151204
