PrincipalComponent,coi,c1i,a1i,c2i,a2i
1,0.27780124937574974,0.7361490364667415,100.0,0.7692043570540011,201.67807620246003
2,0.06804555150741201,0.05073443211986412,43.58946978864263,0.40404939352150987,225.82566714000157
