PrincipalComponent,coi,c1i,a1i,c2i,a2i
1,0.23841867836879185,0.3970846085626351,43.46001831379128,1.2737358396675058,209.30837523146292
2,0.054682707585489175,0.08372413743057978,32.88863573544653,0.3025897497627642,213.25948170002297
