PrincipalComponent,coi,c1i,a1i,c2i,a2i
1,0.2694346404491884,0.9281241485887998,86.80651664236677,0.7190291447277882,216.97587778490845
2,0.010518476550997441,0.023993377318899427,44.03455922661901,0.07699503631305112,226.83403087095357
