PrincipalComponent,coi,c1i,a1i,c2i,a2i
1,0.3252016971308459,0.2908357132832842,100.0,1.3632589103292043,164.67691419088106
2,0.003314016980534466,0.005578435820391914,32.993977301113596,0.01651515823365607,214.58935066034218
