PrincipalComponent,coi,c1i,a1i,c2i,a2i
1,0.2710603324134626,1.075580415512224,100.0,0.5063531865738751,217.34362998229324
2,0.049299718424201805,0.03971179192439773,47.25339976654054,0.2582985218736995,230.27542051012
