PrincipalComponent,coi,c1i,a1i,c2i,a2i
1,0.29568306532377736,0.9958204376158808,97.14758060286276,0.6469102459676322,215.062059000053
2,0.005065428803654171,0.012639335487376654,45.844435485336696,0.03353374032069311,228.96833723220251
