PrincipalComponent,coi,c1i,a1i,c2i,a2i
1,0.3043512990105058,0.08345585277598973,28.977231119495126,1.7151426692281047,210.37233356606737
2,0.010272665912391883,0.036031325160344664,28.905984962160286,0.10680093530344655,209.95105744976937
