PrincipalComponent,coi,c1i,a1i,c2i,a2i
1,0.2609249187607438,0.9405236082539892,84.91196903545807,0.6976689579499851,218.09576538744147
2,0.0175334913232637,0.029393733609186155,43.918507275984624,0.12303356905101608,226.61884401188757
