PrincipalComponent,coi,c1i,a1i,c2i,a2i
1,0.2665013174314696,1.156206245351806,100.0,0.41514658471298255,220.1943918204732
2,0.03458857606948057,0.041647387951998585,48.059158762320806,0.1996730576250002,231.01990056050064
