PrincipalComponent,coi,c1i,a1i,c2i,a2i
1,0.26435696023147565,1.1463604171294788,100.0,0.4304950380693524,218.82512672808568
2,0.04352185449835443,0.036530512500423114,47.60119406774289,0.2359732177620011,230.7037944459804
