PrincipalComponent,coi,c1i,a1i,c2i,a2i
1,0.2763847757615792,0.9619702539755659,100.0,0.6113711334225935,213.44546689164835
2,0.05667721552939369,0.05501986253040222,46.43769944391429,0.28796842851489624,229.1693411618095
