PrincipalComponent,coi,c1i,a1i,c2i,a2i
1,0.2049036167454663,0.3622063127118827,28.912737660638676,1.2703421043448435,210.29261874310495
2,0.0408265839418515,0.1581705320490908,28.83994684963683,0.3041982608462934,209.88788941086798
