PrincipalComponent,coi,c1i,a1i,c2i,a2i
1,0.32917581536190993,0.0,40.61002191081886,1.677033766146142,169.201214352962
2,0.004043099265001788,0.01765324641718633,20.47676372751351,0.05424500506343372,200.6985491622394
