PrincipalComponent,coi,c1i,a1i,c2i,a2i
1,0.31142558926982766,0.9078933834898271,100.0,0.7421862860193998,206.1473335456599
2,0.0009152228989765453,0.0015307489584119615,44.09068841552417,0.002671875705131362,227.05575418546695
