PrincipalComponent,coi,c1i,a1i,c2i,a2i
1,0.2772520042786058,0.14079139093415813,28.975604622478404,1.5887045968176965,210.37872569037512
2,0.0140568269582544,0.04865045302424839,28.90382927109078,0.17619782547135113,209.9537008258563
