PrincipalComponent,coi,c1i,a1i,c2i,a2i
1,0.22286090658773666,0.49437685066718134,42.94409634852374,1.265537258840461,211.5776033258274
2,0.052180164287500795,0.06699345626305066,32.67104867924514,0.2387543437041395,213.88846822151535
