PrincipalComponent,coi,c1i,a1i,c2i,a2i
1,0.24266131303434224,0.8529875048391441,71.29882175055559,0.883744418439324,217.22226475768292
2,0.044303812167483275,0.019605445016902093,40.44410706565833,0.1880170360147453,222.85294767608832
