PrincipalComponent,coi,c1i,a1i,c2i,a2i
1,0.23403947024499178,0.9003218124523702,70.5732695196088,0.8334423559434845,218.17646450002553
2,0.03010280304678636,0.02218606806938212,40.56142567608312,0.1306407272559088,222.93103227536884
