PrincipalComponent,coi,c1i,a1i,c2i,a2i
1,0.23528816564064944,0.8581361362118465,66.54321764976771,0.9002796504837374,217.5437842749429
2,0.01294743577292065,0.014417171805261775,39.443463597037045,0.06410090061923532,221.75061801961107
