PrincipalComponent,coi,c1i,a1i,c2i,a2i
1,0.3093495543183512,0.691899332041421,100.0,0.9320300044653342,191.7385273759432
2,0.007671711551098081,0.01694808122289426,40.26089930743926,0.0533543890515736,222.7565718720248
