PrincipalComponent,coi,c1i,a1i,c2i,a2i
1,0.24734637634792678,0.7663515360519367,69.62153817075338,0.9576361850248316,215.62232144170218
2,0.052283027339128894,0.03199508937301978,39.64951041816511,0.22295958890444662,221.97885631533566
