PrincipalComponent,coi,c1i,a1i,c2i,a2i
1,0.24488313580915208,0.971217985456626,78.14298309448965,0.7416191050094362,218.90380053213258
2,0.03879719858891731,0.019079189996630726,42.46603707470811,0.1631251881695991,225.10648444245146
