PrincipalComponent,coi,c1i,a1i,c2i,a2i
1,0.18409530895264306,0.44999013084822187,28.940675383485775,1.2668501533886356,210.362630521018
2,0.038367655775313605,0.1406610655394983,28.86821173050942,0.25036264733590347,209.9533194210306
