PrincipalComponent,coi,c1i,a1i,c2i,a2i
1,0.24206581804836644,0.8325074831454867,66.70225165457619,0.9250251686604448,217.0684394979862
2,0.006886488322201879,0.009707482340449717,39.3354495167702,0.0308147666863833,221.6724626359417
