PrincipalComponent,coi,c1i,a1i,c2i,a2i
1,0.23095018356677888,0.864496008205617,67.28027771901718,0.8884642451550555,217.62887815155528
2,0.025389135205974668,0.021021672407546405,39.654114689200064,0.11450494651584106,221.93013781527117
