PrincipalComponent,coi,c1i,a1i,c2i,a2i
1,0.26598555604743024,0.8121956435529758,70.20082765799495,0.9300712784701537,216.54630420612853
2,0.0022532089677715634,0.00215145189922397,39.98549586972571,0.006901824346154171,222.4371742740012
