PrincipalComponent,coi,c1i,a1i,c2i,a2i
1,0.221955421633821,0.9025214478503782,64.35181701452782,0.9428873375756192,217.54393708923746
2,0.031217427013009186,0.010266160554065979,38.91026874612999,0.1135850211912673,221.1686324377987
