PrincipalComponent,coi,c1i,a1i,c2i,a2i
1,0.30939741670141274,0.33746830415494744,100.0,1.2278167060147038,178.41679773422211
2,0.016094924236974815,0.04112914872026086,36.20448529292222,0.16948967105220047,219.52803420609334
