PrincipalComponent,coi,c1i,a1i,c2i,a2i
1,0.213644176109813,0.883023623617461,60.92364671532992,0.9692995804690531,217.23823956988124
2,0.023463781201447525,0.013184062580614345,38.04933346547597,0.08377781427490578,220.1906333193661
