PrincipalComponent,coi,c1i,a1i,c2i,a2i
1,0.2220018646986905,0.8280172812513715,60.363822271327756,1.0333708662007628,216.4529994930911
2,0.03665722551619314,0.011573391568640424,37.700816418463255,0.13674132328450064,219.82680985633252
