PrincipalComponent,coi,c1i,a1i,c2i,a2i
1,0.21209705804527165,0.5588071696685226,42.15151463483525,1.295802463676722,212.33341867886963
2,0.04455593641354047,0.05914829288038157,32.45398034601879,0.19118969093348592,213.94300872380347
