PrincipalComponent,coi,c1i,a1i,c2i,a2i
1,0.2748301939677289,0.8004153715429212,72.87407450091337,0.9094667651166866,216.22575041713333
2,0.004005483727387197,0.005592829832372991,40.5113580861677,0.02262705014021235,223.0322360813481
