PrincipalComponent,coi,c1i,a1i,c2i,a2i
1,0.2138310736119822,0.8534627769194004,58.08291941592977,1.00698431829905,216.71553920417927
2,0.007724673250888358,0.008079790741821654,37.239367028534446,0.02889028162012924,219.3213748819707
