PrincipalComponent,coi,c1i,a1i,c2i,a2i
1,0.29939022166187423,0.8182340655092131,100.0,0.7807139065263945,203.89842411968755
2,0.011940002597809161,0.029396042070321187,43.55988938008898,0.09849612483168665,226.40452045537282
