PrincipalComponent,coi,c1i,a1i,c2i,a2i
1,0.21834921613977115,0.8248962795370018,57.60733864790931,1.023694675471209,216.499788831519
2,0.00316783868239857,0.003713782140166445,37.08801356293152,0.008347303565214091,219.1535086727636
