PrincipalComponent,coi,c1i,a1i,c2i,a2i
1,0.1902595871476826,0.5179014601367838,33.38548425137846,1.2649712190725069,211.71645610246668
2,0.032317130628581235,0.13455306190858413,30.85842092508239,0.2063348741259652,211.54853483250332
