PrincipalComponent,coi,c1i,a1i,c2i,a2i
1,0.2272003431915717,0.7547303959748685,58.70922713586081,1.0933085761567833,215.4466302696455
2,0.043855475312035826,0.02297571656077693,37.03331854075384,0.1720549369202021,219.12713705862686
