PrincipalComponent,coi,c1i,a1i,c2i,a2i
1,0.23736375604993254,0.7816403416930024,58.594717171183554,1.0380588879113852,216.19538000910157
2,0.0009429693070542569,0.00028601446582457847,37.22118388797725,0.0008846548447671314,219.3241476086217
