PrincipalComponent,coi,c1i,a1i,c2i,a2i
1,0.22786355318890814,0.8518846137708528,62.07056504768106,1.1013843508614938,216.2176416637332
2,0.033573637011775584,0.008574614957657208,38.03488610559692,0.12345076608160176,220.18753417893373
