PrincipalComponent,coi,c1i,a1i,c2i,a2i
1,0.21188311514367097,0.9764891061880291,63.78537069732716,0.9720334058411602,217.87356645497925
2,0.014802704005262629,0.0027006490342659515,38.89644520791908,0.04086073031738087,221.0988063345194
