PrincipalComponent,coi,c1i,a1i,c2i,a2i
1,0.2760683932206798,0.9192921441012414,100.0,0.6515982615980136,209.83762162591157
2,0.01909771963640225,0.03735231593545785,45.252371451107194,0.1760352186832283,228.1319923446629
