PrincipalComponent,coi,c1i,a1i,c2i,a2i
1,0.20716570958344843,0.9370781236478988,60.74854629205773,0.9990384057001401,217.45731473773395
2,0.003144557055490299,0.001417038510098295,38.0875293020502,0.005077475860081375,220.2186708541964
