PrincipalComponent,coi,c1i,a1i,c2i,a2i
1,0.21229332026005432,0.638289871610895,45.40374021313442,1.3255035597413185,212.95512782358267
2,0.035397004920675136,0.03893885854569066,33.32056862922554,0.1482763833627112,214.94994970509626
