PrincipalComponent,coi,c1i,a1i,c2i,a2i
1,0.1893118313907784,0.5855108835219665,35.928807316993726,1.3025975620579624,211.93273440586432
2,0.023196501260619222,0.11277112110875527,31.198985672909185,0.1727107697878192,212.24378150021872
