PrincipalComponent,coi,c1i,a1i,c2i,a2i
1,0.2078888513172859,0.9486868398620686,61.47929560597297,1.0118305429339243,217.47406759133884
2,0.011055739112248029,0.003530528992723691,38.26579908031917,0.02869561953100662,220.39139460927268
