PrincipalComponent,coi,c1i,a1i,c2i,a2i
1,0.25358591536811476,0.872954550602298,74.61289404885542,0.8381254526029679,217.57109498644277
2,0.009879515343614406,0.012464290277521599,41.301339306393174,0.06694240168628803,223.85763110214774
