PrincipalComponent,coi,c1i,a1i,c2i,a2i
1,0.26714421080328243,0.21999320345406248,62.212552273473605,1.33434444648504,193.3646694699246
2,0.025713260794866678,0.0544614301799076,30.599397453873895,0.35975295455207174,215.99944684015105
