PrincipalComponent,coi,c1i,a1i,c2i,a2i
1,0.22072081446712927,0.9976645773862699,66.959374643389,0.948975824818874,218.1456753425609
2,0.021159239357072694,8.308337004094817e-20,39.70064761253886,0.06614680987522757,221.99604145793555
