PrincipalComponent,coi,c1i,a1i,c2i,a2i
1,0.20795915073054105,0.9007236433782303,59.998265062312576,1.006064358112217,217.20100799566387
2,0.0010653931589659352,0.0007180465100133581,37.84321937485391,0.0008064785245198017,219.96123249154465
