PrincipalComponent,coi,c1i,a1i,c2i,a2i
1,0.22152784852162707,0.8499977666945555,60.91318156673137,1.0019306100311034,216.85796378194053
2,0.003536353007995023,0.002943840107687693,37.925732470186894,0.015211529587483622,220.09595870489738
