PrincipalComponent,coi,c1i,a1i,c2i,a2i
1,0.2815164347575683,0.5830381728801974,100.0,0.9550370169992581,194.99607971141157
2,0.025559224292402503,0.04284754437429667,40.90386685802616,0.26657892104322195,224.64765769226784
