PrincipalComponent,coi,c1i,a1i,c2i,a2i
1,0.22293355513736415,0.8761482802871491,62.20523100141107,0.9730397964981954,217.216503684998
2,0.005077393214341634,0.004785235674366732,38.31410911500027,0.02288951578026784,220.53287010418293
