PrincipalComponent,coi,c1i,a1i,c2i,a2i
1,0.21311921773943934,0.9696879458766893,62.41299243460002,0.97417658328658,217.8791914158465
2,0.0018072810078726515,0.0009378971504109342,38.579692054913096,0.0017023143904322897,220.7645719498188
