PrincipalComponent,coi,c1i,a1i,c2i,a2i
1,0.2154800270034922,0.9832639420097925,63.214052407912106,0.9901931967422474,217.84471486920899
2,0.008606169210086329,0.0019464826247410718,38.755987591487994,0.02029008322090506,220.9413828038506
