PrincipalComponent,coi,c1i,a1i,c2i,a2i
1,0.2541631950621389,0.8995424085443658,75.80497742456109,0.80165510311693,217.98723734008308
2,0.011886375140627084,0.016039800256887882,41.70298443164309,0.08061476583730326,224.27264387919948
