PrincipalComponent,coi,c1i,a1i,c2i,a2i
1,0.2797433532803764,0.6231961591215668,100.0,0.9007227964013261,197.60298446063277
2,0.028640607578497783,0.04485648002635686,41.84413231501434,0.29195715016843693,225.29948831626407
