PrincipalComponent,coi,c1i,a1i,c2i,a2i
1,0.2748410510176595,0.9426688627262217,100.0,0.6149191178087459,211.00085626794097
2,0.02142416153808869,0.04150160596446835,45.671869928325975,0.19651927405638395,228.4054174353365
