PrincipalComponent,coi,c1i,a1i,c2i,a2i
1,0.21102487707401146,0.9303180433195527,61.51144610391086,0.9792542239666933,217.5546770263149
2,0.002294861751357283,0.00048702360282986415,38.28384244265502,0.003129367332080966,220.4521570400076
