PrincipalComponent,coi,c1i,a1i,c2i,a2i
1,0.26871308256294724,0.25625880705782755,69.89774058865876,1.2727857440863133,192.80546210167986
2,0.030744454635927898,0.05437105771219877,32.51460166654385,0.3881552587009122,218.05018027107053
