PrincipalComponent,coi,c1i,a1i,c2i,a2i
1,0.21993762280202664,1.013111253493138,65.5486857336856,0.9498185942799452,218.2671616266565
2,0.011478135279100457,0.001189118931277074,39.40428731041601,0.03121286546751371,221.66446474654492
