PrincipalComponent,coi,c1i,a1i,c2i,a2i
1,0.19569246896231357,0.6032491317339668,36.745468605698555,1.309789211885107,212.0497020912563
2,0.020682490492729026,0.10866282722236667,31.374811174047082,0.16034237970960885,212.48108680436803
