PrincipalComponent,coi,c1i,a1i,c2i,a2i
1,0.22963923514665577,0.9531462159767335,64.70558811237717,1.0308252191808724,217.42983520070598
2,0.021816425239541134,0.0,38.98595306014861,0.07435599123398806,221.1944247664173
