PrincipalComponent,coi,c1i,a1i,c2i,a2i
1,0.21987229241743933,0.6602558819241745,46.65830344150096,1.3275593379028063,213.1842654158677
2,0.031944719983145464,0.036431706760136615,33.65953925168163,0.13372184722067024,215.32852551076957
