PrincipalComponent,coi,c1i,a1i,c2i,a2i
1,0.23557503336775557,0.8845098374634933,63.6163780624141,1.0906103161651612,216.52656945776107
2,0.029912850675623222,0.006711845917765934,38.47282036373175,0.10823899587235772,220.66009749664562
