PrincipalComponent,coi,c1i,a1i,c2i,a2i
1,0.2287305290497834,1.034695807411807,68.6436951515031,0.9289667367827801,218.5194266872192
2,0.016849726966476797,0.0,40.1818696323756,0.05320118626135374,222.52521282901287
