PrincipalComponent,coi,c1i,a1i,c2i,a2i
1,0.2726381501522627,0.40119636672232123,100.0,1.075054846473835,188.31655916225256
2,0.03958022799025087,0.058770529050321985,38.27580421516326,0.43398267403614116,226.47951370337674
