PrincipalComponent,coi,c1i,a1i,c2i,a2i
1,0.23091492362926572,1.0538807533552563,68.06932651567301,0.9587740379523957,218.53876585301688
2,0.010559382270662773,0.0,40.059143280133846,0.03499681062295272,222.36551654259756
