PrincipalComponent,coi,c1i,a1i,c2i,a2i
1,0.21849505026753357,0.8988914464113807,62.936807409023295,0.9574497466407779,217.55458534669893
2,0.008539318029053618,0.009266273484576936,38.61298249127075,0.037595467321737464,220.81973676108524
