PrincipalComponent,coi,c1i,a1i,c2i,a2i
1,0.22393008053420405,0.6925045310806623,47.590142368322084,1.3478381200955407,213.48682089961207
2,0.027998821478100868,0.028941967262424723,33.95735146548351,0.11372320884859503,215.6417800366318
