PrincipalComponent,coi,c1i,a1i,c2i,a2i
1,0.20012630831087624,0.6371481988007098,38.032475398889495,1.3270552317324693,212.34264412918654
2,0.01863803829427011,0.09593114435552633,31.647670242571937,0.1449182558635651,212.88107123853985
