PrincipalComponent,coi,c1i,a1i,c2i,a2i
1,0.21280173266023691,0.9980251908989126,62.99537129272667,0.9721034620805096,218.05970487481048
2,0.001064330645651816,0.0008735145482361417,38.76775737557763,0.0011451952527816046,220.95800229176723
