PrincipalComponent,coi,c1i,a1i,c2i,a2i
1,0.23762509193432405,0.9071116392485659,63.08905560283626,1.123653698760092,216.62793206194695
2,0.02482870081883412,0.0024747348652451695,38.395884126457304,0.08673749756017606,220.53020807241555
