PrincipalComponent,coi,c1i,a1i,c2i,a2i
1,0.20875006410913258,0.9590644177628207,62.28746953380742,0.9673052036623955,217.82547314352692
2,0.0037662226054071208,0.0016156790796660126,38.5404372356711,0.010344188254202013,220.72310802213764
