PrincipalComponent,coi,c1i,a1i,c2i,a2i
1,0.2317422872006436,0.9732616976126501,64.16475486994368,1.0630269016952738,217.4910525412874
2,0.01510291605870523,2.55731868264174e-19,38.880693545190326,0.053325214538131195,221.0519768981381
