PrincipalComponent,coi,c1i,a1i,c2i,a2i
1,0.2674271647957733,0.9726514478016267,100.0,0.5720640084472909,212.77535709939318
2,0.026526701446257486,0.049073681534701576,46.27560849777067,0.2305043091158651,228.903625681884
