PrincipalComponent,coi,c1i,a1i,c2i,a2i
1,0.22234153448159713,1.0404017800143746,65.67979780969654,0.9641651617391118,218.39729419842587
2,0.00684764552728736,0.0,39.47410428153703,0.01799774682600541,221.72230142398647
