PrincipalComponent,coi,c1i,a1i,c2i,a2i
1,0.24826802891699284,0.9224248210520525,76.43533033927756,0.7752420027316674,218.52994124079987
2,0.01612572406085052,0.02345086291946483,42.02509429497184,0.104014573378322,224.5773889362663
