PrincipalComponent,coi,c1i,a1i,c2i,a2i
1,0.21758726744369272,1.0107241681351187,63.4640136492155,1.0015080672927343,218.01948133250787
2,0.004835515912722929,4.1649954943927e-20,38.864887559965545,0.010510716111417327,221.04652862154566
