PrincipalComponent,coi,c1i,a1i,c2i,a2i
1,0.23980417599446596,0.927860633015162,58.462143960155714,1.2039212518843165,216.40739691895493
2,0.0019362314303048335,0.0004060249244739602,37.277742146165735,0.004759565689094499,219.25157449863076
