PrincipalComponent,coi,c1i,a1i,c2i,a2i
1,0.2682079242745726,0.7063670943660983,100.0,0.7459041039157664,206.7349430105498
2,0.060930995772347486,0.02978158445474476,44.507576585574675,0.46034054941325114,229.36269608941797
