PrincipalComponent,coi,c1i,a1i,c2i,a2i
1,0.24964076379835373,0.7983126565332548,52.79354264348465,1.376022311289618,214.69910319589317
2,0.008738854959208625,0.004584077451199805,35.52022858141638,0.03173546015839603,217.28966637290014
