PrincipalComponent,coi,c1i,a1i,c2i,a2i
1,0.26544339766802344,0.9607274619224557,100.0,0.5326830366968368,214.66128497709698
2,0.05116766900441679,0.037251250767600365,46.56128017808925,0.34216390100482175,229.51302494658208
