PrincipalComponent,coi,c1i,a1i,c2i,a2i
1,0.22019846426210693,0.633547631726571,35.39231557523242,1.4600068880701271,211.99746840014402
2,0.006230910649576473,0.08045289481141119,30.943326344493602,0.0910763896772139,212.1015232919498
