PrincipalComponent,coi,c1i,a1i,c2i,a2i
1,0.2233377724950858,0.9279952660392987,56.91702306618699,1.1678842734355215,216.51552386185588
2,0.0026904459438233694,0.0,36.95267041024175,0.004405335620470988,218.90488037921193
