PrincipalComponent,coi,c1i,a1i,c2i,a2i
1,0.23978797327490417,0.32339093345601483,57.66885834396688,1.1682114286074123,206.60984810657706
2,0.06725749186245718,0.025786482004466458,34.683705823524946,0.5678454067823551,219.66480850783958
