PrincipalComponent,coi,c1i,a1i,c2i,a2i
1,0.2308318312739872,0.9422445410574346,58.25732590250414,1.158883057449024,216.73728903839452
2,0.0015529051883927192,0.00016109881991567654,37.31752223016292,0.002328413324438651,219.30628501410027
