PrincipalComponent,coi,c1i,a1i,c2i,a2i
1,0.2024404198836667,0.895474331275524,56.879803809211744,1.0608208593405748,216.72293294147448
2,0.01590949701143158,0.0,36.99577292380821,0.0537962239549925,218.99265146597736
