PrincipalComponent,coi,c1i,a1i,c2i,a2i
1,0.22970604769463596,0.8009072794628306,65.31536285887239,0.9000673450770249,217.0265454214134
2,0.03842228682950935,0.015872253016672035,39.022036116176004,0.19318679506113587,221.2412463647207
