PrincipalComponent,coi,c1i,a1i,c2i,a2i
1,0.2107322638917966,0.9264557087107608,57.16027120394416,1.0955657473375189,216.77666258497996
2,0.0077434152891629375,7.912929698174824e-19,36.99727611505742,0.024661581074780736,219.04388466362502
