PrincipalComponent,coi,c1i,a1i,c2i,a2i
1,0.20687103929294048,0.8371141715322914,57.23121272384402,1.0284679829282606,216.5415790457443
2,0.027396904025947938,0.004392344208598203,37.017650881342696,0.1038300770665662,219.04187503407235
