PrincipalComponent,coi,c1i,a1i,c2i,a2i
1,0.24187601120068286,0.6566604499260673,42.159737835849846,1.5170094264991019,212.71342269289127
2,0.012937202129023773,0.023655633910053306,32.5449026325582,0.05606262795957165,214.00603237629358
