PrincipalComponent,coi,c1i,a1i,c2i,a2i
1,0.24284660424491505,0.8641441208338903,55.04233678899961,1.2983955241064822,215.57084658557838
2,0.004371039921614042,2.5783331919663145e-05,36.27175304508836,0.013438954167761367,218.12554226015655
