PrincipalComponent,coi,c1i,a1i,c2i,a2i
1,0.2638084746688221,0.6295516420125145,40.73119735866127,1.639845513096927,212.23325297375786
2,0.006856521967178281,0.013444268345776342,32.102637355038745,0.02307270743639286,213.49286778704402
