PrincipalComponent,coi,c1i,a1i,c2i,a2i
1,0.25566609328242984,0.8830828493504583,57.8392990768026,1.3008041185164168,215.61946138379838
2,0.0031049709090585436,0.0013994928441909465,36.925044611961205,0.004293449816746104,218.84196497045988
