PrincipalComponent,coi,c1i,a1i,c2i,a2i
1,0.26904071178529965,0.7532583804184713,50.84340918025287,1.5051857375431552,213.8209212081108
2,0.003407485560457356,0.0011345633065443232,34.84620757801541,0.0077467121270259195,216.5211939185161
