PrincipalComponent,coi,c1i,a1i,c2i,a2i
1,0.26091085204151465,0.8189545153148556,53.888784823847836,1.4084098313366773,214.73196366707535
2,0.001882941505652139,9.219707621158523e-05,35.78566993950184,0.0028792002393245772,217.56894744515108
