PrincipalComponent,coi,c1i,a1i,c2i,a2i
1,0.22386241795896286,0.9069441052062879,58.937183284754056,1.1202250375645533,216.60971643135522
2,0.016978801725062456,2.8789582749377055e-19,37.43884215804869,0.06161578775072462,219.46003151446504
