PrincipalComponent,coi,c1i,a1i,c2i,a2i
1,0.24560853828603998,0.9096271976840359,58.69794107159757,1.2277359450400382,216.14697263830564
2,0.005499216433390821,0.0009564068903190092,37.26047986869916,0.013503856326161632,219.2285815888733
