PrincipalComponent,coi,c1i,a1i,c2i,a2i
1,0.21403184611197074,0.8777976689330687,59.09171378037493,1.071313015777665,216.59080465437918
2,0.02797695660435027,0.0,37.47019784567452,0.10131065470318866,219.5255067791187
