PrincipalComponent,coi,c1i,a1i,c2i,a2i
1,0.21795406122802297,0.8190930355869811,59.74824109741815,1.0283570671655697,216.39123177175128
2,0.03926074500586583,0.007747175163985764,37.55370984276295,0.15905129180750485,219.66177715426454
