PrincipalComponent,coi,c1i,a1i,c2i,a2i
1,0.2670956396863329,0.4508353834042467,100.0,0.9645260487199019,196.1049281610711
2,0.08573318442258124,0.026947417102264594,43.71917635103491,0.6403423589325796,236.67653279371373
