PrincipalComponent,coi,c1i,a1i,c2i,a2i
1,0.24228846643083932,0.810874321459381,71.29482675635566,0.8584520005111442,216.92146690279475
2,0.05157417505483507,0.020065247661696796,40.36462076809639,0.25363588313019886,222.76608679287915
