PrincipalComponent,coi,c1i,a1i,c2i,a2i
1,0.2679974363529497,0.6514306068381166,100.0,0.7912936319675432,202.01202154374295
2,0.07695778976433058,0.02179431218528312,43.59580315461756,0.5303345024598931,229.24743435519733
