PrincipalComponent,coi,c1i,a1i,c2i,a2i
1,0.23825120444180936,0.899951614411067,57.73012517094839,1.2240333408765307,216.08026920373743
2,0.007558321236911165,3.7897812394507886e-19,37.0229862669373,0.022727528964953975,218.96882872190633
