PrincipalComponent,coi,c1i,a1i,c2i,a2i
1,0.26598516511651726,0.9031462467047842,100.0,0.5832221890628184,211.15351862407948
2,0.06539306204909648,0.03546672633753947,45.61319667661407,0.40715814583354465,228.60994915237433
