PrincipalComponent,coi,c1i,a1i,c2i,a2i
1,0.26769945447375115,0.7248964264849591,100.0,0.755869281330213,205.4915102726106
2,0.042678581880189345,0.0446948565892745,44.065460828820086,0.3863559707749226,227.9364091851698
