PrincipalComponent,coi,c1i,a1i,c2i,a2i
1,0.21204417507004505,0.8934834178782062,61.1565759061984,0.9659814749402119,217.3834673991535
2,0.013998808741303461,0.009144049607186337,38.15224424118193,0.061140856400013016,220.30154316867345
