PrincipalComponent,coi,c1i,a1i,c2i,a2i
1,0.21040290800099593,0.9902038219233711,61.301415639504214,1.001523630149368,217.78811020554534
2,0.0026871049798191517,0.0009621447025883189,38.30236709790149,0.006150998126031203,220.43449104193922
