PrincipalComponent,coi,c1i,a1i,c2i,a2i
1,0.21933279950600013,1.0014033034079635,61.709140489557015,1.044541212275407,217.71551290225813
2,0.00229465180693991,0.00020920371898618942,38.37665258809853,0.0034560391557660382,220.49683601206763
