PrincipalComponent,coi,c1i,a1i,c2i,a2i
1,0.26468237168981085,0.992090969410923,100.0,0.5267554380991809,214.56300959950917
2,0.033850560888807106,0.04829033856646297,46.700993393420454,0.27564373288699245,229.38415187929655
