PrincipalComponent,coi,c1i,a1i,c2i,a2i
1,0.23285340870055396,1.0286923041808576,65.19511135788858,1.028774930944753,217.97194937274588
2,0.00686848607962701,0.0,39.244192929157364,0.020951345467720824,221.44836867358663
