PrincipalComponent,coi,c1i,a1i,c2i,a2i
1,0.2246798654570706,1.0273184344744817,63.68742189059161,1.014525552465937,218.01689690121762
2,0.0036051341239894913,0.0,38.909681353661654,0.008355827465188743,221.08685465994475
