PrincipalComponent,coi,c1i,a1i,c2i,a2i
1,0.2383822507385919,0.8885485217703124,72.1090223856242,0.8083228521841859,218.23497344696904
2,0.023405346062751967,0.02265109508653174,40.941151499645756,0.13905320091485718,223.34989718064944
