PrincipalComponent,coi,c1i,a1i,c2i,a2i
1,0.2043061255403081,0.9534187428571268,60.604427135085125,0.9854961071120981,217.54941577803294
2,0.007236662547822053,0.0015491016454960362,37.96682357621093,0.02420526541462021,220.18337822097706
