PrincipalComponent,coi,c1i,a1i,c2i,a2i
1,0.22785700103400824,0.7012330473551307,46.47398121958213,1.3870440768614531,213.4089665098035
2,0.023210833836025097,0.024284082979331285,33.68995888810099,0.09486277016885693,215.32450264844027
