PrincipalComponent,coi,c1i,a1i,c2i,a2i
1,0.24100272417599167,0.8923968272514395,60.32881077969437,1.1896469518196309,216.2110467144362
2,0.018722322907764388,0.001369968381892712,37.65006752315513,0.06666499117936407,219.68124689649136
