PrincipalComponent,coi,c1i,a1i,c2i,a2i
1,0.2052041630553944,0.6550526456731259,37.80446007968319,1.3549780616049918,212.33729114803063
2,0.014490129838256439,0.08685787284639092,31.5490024876185,0.1293657441242914,212.81576070612127
