PrincipalComponent,coi,c1i,a1i,c2i,a2i
1,0.19522900335990848,0.6591515873162017,42.50155760079364,1.2612253091384988,212.98192333719342
2,0.033541564283276565,0.06933632698860549,32.67063704462166,0.16849438700279537,214.20706335578922
