PrincipalComponent,coi,c1i,a1i,c2i,a2i
1,0.2027049337804188,0.3277382710998785,28.928314439021126,1.2753522764071348,210.25903522669734
2,0.06394831594963757,0.10847738772955028,28.851461420355914,0.4350077525121759,209.8430017707688
