PrincipalComponent,coi,c1i,a1i,c2i,a2i
1,0.23792962989885363,0.7002401554371688,41.76117302948587,1.5110401615031772,212.68060925179796
2,0.008759117593781542,0.04194764669352544,32.48291627365095,0.042212561553486495,213.88948805147092
