PrincipalComponent,coi,c1i,a1i,c2i,a2i
1,0.2188325507692624,0.2410023274975952,28.930946283002225,1.297078544581728,210.2349346197976
2,0.07783057293602512,0.08834803820923187,28.852603782802206,0.5430115369547773,209.80825419015176
