PrincipalComponent,coi,c1i,a1i,c2i,a2i
1,0.24631310879242116,0.6530386686912852,29.04314227669363,1.7065665138786013,210.48972840790074
2,0.0,0.008584511017237503,28.958780812514856,0.007359530189384374,210.0387625150736
