PrincipalComponent,coi,c1i,a1i,c2i,a2i
1,0.2615468912434077,0.6407318973792961,37.40105153468095,1.6852512804547106,211.9182138446058
2,0.0032316026147837023,0.020293010868867707,31.272329677211804,0.01221560065228233,212.5551323117476
