PrincipalComponent,coi,c1i,a1i,c2i,a2i
1,0.24811941691918968,0.669254648834867,39.636619855219934,1.5938038811638071,212.3468411944436
2,0.005634208486137514,0.03621128083421013,31.90227540126724,0.027682602888697824,213.249981015349
