PrincipalComponent,coi,c1i,a1i,c2i,a2i
1,0.20569715787682166,0.697477601179927,43.15746732470768,1.307734098529799,213.21146370061967
2,0.024383224865412296,0.05955262579714462,32.891604013854234,0.12948280964638148,214.42362862770491
