PrincipalComponent,coi,c1i,a1i,c2i,a2i
1,0.2667014661902543,0.5983790472459534,31.97364340556323,1.7734878085962056,211.33197142583916
2,0.002510638490196741,0.0040045061972404285,29.86448143168912,0.0026025776625084574,211.01689734635363
