PrincipalComponent,coi,c1i,a1i,c2i,a2i
1,0.2100601745177238,0.4849223740290777,39.94693441786872,1.196954714000053,211.66305773374177
2,0.05383357753541794,0.10193632865765136,32.37377876282448,0.30142632681439674,213.10746510072096
