PrincipalComponent,coi,c1i,a1i,c2i,a2i
1,0.2271802351514151,0.7177552274334013,43.140576621213896,1.4286917228304874,213.0472086212802
2,0.014245995575640555,0.045723647490796895,32.861350518538515,0.06348467487708961,214.34994011391908
