PrincipalComponent,coi,c1i,a1i,c2i,a2i
1,0.19754206627433396,0.5888719663598004,41.04479377749301,1.2304141773207071,212.5663705885818
2,0.042832601166480744,0.08515838555012141,32.29813990488374,0.22208054827946577,213.7183198145086
