PrincipalComponent,coi,c1i,a1i,c2i,a2i
1,0.22573835882102877,0.1800736095908015,28.947565474077635,1.322062725764079,210.22930446162852
2,0.0895544188386694,0.07774806603708964,28.8678676069769,0.6411425428797568,209.79582488535712
