PrincipalComponent,coi,c1i,a1i,c2i,a2i
1,0.22009816533681253,0.7183836671016658,43.08218319204272,1.4015056359088467,213.11367429426417
2,0.018355019571240437,0.04326448798518567,32.844300569819,0.08275027020105957,214.35974951652355
