PrincipalComponent,coi,c1i,a1i,c2i,a2i
1,0.20329945096192462,0.27282771217569957,28.964941963118147,1.3067507460014767,210.25191124011442
2,0.0794977342121657,0.04676932741384659,28.8832941462052,0.5545638705808682,209.83898646324675
