PrincipalComponent,coi,c1i,a1i,c2i,a2i
1,0.21148582815840192,0.694594705568465,52.847172449240645,1.1416759404738037,214.43010931593483
2,0.04592734142682656,0.041129848583807964,35.43760757484439,0.20768955371230394,217.30058090486978
