PrincipalComponent,coi,c1i,a1i,c2i,a2i
1,0.25319945186472476,0.7854433852504296,51.667203815932496,1.4333112911907533,214.02400521678803
2,0.007483449147968394,0.014201412937038608,35.08855271964154,0.024309011223864117,216.79425001641505
