PrincipalComponent,coi,c1i,a1i,c2i,a2i
1,0.22984766253668887,0.6099080789598521,57.274982102914095,1.0695893552565412,213.39473700055518
2,0.056901119216157627,0.05908888522169221,36.468271587200604,0.2941842531396054,218.04967577610012
