PrincipalComponent,coi,c1i,a1i,c2i,a2i
1,0.2753696657400679,0.6844243637564993,100.0,0.7858320284310844,199.82504145777872
2,0.07136204125090216,0.08323286629240337,45.12991115269598,0.42357087543155886,224.15673100508442
