PrincipalComponent,coi,c1i,a1i,c2i,a2i
1,0.23500252526822682,0.8113519888185078,52.91809285653488,1.3243017928178626,214.69194028881827
2,0.016441558773327525,0.01270205428808602,35.53431470915639,0.06006431229477505,217.32502370371154
