PrincipalComponent,coi,c1i,a1i,c2i,a2i
1,0.21939262768978335,0.8029987383211366,53.77977951431009,1.2206067952060287,215.02450968106095
2,0.026200619066265758,0.021154514942533058,35.81058431524908,0.10834756696677715,217.6709369274333
