PrincipalComponent,coi,c1i,a1i,c2i,a2i
1,0.24350421804802444,0.8134694625731419,53.4750538407642,1.3437743483468878,214.61925999611515
2,0.011957291580489334,0.015948823454503755,35.646737021487674,0.04284149378990706,217.43813808700895
