PrincipalComponent,coi,c1i,a1i,c2i,a2i
1,0.20965920249722067,0.7706841842139628,53.866288802635665,1.1675905320583386,214.9878237209306
2,0.03614053606552339,0.026516250649462437,35.80632463224065,0.1504273926907848,217.7116810938441
