PrincipalComponent,coi,c1i,a1i,c2i,a2i
1,0.2733065925820066,0.6009492707249968,36.65737657996778,1.7549104638727384,211.5797204010237
2,0.001766293645146058,0.0021287760849881495,31.00822004863322,0.0038515945564348447,212.2675364636966
