PrincipalComponent,coi,c1i,a1i,c2i,a2i
1,0.2508185866021275,0.6224658246134046,31.773060623517793,1.6897724875165667,211.39879046950801
2,0.0,0.029332056604172357,29.873027887831118,0.02444673237623773,210.99028953503108
