PrincipalComponent,coi,c1i,a1i,c2i,a2i
1,0.2162103573528722,0.6545375631695115,38.233523633194395,1.4153380021867035,212.48968186399196
2,0.012800508685686393,0.08575784183315036,31.75462678795386,0.10247284641625068,212.96417706833572
