PrincipalComponent,coi,c1i,a1i,c2i,a2i
1,0.1932565271763395,0.5226865278100523,35.31800404330394,1.2537559970840444,212.13071651620675
2,0.03595394803519405,0.1347894911159992,31.489977057963962,0.2287774709108817,212.15137775300937
