PrincipalComponent,coi,c1i,a1i,c2i,a2i
1,0.19094106084797066,0.587448863378374,36.85182295219084,1.2853112250517997,212.27810928867612
2,0.025983423462564985,0.11945660768635978,31.605372535558622,0.18115477231213747,212.584591327925
