PrincipalComponent,coi,c1i,a1i,c2i,a2i
1,0.18670247206985932,0.42220291870350857,28.938880478612912,1.2470448405170496,210.33745720673863
2,0.046745344126260725,0.14510035218272083,28.86503615946089,0.3074275591523025,209.9260563145047
