PrincipalComponent,coi,c1i,a1i,c2i,a2i
1,0.22394939010219095,0.6536385762740665,38.36123476722162,1.443159191881589,212.4630737688959
2,0.008269798872989535,0.08874969681794435,31.83153727246754,0.08207931247748956,212.99518921732832
