PrincipalComponent,coi,c1i,a1i,c2i,a2i
1,0.21562143810976442,0.28866341148974395,28.905124522428356,1.263635669742743,210.24609339231876
2,0.060806561353918064,0.15055528548120845,28.83059116261745,0.42613054961709174,209.81881188685136
