PrincipalComponent,coi,c1i,a1i,c2i,a2i
1,0.2346234847531651,0.6422309719314911,37.29763137909492,1.5194411502476561,212.26594840299109
2,0.003961915202877266,0.08242664986563966,31.56492795790813,0.061478080790849585,212.666453174397
