PrincipalComponent,coi,c1i,a1i,c2i,a2i
1,0.2356817133577334,0.1511633766586925,28.934397178629638,1.3212194267808484,210.2371564290827
2,0.0895605867686103,0.10960330941023018,28.85494813717709,0.6213158489854135,209.78907484494584
