PrincipalComponent,coi,c1i,a1i,c2i,a2i
1,0.2633912732452459,0.5806095548645402,29.038053390602325,1.7661781282857185,210.45849835897454
2,0.0,0.02072956304754382,28.963571230973816,0.012025684804919093,210.02616967368337
