PrincipalComponent,coi,c1i,a1i,c2i,a2i
1,0.26055294601685947,0.6027317916831652,33.952492676483935,1.68028849028598,211.792226992073
2,0.0,0.049894672605374245,30.563493214161333,0.02915143050268891,211.66681693996503
