PrincipalComponent,coi,c1i,a1i,c2i,a2i
1,0.18453778531842643,0.5643565027355142,55.246790403312374,0.92479120661126,215.27751495874654
2,0.05074887209030584,0.04373631427872908,36.17933006126079,0.3778193059014228,218.3000209114828
