PrincipalComponent,coi,c1i,a1i,c2i,a2i
1,0.1780303232756629,0.5808682317255365,57.90605706748053,0.8931618724807423,215.5742900127352
2,0.0578191736316528,0.04727861065366889,36.84637827571743,0.4334421079812041,219.1354081245812
