PrincipalComponent,coi,c1i,a1i,c2i,a2i
1,0.17384491413089329,0.551651552582229,54.870374486205556,0.9267410248710956,215.13214606800756
2,0.06578078031348675,0.05227261030003378,36.03313984517736,0.49350072130800576,218.2492431582695
