PrincipalComponent,coi,c1i,a1i,c2i,a2i
1,0.17350260581132582,0.5284589490202731,53.23967753488941,0.9569782983707823,214.59228330701322
2,0.06749196761910273,0.06172252001454455,35.55682824085122,0.5066626707819654,217.57380563529415
