PrincipalComponent,coi,c1i,a1i,c2i,a2i
1,0.1810386133897686,0.49456453069066203,54.382796776131336,0.9891297266961684,213.7530251498062
2,0.06923419334475105,0.07693253090919938,35.7802231122351,0.5163043678455939,217.51275972290625
