PrincipalComponent,coi,c1i,a1i,c2i,a2i
1,0.2021172121311572,0.4025493817876082,55.63386820625621,1.0684664193288238,210.57492583324492
2,0.08190179994158028,0.08971181366535197,35.486272650171905,0.5140003749835348,216.84843399535222
