PrincipalComponent,coi,c1i,a1i,c2i,a2i
1,0.1942876958071076,0.32317288855452064,40.40611910583479,1.145709535698009,210.24917022049826
2,0.08223568902065811,0.10098719308224548,31.925845171374785,0.49240739283992074,212.76051165322286
