PrincipalComponent,coi,c1i,a1i,c2i,a2i
1,0.175283297873102,0.24111571466055576,28.874662633022453,1.1897047973432402,210.21418950195994
2,0.06770951975638193,0.14467019503179085,28.7996691263492,0.4203666694670129,209.80021049071638
