PrincipalComponent,coi,c1i,a1i,c2i,a2i
1,0.9470739800601119,1.434149417115278,95.36154345375658,2.2962333249184487e-17,223.11237489690137
2,0.032245828058529144,0.08357952546031175,46.082415135683036,0.054646887383534515,230.01333203925196
