PrincipalComponent,coi,c1i,a1i,c2i,a2i
1,0.962732188709227,1.5860904779687428,96.72740720536423,0.0,223.1251881894214
2,0.010822339614063866,0.014428779296936294,45.98248914061057,0.0,230.28657869541274
