PrincipalComponent,coi,c1i,a1i,c2i,a2i
1,0.9611180377345329,1.5918248255567151,99.45350645625419,1.830291673718986e-17,222.12483667028857
2,0.023174201677417353,0.04199668944748215,46.37969984664688,2.543537055109715e-19,230.64401366383743
