PrincipalComponent,coi,c1i,a1i,c2i,a2i
1,0.47385342216165893,0.7766132151638155,91.906926826806,0.0,236.39165559692646
