PrincipalComponent,coi,c1i,a1i,c2i,a2i
1,0.9417897804978771,1.5913513960954098,98.8547124723275,0.0,221.98074005337386
2,0.029175146848521023,0.059067765163664104,46.30825285279306,0.004712659899759947,230.45530446180305
