PrincipalComponent,coi,c1i,a1i,c2i,a2i
1,0.9596315412696854,1.580559300114,94.88774723646333,8.515764247681689e-17,223.67666594519326
2,0.0069721259355096585,0.007050736957415148,45.828573358657955,0.0,230.041251199528
