PrincipalComponent,coi,c1i,a1i,c2i,a2i
1,0.88996273067642,1.4375696539111167,89.06571409360001,0.0,224.0572948724461
2,0.025235792328453147,0.10353282201396763,45.160817452017476,0.04983760756698028,228.79553526163164
