PrincipalComponent,coi,c1i,a1i,c2i,a2i
1,0.9538572027121269,1.5701354343954872,93.19170945070799,0.0,223.96650176365964
2,0.0035130634439960286,0.002574181356467873,45.56467745059607,1.562179867105569e-17,229.7325751957484
