PrincipalComponent,coi,c1i,a1i,c2i,a2i
1,0.9464069299069231,1.5119197684584245,93.83490493154925,0.0,222.8112442777211
2,0.03317253724890298,0.07601380617797662,45.51420775087691,0.03927489665306511,229.4799392354822
