PrincipalComponent,coi,c1i,a1i,c2i,a2i
1,0.9052558284969451,1.5953197940998014,93.73578361185182,3.14034171718579e-17,222.64061618526867
2,0.037326642470083944,0.06067277986545101,45.44577799716069,0.021810237567038173,229.4081677722093
