PrincipalComponent,coi,c1i,a1i,c2i,a2i
1,0.9643148381287524,1.5911062649934127,98.95389025001919,8.645827147107158e-17,222.3272172731487
2,0.021096417529181382,0.03713746213741927,46.27711741462138,0.0,230.57459644236246
