PrincipalComponent,coi,c1i,a1i,c2i,a2i
1,0.8947141286266614,1.3404945411000675,85.92411196794905,0.017048819567857195,224.1979881040422
2,0.01636566341880469,0.12004792905608637,44.45413078308167,0.05199540046516165,228.10077839943455
