PrincipalComponent,coi,c1i,a1i,c2i,a2i
1,0.9674290237405432,1.5901068305582853,97.77681956816662,0.0,222.97947182058078
2,0.014844995355448696,0.02275800506954462,46.05731571917068,0.0,230.47397561182254
