PrincipalComponent,coi,c1i,a1i,c2i,a2i
1,0.9309980153757408,1.3478163539032557,89.4636953528223,0.0,224.0935981856059
2,0.02172157532126446,0.11247493750633054,45.11038324797573,0.04714796852150783,228.92604347157484
