PrincipalComponent,coi,c1i,a1i,c2i,a2i
1,0.9501430005348331,1.560110049156208,92.17303827654234,0.0,224.2021735878292
2,0.0007620488188173926,0.0,45.42335752728879,2.6832184397163717e-17,229.56900224540703
