PrincipalComponent,coi,c1i,a1i,c2i,a2i
1,0.8948256281229057,1.3319729918837298,86.44117848799797,0.013560062689578089,224.28538684131303
2,0.01877190586584827,0.1251372702890062,44.65105905927047,0.04983779071316246,228.264426693089
