PrincipalComponent,coi,c1i,a1i,c2i,a2i
1,0.8892233626759494,1.4267842399979982,89.3837736650602,3.1674046035364966e-17,224.0851894200593
2,0.028760797993504148,0.10564972569949231,45.35251628419451,0.05046989610994476,228.90522669750834
