PrincipalComponent,coi,c1i,a1i,c2i,a2i
1,0.904862573811789,1.5829783135523676,94.152299766829,3.416542399974048e-17,222.7195367768891
2,0.039352660985185944,0.06759169690374901,45.61662903318927,0.019688237837387747,229.54752366738703
