PrincipalComponent,coi,c1i,a1i,c2i,a2i
1,0.9490015042104576,1.5447814926029668,92.02946326695319,1.6989675419741045e-16,224.3153583019158
2,0.000933233425864031,0.0003921624100819559,45.42672674456469,0.0,229.58104705763256
