PrincipalComponent,coi,c1i,a1i,c2i,a2i
1,0.9635422685345503,1.5788990896801123,99.42243724285156,0.0,222.25457653810167
2,0.024232857281957655,0.04173822818125514,46.40762516117508,0.0,230.68209669446316
