PrincipalComponent,coi,c1i,a1i,c2i,a2i
1,0.9411347362877104,1.5789656650383415,99.32333900922248,0.0,221.997840600008
2,0.031445862662321696,0.06618847649364501,46.45267938320841,0.0024180434190063664,230.58839911692692
