PrincipalComponent,coi,c1i,a1i,c2i,a2i
1,0.9622035886609088,1.5747817741085064,97.1837724181467,6.268608248628142e-17,223.1727674618934
2,0.013722834232240426,0.018230372489689717,45.92891775927221,8.014455369392784e-18,230.3873721767054
