PrincipalComponent,coi,c1i,a1i,c2i,a2i
1,0.9511200463377012,1.5512524918171466,92.37541238533106,0.0,224.22536309758465
2,0.0019200719642242098,0.0011014071684543071,45.468421866066535,0.0,229.62888037426936
