PrincipalComponent,coi,c1i,a1i,c2i,a2i
1,0.9595139883967949,1.56990995194722,95.29781896822294,0.0,223.66982782632482
2,0.009749344636801088,0.009846094025396416,45.90296416761583,5.922626012441054e-18,230.14322318373735
