PrincipalComponent,coi,c1i,a1i,c2i,a2i
1,0.9467147583181166,1.4227584713790518,95.76404439416386,5.904710373764937e-17,223.12747584668708
2,0.03418099618226271,0.08961238897175489,46.23867223842446,0.05217145738063909,230.13069616555555
