PrincipalComponent,coi,c1i,a1i,c2i,a2i
1,0.4760709501091663,0.7684521597057289,92.0667618018627,0.0,236.50403487440224
