PrincipalComponent,coi,c1i,a1i,c2i,a2i
1,0.9540388643008845,1.5599678445240943,93.53463912947487,0.0,223.9647005947683
2,0.006106474592531295,0.004653209752648025,45.62493259571183,0.0,229.81704353042846
