PrincipalComponent,coi,c1i,a1i,c2i,a2i
1,0.946176450169472,1.5000201957696468,94.23899080457191,0.0,222.86082233897116
2,0.03484320894248375,0.08285974596601436,45.62074970320862,0.03687476069787246,229.6005062062939
