PrincipalComponent,coi,c1i,a1i,c2i,a2i
1,0.9301831357198945,1.337227169581052,89.80969554003424,2.823401945381681e-17,224.10993180265723
2,0.02496618966868582,0.11485438826617665,45.25912472234017,0.0478257584655088,229.02505622533286
