PrincipalComponent,coi,c1i,a1i,c2i,a2i
1,0.9667150765561212,1.578439296509083,98.2511081140086,0.0,222.7890461500616
2,0.018222510098847632,0.02657343829944718,46.13085783424326,3.2591177047224594e-18,230.5389112725703
