PrincipalComponent,coi,c1i,a1i,c2i,a2i
1,0.9559167249451868,1.602639342814148,99.53293276909572,7.675969992122707e-17,221.80270505705255
2,0.024390635188534265,0.04719767976992213,46.317506710503245,0.0016234069455526873,230.55410069197674
