PrincipalComponent,coi,c1i,a1i,c2i,a2i
1,0.9670270656562089,1.5959969833882426,96.53748762869078,9.598783715797691e-17,223.31997894630487
2,0.00823705903714609,0.011750514266995426,46.064093333756745,0.0,230.31438884269667
