PrincipalComponent,coi,c1i,a1i,c2i,a2i
1,0.963555981612309,1.589786412273796,94.73771240174293,0.0,223.6328368247117
2,0.004851283348863424,0.004977063586406802,45.774502246370794,0.0,229.97802025062646
