PrincipalComponent,coi,c1i,a1i,c2i,a2i
1,0.4763839391064595,0.7839697679465248,92.30317036364923,8.231095658151241e-17,236.31621435118166
