PrincipalComponent,coi,c1i,a1i,c2i,a2i
1,0.8978831585414916,1.3467700498948079,85.42332937125171,0.023119830333654078,224.0516036827046
2,0.015717411029508438,0.11177906760222117,44.226524538214704,0.05662971371018585,227.91250593271369
