PrincipalComponent,coi,c1i,a1i,c2i,a2i
1,0.9086600102123451,1.6076634629008177,93.4946232902959,0.0,222.5798128332112
2,0.037027267989956245,0.05190411837122801,45.318664025264844,0.025202800736985904,229.31076944805568
