PrincipalComponent,coi,c1i,a1i,c2i,a2i
1,0.9498793218732771,1.524135474966321,93.59835765207049,0.0,222.7162612142786
2,0.03317414848924326,0.06661319809063412,45.35668125500162,0.04338457568134442,229.37513671035543
