PrincipalComponent,coi,c1i,a1i,c2i,a2i
1,0.9505646763957858,1.4456120684587066,95.03975466511129,0.0,223.11894504947603
2,0.03200995759878725,0.07454184120904271,45.915288826636136,0.05907894831458885,229.9193541078203
