PrincipalComponent,coi,c1i,a1i,c2i,a2i
1,0.9717742768978797,1.600557719106138,97.54447624882623,0.0,222.939672222656
2,0.012724428647922907,0.018840377731478352,45.96917499476374,0.0,230.37968003597206
