PrincipalComponent,coi,c1i,a1i,c2i,a2i
1,0.8940953457336573,1.4485068080936672,88.90971760736812,2.226581174328823e-17,223.95713550133394
2,0.02332646248585658,0.0993326669422744,44.9925613779847,0.04979360006126067,228.70562930814174
