PrincipalComponent,coi,c1i,a1i,c2i,a2i
1,0.9685188326777349,1.6023344648604065,98.67057735459615,0.0,222.30787671178086
2,0.018710386048372843,0.03293806151972836,46.151504797672445,0.0,230.4796943509001
