PrincipalComponent,coi,c1i,a1i,c2i,a2i
1,0.9575031868692819,1.5785725721082626,93.1671264867467,2.525910079308826e-17,223.90488764054177
2,0.001894887110366533,0.001416746426897912,45.535593551624615,0.0,229.6970171687502
