PrincipalComponent,coi,c1i,a1i,c2i,a2i
1,0.9349780054809027,1.358967856029003,89.3137043958901,0.0,224.04712893835935
2,0.019772902365140857,0.10841676922387723,44.97251723314373,0.047167294855909155,228.8467185753792
