PrincipalComponent,coi,c1i,a1i,c2i,a2i
1,0.976301560267129,1.614592696146054,96.61701250046507,3.0957616623514434e-17,223.13644623474121
2,0.004115465511600336,0.0049506528865740935,46.03329803647265,0.0,230.26085058588657
