PrincipalComponent,coi,c1i,a1i,c2i,a2i
1,0.903432283429594,1.4713130650143633,88.9520850726051,0.0,223.77239244134753
2,0.02026389425053565,0.08627202969366567,44.79948673570894,0.05100511956187694,228.63014063739305
