PrincipalComponent,coi,c1i,a1i,c2i,a2i
1,0.9758438129349183,1.625985503584515,99.0815988934782,0.0,222.0363210678209
2,0.015977058810397547,0.02606051184519133,46.09559256793847,0.0,230.4669422804579
