PrincipalComponent,coi,c1i,a1i,c2i,a2i
1,0.9603256245928302,1.468910510015114,95.08277880214774,1.9200316040556447e-16,222.80123891914707
2,0.029454327191615087,0.059017532325892935,45.710705744682485,0.06232786863083192,229.80671201864044
