PrincipalComponent,coi,c1i,a1i,c2i,a2i
1,0.9441595989653537,1.3814262696642292,89.34932084791642,4.6202282210200643e-17,223.85434143574673
2,0.016667126206041095,0.09586752543594448,44.78768330086369,0.04835179429035293,228.76796304744303
