PrincipalComponent,coi,c1i,a1i,c2i,a2i
1,0.9718047658561141,1.6058593146707678,94.91960066875183,0.0,223.46281944615143
2,0.0014207394791101197,0.001072876686201929,45.766563694804184,0.0,229.95835613014034
