PrincipalComponent,coi,c1i,a1i,c2i,a2i
1,0.9562287323714012,1.6273188592327958,98.52477583061828,5.944819798842872e-17,221.70078487990222
2,0.02493609585502101,0.03501678145029906,45.98585785281907,0.010576519766189296,230.24297542514634
