PrincipalComponent,coi,c1i,a1i,c2i,a2i
1,0.4821981913468727,0.796257976377676,93.58866376866477,0.0,236.17234293599694
