PrincipalComponent,coi,c1i,a1i,c2i,a2i
1,0.91825917659218,1.6326127753770734,93.50067399579596,1.2184071855809777e-16,222.3745996598241
2,0.03465467018166415,0.03505711059241359,45.164180115312476,0.02784691284431624,229.22420130890814
