PrincipalComponent,coi,c1i,a1i,c2i,a2i
1,0.9791167202316761,1.624351160406623,98.58436394304677,7.362284643092609e-17,222.3061251956827
2,0.013648084595669895,0.022134049228807094,46.02354976990614,0.0,230.42238447269423
