PrincipalComponent,coi,c1i,a1i,c2i,a2i
1,0.9591611401151275,1.5488464055706361,93.6085609630531,8.741683578216091e-17,222.6201524704717
2,0.03132546503861271,0.04976217111040551,45.22100406619139,0.04616073492603827,229.32477397552572
