PrincipalComponent,coi,c1i,a1i,c2i,a2i
1,0.9661208755173919,1.626658994339336,99.40592776075982,4.797159388600277e-17,221.61412802342318
2,0.02131145721883271,0.0306550854759611,46.11311713537455,0.005105460783772333,230.43161542377888
