PrincipalComponent,coi,c1i,a1i,c2i,a2i
1,0.9934788401721204,1.6406885321770899,98.45241558249042,0.0,222.61050986942658
2,0.0044900995017432875,0.004879330962398121,46.25184971060024,4.687190709204108e-19,230.51172917505951
