PrincipalComponent,coi,c1i,a1i,c2i,a2i
1,0.9134909430571791,1.496198470161523,89.71543192427461,6.351871143286658e-17,223.55664471664642
2,0.020504329355232453,0.07045430922484779,44.83983133124538,0.05502042639345214,228.73658742859033
