PrincipalComponent,coi,c1i,a1i,c2i,a2i
1,0.9174816057268604,1.3924311793194002,86.45211316020331,0.022759874707348745,223.76292769653665
2,0.012844208107218324,0.08542502585494731,44.15436252218472,0.06112067665108786,228.03363941089972
