PrincipalComponent,coi,c1i,a1i,c2i,a2i
1,0.9882881906563593,1.6491593761710583,99.89805157944349,0.0,221.8557315931939
2,0.012557235775055554,0.01647260702778315,46.23137788327087,0.0002525055304035289,230.59410007180023
