PrincipalComponent,coi,c1i,a1i,c2i,a2i
1,0.9541312475518625,1.405792110364221,90.06986693987811,5.158991067511187e-17,223.68894100308611
2,0.01655350103630099,0.08091932991078518,44.81940818820266,0.05206470869467956,228.8780114455136
