PrincipalComponent,coi,c1i,a1i,c2i,a2i
1,0.9914433154222189,1.6467482392016164,99.42637997536255,0.0,222.12400373649663
2,0.01004715142684538,0.013757142913980662,46.2791091973547,0.0,230.5678840161559
