PrincipalComponent,coi,c1i,a1i,c2i,a2i
1,0.9703220049060082,1.575055334402133,94.48567497714613,9.759221308291831e-18,222.2407819092882
2,0.029100003951098487,0.038987664631637255,45.26271680970351,0.043877748489956035,229.40405710703328
