PrincipalComponent,coi,c1i,a1i,c2i,a2i
1,0.9711745761676499,1.4941530724602698,95.93346502505776,0.0,222.52195825331168
2,0.027495504398222362,0.04812278753932828,45.74809963259117,0.06143678826951518,229.9069655520731
