PrincipalComponent,coi,c1i,a1i,c2i,a2i
1,0.9296334824441999,1.658608323535409,94.31752789780843,1.5703082569243435e-17,222.15143962104622
2,0.03252414385399551,0.02383109029875986,45.23433109063135,0.025968116239478048,229.3239591289538
