PrincipalComponent,coi,c1i,a1i,c2i,a2i
1,0.9867039869573925,1.6329780748614384,97.5318027626418,1.681214381889734e-17,222.87632873369535
2,0.001672454225591646,0.001110251543792912,46.147374200395504,5.514223445228074e-19,230.38725724227203
