PrincipalComponent,coi,c1i,a1i,c2i,a2i
1,0.977683325252705,1.651275096781246,100.0,0.0,221.43215031519333
2,0.017733052155013165,0.020108200568468584,46.11045246560307,0.005316024838935723,230.48880071061416
