PrincipalComponent,coi,c1i,a1i,c2i,a2i
1,0.4905727253807691,0.8108098548812006,95.96690910468615,8.852243123528025e-18,236.18244644059038
