PrincipalComponent,coi,c1i,a1i,c2i,a2i
1,0.9685980398845685,1.6523398875184616,99.35415798048614,0.0,221.39803947835225
2,0.021665808833256285,0.024175386320456668,46.00858284679378,0.010047541270467034,230.32192301716324
