PrincipalComponent,coi,c1i,a1i,c2i,a2i
1,0.9814227882607346,1.5177777164564603,97.38364980155987,0.0,222.11338684835084
2,0.02520603579490472,0.04000622788507155,45.91948795308923,0.05635538562339213,230.13183201985723
