PrincipalComponent,coi,c1i,a1i,c2i,a2i
1,0.9940288886300616,1.6717865459649355,100.0,0.0,221.33711842902434
2,0.007962019762225492,0.009215254854107171,46.238746997391225,2.0839880417173784e-19,230.48788230231796
