PrincipalComponent,coi,c1i,a1i,c2i,a2i
1,0.942309209465419,1.6813109692338926,95.7170454004688,0.0,221.76148143911013
2,0.028661042022865072,0.015558817294439167,45.35703750442373,0.021489006992292073,229.52930725809117
