PrincipalComponent,coi,c1i,a1i,c2i,a2i
1,0.9229429313008664,1.5187882088304308,90.83555472002905,0.0,223.32646951181218
2,0.02144588278158682,0.052490384195719844,44.91536167442104,0.06051654451634047,228.91659225839263
