PrincipalComponent,coi,c1i,a1i,c2i,a2i
1,1.0035040261382635,1.656813023807149,99.75762772591352,8.197826518657207e-18,222.1896498894529
2,0.001736022498769523,0.0008966343543950188,46.4146570847655,8.815613301476281e-18,230.691866492915
