PrincipalComponent,coi,c1i,a1i,c2i,a2i
1,0.9635428449159812,1.4280544898110175,91.26244542008021,0.0,223.3644795790311
2,0.01728501454577437,0.06358634340586218,44.94931013558354,0.05762607655485811,229.05938408449225
