PrincipalComponent,coi,c1i,a1i,c2i,a2i
1,0.9817814665845862,1.5987207067488654,95.9212673145898,0.0,221.9459059165522
2,0.02593263246649576,0.030839693375329692,45.445873970966545,0.0384902091452533,229.6541758441837
