PrincipalComponent,coi,c1i,a1i,c2i,a2i
1,0.9282687078404354,1.4214695785107778,88.27553137951121,0.013060057643725106,223.70226207238363
2,0.011299564793068852,0.0759522021412111,44.52509121496645,0.05896633012842689,228.44234685335064
