PrincipalComponent,coi,c1i,a1i,c2i,a2i
1,0.49803875866895686,0.8230205421269239,99.01185286096248,4.441729959101292e-17,236.08880503493404
