PrincipalComponent,coi,c1i,a1i,c2i,a2i
1,0.99432543178864,1.6947120255900265,100.0,1.1787852042153855e-16,220.62892140225972
2,0.008692178128611311,0.007431674171453246,46.053066264780654,0.0010182208878980724,230.25684104434796
