PrincipalComponent,coi,c1i,a1i,c2i,a2i
1,0.9746511957791153,1.4493879169064938,91.71114356793548,0.0,223.23824002371498
2,0.01810689324571789,0.048673195760622345,44.96980426551084,0.06047657347729868,229.11464255488121
