PrincipalComponent,coi,c1i,a1i,c2i,a2i
1,0.9335942434392133,1.5410874304530033,91.26845419021964,5.251534235191137e-17,223.16574035015714
2,0.022875514841219472,0.03662690845574894,44.90441320803461,0.06342183424039086,228.95503821944163
