PrincipalComponent,coi,c1i,a1i,c2i,a2i
1,0.9947813172674196,1.6204853765759886,96.61290353299262,6.33485332299614e-17,221.57784371971337
2,0.02322712036826377,0.02455289801659953,45.443883249930195,0.03208892849183381,229.68063198390448
