PrincipalComponent,coi,c1i,a1i,c2i,a2i
1,1.0048061694654105,1.6891353026136977,100.0,0.0,220.9961493552756
2,0.0049379137295334895,0.003222307394226595,46.138672550635384,2.7429525816253254e-19,230.36699137283387
