PrincipalComponent,coi,c1i,a1i,c2i,a2i
1,0.5063260761058411,0.8348145560294675,100.0,0.0,235.69263119318504
