PrincipalComponent,coi,c1i,a1i,c2i,a2i
1,0.9885402199862502,1.6965042839960771,100.0,4.8799354493764086e-17,220.67262103297702
2,0.01282832714256472,0.010614138911452126,45.97402621530618,0.0038427107134589838,230.23977304702444
