PrincipalComponent,coi,c1i,a1i,c2i,a2i
1,0.9937243205885034,1.5395975734012715,98.06333050080715,0.0,221.81782884192498
2,0.023187145206012217,0.0331984538813923,45.93598304281691,0.05053082937759103,230.18061834845972
