PrincipalComponent,coi,c1i,a1i,c2i,a2i
1,1.0097461740369995,1.6838627606095153,100.0,0.0,221.3101647069862
2,0.0031212219845857727,0.0018908287437118714,46.219696114705535,0.0,230.4659835985787
