PrincipalComponent,coi,c1i,a1i,c2i,a2i
1,0.9561210663639258,1.701597219689816,96.30912550700982,0.0,221.61552593838053
2,0.02519752015789927,0.00914983641767623,45.35403561078946,0.016858964004121502,229.60265593873558
