PrincipalComponent,coi,c1i,a1i,c2i,a2i
1,1.0013867090851942,1.567312943102165,98.82810353579995,0.0,221.40074088382175
2,0.020781431666844576,0.025959830317686915,45.9153351634499,0.04143143167901251,230.22614748042184
