PrincipalComponent,coi,c1i,a1i,c2i,a2i
1,1.0030488460890479,1.6483178254346038,97.30918603129513,0.0,221.27135797311928
2,0.02049258119188877,0.01637733495063001,45.42951105429354,0.02361206698748083,229.73927246746675
