PrincipalComponent,coi,c1i,a1i,c2i,a2i
1,0.9464808783941128,1.4796273326341836,90.04869321834794,3.80972145742251e-17,223.4291007258371
2,0.01177920141628488,0.051895431708993876,44.693437934037334,0.055536560779327136,228.76888474456462
