PrincipalComponent,coi,c1i,a1i,c2i,a2i
1,1.010888165338382,1.70703727650088,100.0,0.0,220.53644398720826
2,0.0007351077685178539,4.457940091679183e-18,46.01471869611425,0.0,230.21878968893728
