PrincipalComponent,coi,c1i,a1i,c2i,a2i
1,0.9396561778333841,1.569269410567935,91.80010343758899,4.877770765812114e-17,222.8760606918929
2,0.023441114310312802,0.02189945687647883,44.89229181049497,0.061224097328348756,228.98059617449385
