PrincipalComponent,coi,c1i,a1i,c2i,a2i
1,0.5070815267620383,0.8504336160863595,100.0,8.429096008751556e-18,234.66688164351947
