PrincipalComponent,coi,c1i,a1i,c2i,a2i
1,0.9668222090615622,1.7257770473638336,96.93942394929168,3.267260545005696e-17,221.54680870777034
2,0.01981881657122586,0.002354173177263919,45.48996513302127,0.011333925716384126,229.72480596196064
