PrincipalComponent,coi,c1i,a1i,c2i,a2i
1,0.9967792161922981,1.719084232731271,100.0,1.224002275982266e-16,220.40607711266276
2,0.006864240351880181,0.004354852613513901,45.988775459641055,0.0014513801869444928,230.1768102856983
