PrincipalComponent,coi,c1i,a1i,c2i,a2i
1,0.9802119266618666,1.4772112780817457,92.13246829517485,1.1842811561068365e-17,222.8787973629108
2,0.02009404845354269,0.029410208137018137,44.92192219825346,0.06367720310687376,229.09293560702744
