PrincipalComponent,coi,c1i,a1i,c2i,a2i
1,0.9798007207538062,1.4868580637605484,92.4962365157683,5.606123405790491e-17,222.8130196876756
2,0.021758768521752386,0.02193813210374975,44.98140484168301,0.06568455511543664,229.16398899053254
