PrincipalComponent,coi,c1i,a1i,c2i,a2i
1,1.0011293111770776,1.722395054659749,100.0,4.6583522355486485e-17,219.87233654271745
2,0.0016618750023596118,0.001113170116615723,45.85833716512006,0.0,230.02371948320533
