PrincipalComponent,coi,c1i,a1i,c2i,a2i
1,1.0018963391261444,1.5768480110561376,99.34593702297265,8.996764861482316e-17,221.21128680346274
2,0.020180729615421354,0.023996769099076682,45.99291752194304,0.03832084476284111,230.29690184112437
