PrincipalComponent,coi,c1i,a1i,c2i,a2i
1,0.5043900829276912,0.8567021365136503,100.0,0.0,234.10119308202127
