PrincipalComponent,coi,c1i,a1i,c2i,a2i
1,0.968986487655007,1.733430386876822,97.40990998469678,0.0,221.27453642856344
2,0.017680336971165354,0.0013508507023974631,45.59416478043542,0.009133922995334663,229.7664895728652
