PrincipalComponent,coi,c1i,a1i,c2i,a2i
1,0.9402917755222813,1.578440021778074,92.2943559145198,0.0,222.78135375647068
2,0.023212609862280582,0.019514790687546794,44.97491826599181,0.058198615641890585,229.06861424217476
