PrincipalComponent,coi,c1i,a1i,c2i,a2i
1,0.9962635794330679,1.7269197622278054,100.0,0.0,220.1359310846544
2,0.005046413963474938,0.0028143907392952387,45.92272224111165,0.0010957233996457835,230.0939019086213
