PrincipalComponent,coi,c1i,a1i,c2i,a2i
1,1.003852951893788,1.6576636172501564,97.79394255462314,0.0,221.07819382329632
2,0.019320726038429003,0.015361992677925927,45.47106193477799,0.019659789041659468,229.78399396522528
