PrincipalComponent,coi,c1i,a1i,c2i,a2i
1,1.0022052620757915,1.6756269713406657,98.21396162657277,1.2623459153112938e-17,220.94746378514864
2,0.017858457957799195,0.011191329646536304,45.47719522541981,0.012951418820697324,229.84474383225893
