PrincipalComponent,coi,c1i,a1i,c2i,a2i
1,0.9989486627145648,1.595996729462433,99.74996233035665,0.0,220.94298132960978
2,0.020372108582181657,0.018788456717720538,45.980687860576154,0.030992931859445703,230.30839454156538
