PrincipalComponent,coi,c1i,a1i,c2i,a2i
1,0.9374108032164987,1.5973994310094533,92.74083572401378,3.103534153989255e-17,222.5660027965159
2,0.02299254870876759,0.014626840537196421,44.981605259944814,0.05092065468205764,229.10694575418947
