PrincipalComponent,coi,c1i,a1i,c2i,a2i
1,0.9763850491496309,1.505990584359066,92.8899863536516,0.0,222.68157729653956
2,0.022355108275898577,0.015054525853839375,45.020227791801695,0.06042253601336706,229.2204450469532
