PrincipalComponent,coi,c1i,a1i,c2i,a2i
1,0.49892290682725965,0.8661669129073187,100.0,0.00023567480637464821,233.40596864283253
