PrincipalComponent,coi,c1i,a1i,c2i,a2i
1,0.9419182565339258,1.5079740510647126,90.76435414100528,5.0343256267101704e-17,223.1054782736561
2,0.016598079168794185,0.030931329242590015,44.746806470179266,0.059731959369056425,228.84516341469455
