PrincipalComponent,coi,c1i,a1i,c2i,a2i
1,0.9699403310550977,1.7478467442071999,97.79597483106706,4.493668538902392e-17,221.16033033661122
2,0.012794821572437432,1.7388602516647832e-19,45.720782209699664,0.004185144698325611,229.84900746047816
