PrincipalComponent,coi,c1i,a1i,c2i,a2i
1,0.9943665521725434,1.7393186920573365,100.0,5.970704950169327e-17,219.81623397252167
2,0.0017848170854644384,0.0007057732220089052,45.850859707477554,7.650581811279924e-19,230.00115170881682
