PrincipalComponent,coi,c1i,a1i,c2i,a2i
1,0.9051553174008178,1.6496248953318704,88.2113273739149,2.67131567744076e-17,222.76500135281844
2,0.02058936517550514,0.008740596138707809,44.0220896789047,0.032687844268618066,228.05792396664646
