PrincipalComponent,coi,c1i,a1i,c2i,a2i
1,0.4743773884413443,0.8903082171980191,93.0175984379472,4.841949739661654e-17,234.12077165730292
