PrincipalComponent,coi,c1i,a1i,c2i,a2i
1,0.9617030797584598,1.6502356255953992,94.24319088258642,0.0,222.11947679639889
2,0.027070491211974208,0.0,45.04253900899041,0.018960317794450055,229.28334531001667
