PrincipalComponent,coi,c1i,a1i,c2i,a2i
1,0.9385855018217732,1.5635576627082153,87.78166028704364,0.0,222.86802266190068
2,0.02673443317573219,6.508277429209789e-17,43.94859515413047,0.04513983900783374,228.0231283469081
