PrincipalComponent,coi,c1i,a1i,c2i,a2i
1,0.9049683863972313,1.564608025427066,86.0568063358382,1.7258337953800725e-17,223.0376079815199
2,0.020087456086811645,0.017723040347134584,43.718382687663876,0.04457434123958887,227.6724256689938
