PrincipalComponent,coi,c1i,a1i,c2i,a2i
1,0.9764257574807587,1.7231665437467223,93.18722768554694,0.0,221.9988777962183
2,0.011522221808200162,0.0,44.910122452621096,0.0022268597917679397,228.96842442140144
