PrincipalComponent,coi,c1i,a1i,c2i,a2i
1,0.9870578330008337,1.5167123681633092,88.89732557762152,0.0,222.96524270227252
2,0.019451105138166936,0.004958345706673575,44.11025033082877,0.027256368114131298,228.31122731254672
