PrincipalComponent,coi,c1i,a1i,c2i,a2i
1,0.946885789546482,1.6057936870316885,88.96595512385858,0.0,222.9422174443272
2,0.01970530871786999,0.008852635346293386,44.137985620979045,0.016940848566932305,228.28439467836034
