PrincipalComponent,coi,c1i,a1i,c2i,a2i
1,0.9480625192548565,1.5219823405554846,86.77422534471438,6.811616997196902e-17,223.11677357240595
2,0.019473631712895664,0.011936292235547562,43.78998117977779,0.033558560282563564,227.8710413155505
