PrincipalComponent,coi,c1i,a1i,c2i,a2i
1,0.5137956015960775,0.8345496859852022,93.55455911199495,1.6121280264355795e-17,234.5922519495917
