PrincipalComponent,coi,c1i,a1i,c2i,a2i
1,1.0103952421553037,1.6038601485463237,95.13735496357506,0.0,222.22216784288895
2,0.017739603895533296,0.0029688569035671193,45.31149118146164,0.0046286851523371815,229.54832624185494
