PrincipalComponent,coi,c1i,a1i,c2i,a2i
1,0.49763053661981077,0.8733321460572486,100.0,3.9657644844869343e-17,233.94851042590102
