PrincipalComponent,coi,c1i,a1i,c2i,a2i
1,0.9938969186209731,1.6134621112168128,98.96646731857363,0.0,221.1841115171261
2,0.02026672953129304,0.014561160581258009,45.833903125618406,0.02546521341056143,230.17475644392798
