PrincipalComponent,coi,c1i,a1i,c2i,a2i
1,0.9303341020280105,1.5040900009049236,85.10930311938412,6.749816758124827e-17,223.70656022338696
2,0.015568098376978827,0.0,43.756689603675,0.0005824216151768347,227.7273557361369
