PrincipalComponent,coi,c1i,a1i,c2i,a2i
1,0.8870592043457438,1.510203012350676,82.89322283980276,9.596308437526714e-18,223.51863477899522
2,0.0196452990815488,0.004194109233864949,43.06154023061561,0.009800848706415578,227.10247715407564
