PrincipalComponent,coi,c1i,a1i,c2i,a2i
1,0.4531223527211854,0.7942011233389407,84.91513568963992,0.0,234.31989540880505
