PrincipalComponent,coi,c1i,a1i,c2i,a2i
1,0.5140175845960631,0.776360760195198,96.84828556839378,5.942271076082127e-17,235.5655138490688
