PrincipalComponent,coi,c1i,a1i,c2i,a2i
1,0.9892774540868194,1.472344246840608,91.04268616606997,1.0409403170642878e-17,223.17420949917874
2,0.018091934637914933,0.0052887010281430415,44.64592572037527,0.00933809321046311,228.94138662591212
