PrincipalComponent,coi,c1i,a1i,c2i,a2i
1,0.49391019732132263,0.7094124842320161,85.5955773704073,4.086623607849934e-17,234.56941734208004
