PrincipalComponent,coi,c1i,a1i,c2i,a2i
1,0.9304106992588054,1.4303681303697686,83.37748186379545,0.0,223.61044684477457
2,0.018247929745167313,0.0025010751950913976,43.29797040032098,0.004809109271041374,227.30267678971046
