PrincipalComponent,coi,c1i,a1i,c2i,a2i
1,0.45505183046160574,0.7271109784254205,81.40777239687412,0.0,233.7599013097641
