PrincipalComponent,coi,c1i,a1i,c2i,a2i
1,0.6649240347298973,0.8565532308983123,44.66953925385144,0.9707563517575089,215.525363531684
2,0.01721630255668691,0.011622559951565666,33.313727020178526,0.01585262381555093,215.47682824841525
