PrincipalComponent,coi,c1i,a1i,c2i,a2i
1,0.6558376246836922,0.8469827972794015,44.44676177891123,1.0372764574209268,215.4731372448073
2,0.01768721489907537,0.009492475289300195,33.26484034507571,0.02246111532189388,215.39310137316036
