PrincipalComponent,coi,c1i,a1i,c2i,a2i
1,0.6705981123741964,0.8630035698611588,45.23689591477024,0.9060427437087789,215.5038096383517
2,0.01798095481279062,0.015949731947435306,33.43589819392136,0.01649475492185682,215.62490209300606
