PrincipalComponent,coi,c1i,a1i,c2i,a2i
1,0.6947037482582068,0.895504912861197,50.79886517466071,0.7663266262555083,216.64987005043434
2,0.022014396474210492,0.04218826246511348,34.981969705670004,0.01656704409062546,217.3567811402542
