PrincipalComponent,coi,c1i,a1i,c2i,a2i
1,0.7141043025065389,0.9215535222059656,59.055453656664376,0.6152314823806955,218.77459053196642
2,0.043090579027864125,0.10869253652129184,37.72726192580499,0.03226699456140062,220.07936970592783
