PrincipalComponent,coi,c1i,a1i,c2i,a2i
1,0.6992721739385019,0.9204884877832673,63.716524521454176,0.5452142776526118,220.16098838555078
2,0.06592451530738021,0.18044187285938187,40.301432624110795,0.08103473977492527,221.7489853110241
