PrincipalComponent,coi,c1i,a1i,c2i,a2i
1,0.7043503646585481,0.9332791613151293,65.77798925213368,0.512933226643387,220.68858519457805
2,0.06966573543263305,0.19413104606096343,41.21845638840214,0.08851508071056828,222.43990426902997
