PrincipalComponent,coi,c1i,a1i,c2i,a2i
1,0.7082032263804714,0.9625479862897193,69.4450601621936,0.447554253605642,221.66180387159474
2,0.07806541961836558,0.21299524778226445,42.68890456538595,0.10798014861700009,223.63218241086528
