PrincipalComponent,coi,c1i,a1i,c2i,a2i
1,0.7406875749438872,1.140857496112406,90.25259087139342,0.13169372370041238,226.3422469692709
2,0.12392770065489082,0.30731584981339255,52.19454554781221,0.15289834772063382,230.22127957166944
