PrincipalComponent,coi,c1i,a1i,c2i,a2i
1,0.7340648006373264,1.0751316413055367,92.00304690222825,0.11129781212179927,230.2952492564001
2,0.1453756886462895,0.4842807555143354,64.21652031566052,0.06089503528815348,233.4447086445247
