PrincipalComponent,coi,c1i,a1i,c2i,a2i
1,0.7413171903961621,1.1111886873213286,92.5535142341911,0.11110798935480827,228.4206867518083
2,0.13876340132813725,0.4000345447400656,58.66538895643279,0.1151120946867274,232.15946247233472
