PrincipalComponent,coi,c1i,a1i,c2i,a2i
1,0.4472452434764174,0.42579718838548875,39.17340460876784,0.5969395758020286,216.78686566631788
