PrincipalComponent,coi,c1i,a1i,c2i,a2i
1,0.8894763375395469,0.9078306931864989,39.76713750509989,1.2046942064736301,250.0
2,0.0021469929663089572,1.879551732026041e-18,40.7041733946653,0.0,224.15685143022168
