PrincipalComponent,coi,c1i,a1i,c2i,a2i
1,0.8309979073992021,0.7693726373738464,35.28344563478807,1.548738412608483,250.0
2,0.04971107402324206,0.027312270894936486,39.72155086533764,0.025291454225679546,222.94681434081292
