PrincipalComponent,coi,c1i,a1i,c2i,a2i
1,0.871971237706892,0.5101142571981474,37.08410990286792,1.1025320685461335,215.7066151201728
2,0.09099995898336612,0.20473516647650877,36.746133418310144,3.884528827187739e-18,214.67895488713683
