PrincipalComponent,coi,c1i,a1i,c2i,a2i
1,0.22589812078932908,0.723453697286849,100.0,0.6843486167913594,210.9800727627222
2,0.08748514424753452,0.01786794596908732,46.14095123562141,0.5934928022016787,231.66918647092137
