PrincipalComponent,coi,c1i,a1i,c2i,a2i
1,0.20365549009948936,0.1624074591487973,28.88861375265295,1.2289954446238622,210.2125698628016
2,0.08415184956780455,0.12028566794035697,28.816886460752862,0.5052616887586252,209.80598202609042
