PrincipalComponent,coi,c1i,a1i,c2i,a2i
1,0.20318096806388944,0.17884275557917645,28.867708463661423,1.1585652128994948,210.17787868477023
2,0.09738573870960884,0.1010238678781434,28.795766865126172,0.545406605141537,209.77450347330634
