PrincipalComponent,coi,c1i,a1i,c2i,a2i
1,0.22667673148151474,0.5891255314549505,95.37075181094255,0.815227379735267,205.0824064078914
2,0.1001239966967526,0.026554039623506387,43.29127899794762,0.6747825151141474,227.94507014472154
