PrincipalComponent,coi,c1i,a1i,c2i,a2i
1,0.2315422564193837,0.47356841158457047,95.88982837228497,0.9357565957584706,195.6852471175633
2,0.10784751834905644,0.01891531869321758,41.33160152155655,0.6942309822837004,227.11709506213663
