PrincipalComponent,coi,c1i,a1i,c2i,a2i
1,0.22783522230619346,0.7176641679115152,100.0,0.6946265593889336,209.98332263625696
2,0.081466595286456,0.017341511914079715,45.75045925227051,0.5550140776196754,230.7552983241911
