PrincipalComponent,coi,c1i,a1i,c2i,a2i
1,0.23963709326791263,0.5826387262943907,89.10213402753203,0.8737034224416247,207.11302656394392
2,0.07116983316880704,0.018836731152245666,42.11675025244734,0.45973447011692603,226.13959728450743
