PrincipalComponent,coi,c1i,a1i,c2i,a2i
1,0.22526435007167897,0.5071900625814902,75.8319588785952,0.962365130701638,209.4445983007471
2,0.0730800225024257,0.013043492064641298,39.694800766712085,0.48692754697550944,223.03411522705096
