PrincipalComponent,coi,c1i,a1i,c2i,a2i
1,0.22371448099595537,0.6738159696357646,94.94628361463322,0.7300876889407367,212.71801709626683
2,0.09331446443818504,0.013625609625211713,45.572910703206134,0.6393536905308964,231.5937180469445
