PrincipalComponent,coi,c1i,a1i,c2i,a2i
1,0.23418969694053837,0.42632480479854157,94.21779270202829,0.9811854532715482,192.0582016032822
2,0.11135891644326043,0.016773537989851383,40.04632480977447,0.6983145178060183,225.97877843720738
