PrincipalComponent,coi,c1i,a1i,c2i,a2i
1,0.19228815023261825,0.19038719019597106,28.927706367672833,1.274250470429885,210.2165969063995
2,0.11009742213306187,0.05360250622359287,28.85045062732797,0.5985363978593904,209.80189094070687
