PrincipalComponent,coi,c1i,a1i,c2i,a2i
1,0.20603173380474832,0.14501948762474326,28.92318735300659,1.2905969826803534,210.23502098351727
2,0.09888248385251013,0.0839910975516021,28.849075522769684,0.5503807514112993,209.8224331112964
