PrincipalComponent,coi,c1i,a1i,c2i,a2i
1,0.2237620757617343,0.6448906191470855,93.78670733901853,0.7604161789700686,211.39616285028114
2,0.0967428499768105,0.018314971661340478,44.83073716544402,0.6594735325926092,230.30268066657698
