PrincipalComponent,coi,c1i,a1i,c2i,a2i
1,0.23114547254779463,0.5964438644765908,89.43950565960343,0.8491519570137994,208.64144586550682
2,0.07524001662353852,0.01702014703964994,42.726701708326786,0.5015677395541397,226.92763209923635
