PrincipalComponent,coi,c1i,a1i,c2i,a2i
1,0.19186080460104854,0.22939462011722273,28.94655543352462,1.2717986893536863,210.20853473052975
2,0.11778261761465052,0.022643993446386804,28.864382810288156,0.6515971097611943,209.78867246106606
