PrincipalComponent,coi,c1i,a1i,c2i,a2i
1,0.24370376329766782,0.3285440799832865,97.50926090764331,1.0611448196982713,181.55405554929936
2,0.11335660106796137,0.027039209203372775,37.57886125197344,0.6772016939541062,222.605980306625
