PrincipalComponent,coi,c1i,a1i,c2i,a2i
1,0.21183807392316745,0.45848959897576147,79.8185448923227,0.9356790298948582,213.96991628850355
2,0.10423037168413533,0.004240255817385408,43.7989517997833,0.770809449435046,234.9563891534315
