PrincipalComponent,coi,c1i,a1i,c2i,a2i
1,0.21226076656706505,0.3854719072150804,75.02790421689433,1.0174828390464283,209.28838009916186
2,0.1125677658268701,0.008297855942566698,41.470996474473246,0.8111705260516935,232.46974792511918
