PrincipalComponent,coi,c1i,a1i,c2i,a2i
1,0.20885824916509105,0.12751870614522343,28.889144012986236,1.1876867303525853,210.1811365147723
2,0.10985160083042812,0.08156536608665906,28.816661949883112,0.6390379547594922,209.77530066379452
