PrincipalComponent,coi,c1i,a1i,c2i,a2i
1,0.21002514145163187,0.31821059315344397,57.04378939267375,1.139572666246698,208.47400343462633
2,0.0810766015659708,0.013804107226170988,35.427224220735894,0.6030140211715713,220.20632677403094
