PrincipalComponent,coi,c1i,a1i,c2i,a2i
1,0.21195712401313258,0.09301749664968018,28.942877772341326,1.3203462953977096,210.23377613639641
2,0.1117276200833997,0.06441768889547769,28.86831326530733,0.6435667954329994,209.82022846863538
