PrincipalComponent,coi,c1i,a1i,c2i,a2i
1,0.21041468236403463,0.1068277141035638,28.90988165131512,1.2628295559158418,210.2187456677542
2,0.09581453390603986,0.10482034114247471,28.83743633847939,0.5941442743620337,209.80686860230017
