PrincipalComponent,coi,c1i,a1i,c2i,a2i
1,0.19702926674019156,0.18158051717301416,28.95713098813594,1.283241057108968,210.1948093458397
2,0.1305309400323789,1.002289113188002e-19,28.8758702924641,0.762705252993528,209.77028590342798
