PrincipalComponent,coi,c1i,a1i,c2i,a2i
1,0.19834680668091173,0.13880746836348878,28.951701099152746,1.2973437724863615,210.2267471390309
2,0.12296251498849427,0.03338901894690488,28.87428568818384,0.6984889856323206,209.80565099341052
