PrincipalComponent,coi,c1i,a1i,c2i,a2i
1,0.21704355742062498,0.4905358599755628,88.02694904763611,0.8991747395105496,210.99713074091366
2,0.09771888135513218,0.014800855925330625,44.825606765728395,0.7228921802425008,235.77263351904548
