PrincipalComponent,coi,c1i,a1i,c2i,a2i
1,0.21575646402730864,0.3046278026241095,56.48572495490945,1.1657462998440808,206.7179736568648
2,0.07839830987363097,0.01784747776122971,34.63386583643721,0.5729527467590882,219.49519844748028
