PrincipalComponent,coi,c1i,a1i,c2i,a2i
1,0.22256899238520716,0.5220837145691131,95.26567676538194,0.8601331157802544,208.84749035048642
2,0.09193293280997561,0.018833195864306283,45.88601865174556,0.6824472795978856,236.7854787407896
