PrincipalComponent,coi,c1i,a1i,c2i,a2i
1,0.20360141084720731,0.3956318393072765,67.82291677668255,1.0184082858465884,212.9675411360847
2,0.10831735339301281,0.0,40.312832966383766,0.7924421181062856,229.3123217834189
