PrincipalComponent,coi,c1i,a1i,c2i,a2i
1,0.21308164214560313,0.3629006060363371,74.65132434946452,1.0466364695485726,207.80176899878347
2,0.11513030951023169,0.007309300442079674,41.1996332687348,0.8174891944934803,232.98874406969983
