PrincipalComponent,coi,c1i,a1i,c2i,a2i
1,0.21710120832331184,0.3016678870930559,71.3054371979967,1.1125542518890759,204.6959392958853
2,0.11932524058733623,0.0015068414120774248,40.192746394613316,0.8303334319831801,234.19243985959045
