PrincipalComponent,coi,c1i,a1i,c2i,a2i
1,0.18252621571728164,0.21135646202021602,28.976809482918878,1.2835822332730118,210.18580149822466
2,0.11752412969560201,5.434255854498663e-18,28.891899043560354,0.793525688079264,209.7623487253355
