PrincipalComponent,coi,c1i,a1i,c2i,a2i
1,0.21920159253622445,0.28028585020025154,69.22952417570498,1.1355533515675211,202.82680725144598
2,0.12217989308201044,0.0,39.35357280490897,0.8319542180720547,233.82874555588876
