PrincipalComponent,coi,c1i,a1i,c2i,a2i
1,0.2410688314975699,0.9359653260453187,100.0,0.5399322716755234,215.57154451765072
2,0.060211555849744976,0.02669177190323692,46.68487305312386,0.35888562097662685,229.58037856620888
