PrincipalComponent,coi,c1i,a1i,c2i,a2i
1,0.22969902945264267,0.7279531978833664,100.0,0.7328015353889952,203.2384193776661
2,0.09441456205186016,0.04957364339626465,43.7625455292554,0.5468876535985161,224.40203040320432
