PrincipalComponent,coi,c1i,a1i,c2i,a2i
1,0.22954834719139333,0.9433889590709322,100.0,0.5249487989284821,215.38395150957584
2,0.06707603855977269,0.030653109436997526,46.653346556323214,0.41483977683071,229.53838501495267
