PrincipalComponent,coi,c1i,a1i,c2i,a2i
1,0.22876687434619936,0.8287488066830339,100.0,0.6246391853460382,210.4022051148451
2,0.08465057461085183,0.05964350742028863,45.81078209019483,0.5218090615514029,226.87330578236964
