PrincipalComponent,coi,c1i,a1i,c2i,a2i
1,0.25644228590374696,0.47352186249984557,100.0,0.9321621074294262,185.93360355763886
2,0.10479280985447807,0.07028732591911248,41.91234314354778,0.5102674283377413,217.6198800839718
