PrincipalComponent,coi,c1i,a1i,c2i,a2i
1,0.2368888068432744,0.6355340329786314,100.0,0.8120664626468542,196.201251818313
2,0.10161303433431985,0.061451424975383244,42.647364022723764,0.534161927540276,221.90408019214192
