PrincipalComponent,coi,c1i,a1i,c2i,a2i
1,0.1776848833767881,0.26654333356038584,28.914435116518995,1.260510960324465,210.22095008818417
2,0.09514420787836893,0.08367130836343355,28.838760742040275,0.48272465301249934,209.81391531540172
