PrincipalComponent,coi,c1i,a1i,c2i,a2i
1,0.23751014034418466,0.9312327972938931,100.0,0.5484393966277281,214.95197140974514
2,0.06214423750798412,0.028527249381903454,46.536471411367955,0.37048470731720656,229.42978681212745
