PrincipalComponent,coi,c1i,a1i,c2i,a2i
1,0.22843445846445126,0.7968862723305146,100.0,0.6637533259042183,208.3263994105886
2,0.08796402883439282,0.0585540741039665,45.27544154817833,0.5283728437634755,226.14464850419097
