PrincipalComponent,coi,c1i,a1i,c2i,a2i
1,0.2311348162521006,0.7021297497201429,100.0,0.7553375517251232,200.4778709923136
2,0.09864353915963679,0.04806289242917843,43.02244470197247,0.5529800123663714,223.49676722680513
