PrincipalComponent,coi,c1i,a1i,c2i,a2i
1,0.19145282489248922,0.22305056288873062,28.907299881302823,1.2682094239441555,210.23344641362718
2,0.08374478095865226,0.1123330143216497,28.834449803750143,0.44320519560049176,209.8277014235075
