PrincipalComponent,coi,c1i,a1i,c2i,a2i
1,0.18867194288450137,0.25441793133993806,28.85727445189635,1.1398028397802575,210.18734554552574
2,0.08156950367169814,0.13252256209303187,28.786932947254368,0.4345412153927454,209.79040298668184
