PrincipalComponent,coi,c1i,a1i,c2i,a2i
1,0.22781281328829253,0.9382832900345223,100.0,0.5276350477396637,215.45645681636464
2,0.07266487998750958,0.034180127352629014,46.68147675718801,0.4476529320566503,229.59844022891713
