PrincipalComponent,coi,c1i,a1i,c2i,a2i
1,0.1879024475445623,0.24311807501189808,28.87416278043957,1.2025910375973035,210.21326734579947
2,0.06956611217169283,0.14667068917327591,28.80376626508717,0.4019815088457699,209.81338403967916
