PrincipalComponent,coi,c1i,a1i,c2i,a2i
1,0.2290465373478615,0.8940789956988536,100.0,0.557787821020011,214.79677271105604
2,0.08082474643213197,0.046413228264363456,46.58777310765946,0.505918423982201,228.94126510954223
