PrincipalComponent,coi,c1i,a1i,c2i,a2i
1,0.24488465501706339,0.9324747317236117,100.0,0.5525860504213814,214.49613980698135
2,0.05924866875148778,0.027499449640584615,46.40845172572004,0.3372709662931063,229.33425449368872
