PrincipalComponent,coi,c1i,a1i,c2i,a2i
1,0.22823080969424026,0.9237789743696527,100.0,0.5290467646984995,216.0076905101785
2,0.07790236773568777,0.03567460435297593,46.82714233359388,0.48872111344689356,229.75397293937223
