PrincipalComponent,coi,c1i,a1i,c2i,a2i
1,0.20198636062453101,0.7904490150953595,65.97550819313722,0.9089336472418391,217.03573579903838
2,0.04787548941194142,0.011388510248659342,39.184774120545775,0.2346105854783892,221.37684757608287
