PrincipalComponent,coi,c1i,a1i,c2i,a2i
1,0.19635138235284075,0.7463843298772543,62.66206699441734,0.9590418604458119,216.41613117565927
2,0.05716033073926939,0.018127109097357798,38.27411136107198,0.29409317965433274,220.3138237553517
