PrincipalComponent,coi,c1i,a1i,c2i,a2i
1,0.2383569102723717,0.9698189842682262,100.0,0.6145968028504923,215.36213755193046
2,0.08164303614800385,0.05908655359996861,47.019303360397664,0.35793323619579903,229.1556168164185
