PrincipalComponent,coi,c1i,a1i,c2i,a2i
1,0.2027964336295171,0.7025846840704683,65.2070461269691,0.9841358273174322,215.34177396159026
2,0.06438538217127354,0.04825923600802945,38.80161900418566,0.32910909953493345,220.45708603273104
