PrincipalComponent,coi,c1i,a1i,c2i,a2i
1,0.24149645852989762,0.9246430063587187,100.0,0.6395283494261764,214.1279682102046
2,0.08647493586654163,0.07429755433004707,47.0577474472201,0.3517996519731274,228.8256240444968
