PrincipalComponent,coi,c1i,a1i,c2i,a2i
1,0.20575449250210373,0.7739109692765882,64.42875899688572,0.9302435414756784,216.83356850846624
2,0.04450759365139704,0.00838698142923289,38.76654122636244,0.20289577908793963,220.9376732816532
