PrincipalComponent,coi,c1i,a1i,c2i,a2i
1,0.2073167461611753,0.704716819957796,68.2355156657555,0.9766839069807274,215.1528831432137
2,0.06807012916735342,0.05080672341241551,39.4888989471025,0.33466193043155473,221.14466861068746
