PrincipalComponent,coi,c1i,a1i,c2i,a2i
1,0.1935680498380792,0.3576680216883462,39.45962851090291,1.2142982108445954,209.5897972744874
2,0.07056450718040154,0.11746729276090201,32.961653444824876,0.3045708938479157,212.09538158408478
