PrincipalComponent,coi,c1i,a1i,c2i,a2i
1,0.19430470123603089,0.39341192068692665,39.08013724573861,1.0874715053266903,213.08510006178406
2,0.066214156111393,0.1474780163149376,35.60047815591077,0.28218419127147687,212.99890519565645
