PrincipalComponent,coi,c1i,a1i,c2i,a2i
1,0.22250815567894633,0.7637510597341572,80.35315220028032,0.8764588257194852,214.9000671485385
2,0.0759614957983,0.05065848552174594,42.23743576446997,0.35328639844781307,224.07833725557128
