PrincipalComponent,coi,c1i,a1i,c2i,a2i
1,0.21309073053685992,0.7804196589688093,65.02309355598403,0.9167712630074718,216.8889598986265
2,0.04276570500828664,0.007571279837033155,38.90692833600037,0.18049505926215922,221.1220146357428
