PrincipalComponent,coi,c1i,a1i,c2i,a2i
1,0.19293434925506145,0.40263741416539467,42.69053464265044,1.1989878334996125,209.090167155821
2,0.07789500045917727,0.09497027171973561,32.805719335436656,0.32991557092134455,212.9429679831351
