PrincipalComponent,coi,c1i,a1i,c2i,a2i
1,0.21360537524919512,0.4979312152385837,55.037677496767806,1.1243775894341068,211.25012634020197
2,0.08630268211751146,0.07054050434155769,35.63367209239286,0.3561419970629756,216.71075085048736
