PrincipalComponent,coi,c1i,a1i,c2i,a2i
1,0.1892559480196327,0.3863945933555471,38.97220657416032,1.1401684763925641,211.1928638070543
2,0.060368734042082525,0.1485642129741491,34.75674136844855,0.2643542774925102,212.56456101785184
