PrincipalComponent,coi,c1i,a1i,c2i,a2i
1,0.19514691317244848,0.7173240829144065,61.30324251517555,0.9896242247027878,215.89862860135992
2,0.05977408857925963,0.030274537420884224,37.872184565081625,0.3109137767825673,219.74214027929477
