PrincipalComponent,coi,c1i,a1i,c2i,a2i
1,0.20712116079368534,0.7718198161973375,63.710742782929366,0.9273699558164727,216.8904205418183
2,0.04299663302276694,0.006600936198101856,38.607544967840035,0.1954028746991549,220.77150927579441
