PrincipalComponent,coi,c1i,a1i,c2i,a2i
1,0.1998840832211915,0.7791578755553255,65.20553533061388,0.9267774232986515,216.8192108620995
2,0.05236633047493266,0.015323977147461884,38.961771276081365,0.2599778062657273,221.10713451660152
