PrincipalComponent,coi,c1i,a1i,c2i,a2i
1,0.20317661851579022,0.7248416635288716,62.42439543731952,1.1322479184301961,214.98927417308713
2,0.05554599112482631,0.038904879436930884,37.889149869672366,0.22917889964210802,219.85585454239296
