PrincipalComponent,coi,c1i,a1i,c2i,a2i
1,0.1755122700070488,0.47710084355408583,38.51488400238841,1.1845428630454227,211.9495412069501
2,0.04274907429695301,0.13772807833605336,32.68841222607927,0.19318926553507237,212.89217547926575
