PrincipalComponent,coi,c1i,a1i,c2i,a2i
1,0.18277501898649195,0.44810659080720516,39.21327642676249,1.26438441535742,211.25124006025797
2,0.05151748468017001,0.11160132717289299,32.116821778944924,0.222029636730172,212.81084134167023
