PrincipalComponent,coi,c1i,a1i,c2i,a2i
1,0.1939065864745188,0.7391743662932687,58.83870321062495,1.14202207188815,215.27711000549553
2,0.04815563825931253,0.03992371889647509,37.155831658072294,0.20838977721758134,219.01135909517293
