PrincipalComponent,coi,c1i,a1i,c2i,a2i
1,0.18433702384160475,0.8237271813669359,57.96219716953369,1.0522721306132121,216.48849469126344
2,0.03254818347020962,0.0029653975919616752,37.206442303972885,0.1285031431065943,219.20746474331656
