PrincipalComponent,coi,c1i,a1i,c2i,a2i
1,0.18775073846082735,0.8118149985214403,56.99939602818975,1.0568256384968362,216.3700096047143
2,0.02972645724944334,0.0015091806773512453,36.94403063682478,0.10642944213999025,218.93400087079488
