PrincipalComponent,coi,c1i,a1i,c2i,a2i
1,0.2009583699268851,0.5824816538522314,51.600811915514036,1.1950677443540019,212.99204037491464
2,0.07031641829657458,0.06265528940601872,34.82922549413228,0.25979258757599477,216.56972818703426
