PrincipalComponent,coi,c1i,a1i,c2i,a2i
1,0.1901842163276176,0.7497075224022713,57.54402822380474,1.133213490503029,215.38018654262652
2,0.044979040551291004,0.036984969232417224,36.878061879910774,0.2033725382824669,218.71316858762975
