PrincipalComponent,coi,c1i,a1i,c2i,a2i
1,0.18246815937205557,0.7739922291086332,55.35235563520454,1.123242246570721,215.66942006322753
2,0.04140228663418437,0.020137525047052636,36.396735188129234,0.18670328401334044,218.2615146269892
