PrincipalComponent,coi,c1i,a1i,c2i,a2i
1,0.1835303651772349,0.814906439602366,57.3606293794684,1.0748955668298776,216.27846350017833
2,0.035417177469117905,0.007229980890421161,37.011952747521995,0.14597833979262526,218.98615380925474
