PrincipalComponent,coi,c1i,a1i,c2i,a2i
1,0.1939223345094892,0.8131118108261297,57.09041533800236,1.0419192260163066,216.3899650543441
2,0.028286004429886574,0.0013819670698161938,36.95922647483751,0.09204255683415732,218.96810941650952
