PrincipalComponent,coi,c1i,a1i,c2i,a2i
1,0.18148610207449853,0.49092760473403896,41.76887049856015,1.2571376897295368,211.1426901736966
2,0.05952518392596321,0.09185731158930939,32.3697515147678,0.23905663647763165,213.48927148528284
