PrincipalComponent,coi,c1i,a1i,c2i,a2i
1,0.18201282217799705,0.7946406085596535,56.04979675351068,1.0990012959698603,216.01704336841397
2,0.03930609563097736,0.009774450229700323,36.64193150655373,0.17254013898431192,218.56650002442615
