PrincipalComponent,coi,c1i,a1i,c2i,a2i
1,0.1890589823226915,0.8121708394792282,56.6322684252437,1.0472374284493413,216.41859988258517
2,0.028688631064542218,7.709227539870812e-06,36.868580058762966,0.10193675841392179,218.85876328949567
