PrincipalComponent,coi,c1i,a1i,c2i,a2i
1,0.18289484916194484,0.4737602655591611,38.001720572492424,1.144576151680606,212.95545560711403
2,0.04533901522346011,0.14201107784846762,33.33654447190586,0.20391935278833223,213.04624396995027
