PrincipalComponent,coi,c1i,a1i,c2i,a2i
1,0.21366038419231828,0.720155578518015,67.13218499824067,1.0734435225199814,214.78412387866712
2,0.06772258828433735,0.05593216743401048,38.92089009202109,0.24850660832230392,221.04524160082602
