PrincipalComponent,coi,c1i,a1i,c2i,a2i
1,0.2098467037473222,0.7364505412750537,66.02878838600508,1.0955209887550725,214.97483101910422
2,0.060794264709183574,0.043560428407772266,38.7031835077126,0.2400090916565166,220.78881375931837
