PrincipalComponent,coi,c1i,a1i,c2i,a2i
1,0.18211005021112744,0.5219564483527229,38.56573960368595,1.1926935982125344,213.07287218963117
2,0.029692577870012744,0.14141555391080773,33.28359903486307,0.147293648325215,213.318289001003
