PrincipalComponent,coi,c1i,a1i,c2i,a2i
1,0.17993754379712804,0.8756490935595862,57.63751411248053,1.095344028319306,216.5994690806939
2,0.021822300634794293,0.0025321973649835737,37.16940052875604,0.06982397761982655,219.14559306348679
