PrincipalComponent,coi,c1i,a1i,c2i,a2i
1,0.18213324105018813,0.835524962142802,55.60925728867897,1.1748795780523786,215.87591385512223
2,0.028094183374758053,0.014181266867474923,36.51298393909809,0.11271150098188217,218.38504729562996
