PrincipalComponent,coi,c1i,a1i,c2i,a2i
1,0.1810622862974048,0.5037271275424432,40.45035554552393,1.3068279432868346,211.69726073137406
2,0.039142262577922554,0.10721214172729067,32.390763589789216,0.16420454005709165,213.30294695951022
