PrincipalComponent,coi,c1i,a1i,c2i,a2i
1,0.18735025594958155,0.8618328515798387,56.54728726231784,1.0750225128414501,216.49882606001407
2,0.018991554756096988,0.0019093302285239711,36.87239323959356,0.047094798794184975,218.8474421003049
