PrincipalComponent,coi,c1i,a1i,c2i,a2i
1,0.17484045165342396,0.5332367173444781,39.66199163922143,1.2244078947029278,212.24002454029514
2,0.02915821597762404,0.13174793689163952,32.77044825878536,0.13914406123139691,213.32300179470167
