PrincipalComponent,coi,c1i,a1i,c2i,a2i
1,0.17967372460159003,0.5460803165350967,42.59526535766227,1.3034309281013112,211.7423268908508
2,0.04646869922676129,0.08834930508397726,32.65960866882072,0.17818022483903165,213.87700066076357
