PrincipalComponent,coi,c1i,a1i,c2i,a2i
1,0.18305785657629506,0.8621527395779367,56.2764339573141,1.081893737584278,216.52200297448843
2,0.018925914160508456,0.0008493008646519669,36.82337407146536,0.05331216647272163,218.7834358591666
