PrincipalComponent,coi,c1i,a1i,c2i,a2i
1,0.2034311211476357,0.6463915236173206,52.516640911750656,1.241334257036189,213.52217221711683
2,0.05500000618250154,0.05649576111940063,35.14652130307477,0.1883849349141404,216.942299354348
