PrincipalComponent,coi,c1i,a1i,c2i,a2i
1,0.19138648617680987,0.8189677078972079,58.00425977600309,1.181737044698964,215.70388203091608
2,0.03083593694552576,0.027644890342792387,37.04154649038717,0.12639316932161532,218.9348690993653
