PrincipalComponent,coi,c1i,a1i,c2i,a2i
1,0.21722826937349102,0.7863638178797427,66.56805222520056,1.1263468323616421,215.25896966102374
2,0.05065276951795013,0.047124213563558955,38.86680391259475,0.1708987106550283,221.029916593678
