PrincipalComponent,coi,c1i,a1i,c2i,a2i
1,0.1959091819400572,0.8086672994864429,59.24992366854302,1.1914077282722193,215.5967587879617
2,0.033605226733416795,0.030144772896774162,37.305343337172985,0.13042945453206536,219.2205671421949
