PrincipalComponent,coi,c1i,a1i,c2i,a2i
1,0.18226785047826294,0.8619400644830945,56.62865470254844,1.0937006272750602,216.4880402697229
2,0.019706744522140822,0.001914208328403286,36.89923294159667,0.05569259393121824,218.86026568307773
