PrincipalComponent,coi,c1i,a1i,c2i,a2i
1,0.2132923995172375,0.8007490406739384,65.46599532387407,1.153976020173506,215.38528821902676
2,0.04387511201451693,0.035327713287410634,38.66014114373395,0.15823356798558036,220.76486155839964
