PrincipalComponent,coi,c1i,a1i,c2i,a2i
1,0.18006599671428627,0.8511983365615007,55.99605569330097,1.15125131636654,216.16167853683547
2,0.026698893469133293,0.0062668729588536655,36.676740442354976,0.1020907526913,218.58095230885002
