PrincipalComponent,coi,c1i,a1i,c2i,a2i
1,0.1799745776131512,0.8694441677968883,57.080884742828225,1.121893907303632,216.40635680484073
2,0.0240543870551737,0.004630041215254117,36.991459242227556,0.08258295858738111,218.93812151384907
