PrincipalComponent,coi,c1i,a1i,c2i,a2i
1,0.20636180061347445,0.7916811709130456,62.42013511883841,1.1866233897022755,215.3928516626098
2,0.039219501295168845,0.030981733450862504,37.97355130108926,0.14772019639691708,219.97906532365138
