PrincipalComponent,coi,c1i,a1i,c2i,a2i
1,0.18902362928577576,0.5356425080352092,40.99752568107706,1.3536581492144126,211.95166126611397
2,0.031508495980556814,0.10167024190357567,32.587212317651336,0.12894223703085975,213.52728904601872
