PrincipalComponent,coi,c1i,a1i,c2i,a2i
1,0.18882772058655334,0.8803640085065222,56.3160103760551,1.1978443345277228,216.2076928926153
2,0.01809643782781444,0.007589527592187729,36.76570315605426,0.06159647843689789,218.65885607050458
