PrincipalComponent,coi,c1i,a1i,c2i,a2i
1,0.1882806438325496,0.9015482389625518,57.68633102035288,1.157821066696215,216.52782277850372
2,0.0163634100577284,0.0063798336475241945,37.16540260052227,0.04829577102474213,219.1102612730039
