PrincipalComponent,coi,c1i,a1i,c2i,a2i
1,0.18730141376724183,0.9054857236565311,58.10748809536502,1.1286712523025495,216.68968938439977
2,0.014640382868776794,0.005531466929870804,37.304127184745504,0.039822577745416754,219.27525736734418
