PrincipalComponent,coi,c1i,a1i,c2i,a2i
1,0.23069364645747148,0.8104596185667419,65.26107170671432,1.2012218243393005,215.24680353325854
2,0.03551288936095035,0.043289538235680415,38.5884090817786,0.1161006410677698,220.65112580523862
