PrincipalComponent,coi,c1i,a1i,c2i,a2i
1,0.2034038191311995,0.8560842730736228,58.631400221145846,1.2298314822715832,215.82101164877224
2,0.020324903705653628,0.024801540234373552,37.217934578537196,0.07814626146648145,219.11743647014904
