PrincipalComponent,coi,c1i,a1i,c2i,a2i
1,0.19478020444143754,0.5535667423651105,39.2980408319206,1.2378256954923206,213.2040922549739
2,0.01757643267781623,0.1363433163745035,33.33086233769794,0.11295893797741141,213.56677129602218
