PrincipalComponent,coi,c1i,a1i,c2i,a2i
1,0.1920413004733937,0.8691066390119675,56.12790570303706,1.2211755402345832,215.9605064227892
2,0.018716959788630055,0.013623874124243431,36.66103511205944,0.06894950438674077,218.52933043712304
