PrincipalComponent,coi,c1i,a1i,c2i,a2i
1,0.18432955259599193,0.5679310942265889,40.56787305566128,1.2658796667426855,212.52389406371742
2,0.021082040643851607,0.1249125773606853,32.94569075495455,0.10598988419340127,213.6463075886759
