PrincipalComponent,coi,c1i,a1i,c2i,a2i
1,0.19419218981018538,0.8911126922301698,57.232487566547064,1.098599096731228,216.63509919455024
2,0.012737609367997024,0.006368424945869705,37.070732350283166,0.025396930376604298,219.0510993473217
