PrincipalComponent,coi,c1i,a1i,c2i,a2i
1,0.1903641889305456,0.89088386239989,57.00796912711496,1.1078663029641347,216.65586242607014
2,0.012535175724129934,0.00545357517663465,37.03215216658367,0.029391409723041672,218.9985664155342
