PrincipalComponent,coi,c1i,a1i,c2i,a2i
1,0.2269253694510332,0.8311685599332801,65.05285232531341,1.2185738136734718,215.42154712241674
2,0.02987969136821638,0.03243843000867767,38.588597020508885,0.10362397163971772,220.63867286345723
