PrincipalComponent,coi,c1i,a1i,c2i,a2i
1,0.21754396435406917,0.675093708611637,52.29655394801162,1.3071071104137773,213.65533992517305
2,0.03964577438730737,0.05413578690328075,35.167873459317235,0.13555387699341942,216.88851774669092
