PrincipalComponent,coi,c1i,a1i,c2i,a2i
1,0.19020417293746628,0.5768948208611462,42.95650411872279,1.356755564364644,212.04334106875467
2,0.035758572131985376,0.08423950823355487,32.84400109574686,0.13671700394788117,214.04693505904493
