PrincipalComponent,coi,c1i,a1i,c2i,a2i
1,0.2196505301940055,0.8254785073124545,62.533581821020626,1.2441433900188803,215.46575073210363
2,0.026164479452357253,0.02859286973819787,38.027199935719125,0.09492641906318074,220.00671093844
