PrincipalComponent,coi,c1i,a1i,c2i,a2i
1,0.20807294621151115,0.8458881910135231,59.770104221466376,1.2416164426027476,215.7414386247338
2,0.022441578456237374,0.026851134927561814,37.463413199442364,0.0812513374568984,219.38074779464156
