PrincipalComponent,coi,c1i,a1i,c2i,a2i
1,0.18938091065888593,0.8910363129164237,57.25503793374199,1.1214760455743675,216.59943190454968
2,0.013206714406735423,0.005814394082467584,37.077861589890816,0.030635223438617465,219.0413848173591
