PrincipalComponent,coi,c1i,a1i,c2i,a2i
1,0.22384153580103333,0.8585826214877406,59.437694899765475,1.3299997296885226,215.43589353538354
2,0.014488443323574721,0.017939231176925245,37.29084943191166,0.041036432999961264,219.18639023616373
