PrincipalComponent,coi,c1i,a1i,c2i,a2i
1,0.24963064913160007,0.8100461000283022,63.28497172244899,1.3231981882126984,214.66049685565113
2,0.021648611169612864,0.033193243119765875,37.962116415750714,0.06195802161201836,219.94093473758267
