PrincipalComponent,coi,c1i,a1i,c2i,a2i
1,0.1991288659151906,0.9057359817947168,57.460176601947275,1.2291528944609935,216.2687950836333
2,0.01280224694877644,0.0051582567092982624,37.045392643500364,0.027407566301486497,218.95650298695517
