PrincipalComponent,coi,c1i,a1i,c2i,a2i
1,0.20556027870335394,0.8814075572150419,56.23042858429644,1.2973459049455676,215.7947121181613
2,0.013596715562729305,0.007844659046073954,36.6373217095811,0.03750285401137922,218.48571399435357
