PrincipalComponent,coi,c1i,a1i,c2i,a2i
1,0.20252995518094766,0.5574400771141558,41.18236179343655,1.4371834722719774,211.91877323001248
2,0.026494673367612086,0.0858080879954944,32.45381539806631,0.09061011748684764,213.5524953287447
