PrincipalComponent,coi,c1i,a1i,c2i,a2i
1,0.19777022946277953,0.5934323366139327,41.1290973075519,1.3383934938648874,212.43695520607375
2,0.01737417348038512,0.10656907189233139,32.746201151551986,0.07552994472835592,213.73277654915822
