PrincipalComponent,coi,c1i,a1i,c2i,a2i
1,0.20774983498621008,0.5951016064824416,42.8276289225102,1.4524955598012341,211.96409324241662
2,0.02571564798962905,0.07106257571179711,32.697824220523124,0.08838461772630678,213.9747670443763
