PrincipalComponent,coi,c1i,a1i,c2i,a2i
1,0.20276684281425714,0.8919241024996752,57.071555882092454,1.1559353340631942,216.39738393152604
2,0.01084166453476257,0.00962219393116354,36.973883551748315,0.01799058040832519,218.92104084469804
