PrincipalComponent,coi,c1i,a1i,c2i,a2i
1,0.19883571407403136,0.8955595415279758,57.31440586275628,1.1782123482212068,216.41710712617373
2,0.011025554565305122,0.007865672291201251,37.043030423078065,0.020052123073347652,218.98270734756412
