PrincipalComponent,coi,c1i,a1i,c2i,a2i
1,0.23569343057977526,0.8319951619380476,61.512895056047704,1.3474003966699122,215.0169633896694
2,0.016461984987859057,0.01999600746549923,37.65798436880117,0.048310148346367265,219.59034860480364
