PrincipalComponent,coi,c1i,a1i,c2i,a2i
1,0.19979531075014284,0.8939115634582886,57.03776109772071,1.1640237903644401,216.46354823944472
2,0.010319753630949273,0.008426253055618275,36.98908262043365,0.020182556474680043,218.9293431133135
