PrincipalComponent,coi,c1i,a1i,c2i,a2i
1,0.19761548119782113,0.9116628984132569,58.165054658619894,1.190367141881839,216.4837322403902
2,0.011875353107901278,0.005731171303015313,37.26338992866234,0.024155833278665297,219.21014559584432
