PrincipalComponent,coi,c1i,a1i,c2i,a2i
1,0.20106832617136755,0.8887076828097055,56.273733066443356,1.2718512281655623,215.99646670390158
2,0.013422670042451882,0.004885242065737077,36.70133875355968,0.03439419853776306,218.5647501961105
