PrincipalComponent,coi,c1i,a1i,c2i,a2i
1,0.21820387546338657,0.871195206252678,58.5496612522382,1.3131552803673217,215.60275207111485
2,0.013553552259377006,0.01597453636960532,37.12701364695967,0.039994644964580744,219.0121470921493
