PrincipalComponent,coi,c1i,a1i,c2i,a2i
1,0.21137694077656619,0.5750651971129225,39.68892475886687,1.3164823759246103,213.06530051176625
2,0.009880798265944209,0.12070862372009647,33.02328539267942,0.07904980127121694,213.60510846821109
