PrincipalComponent,coi,c1i,a1i,c2i,a2i
1,0.2378212568979109,0.6863522343393538,51.442356389906536,1.4167931042738666,213.30828342976253
2,0.026033883366331025,0.042798352750225054,34.868426600704424,0.08001088885120423,216.54383767093228
