PrincipalComponent,coi,c1i,a1i,c2i,a2i
1,0.24450427369207153,0.8337672879736512,63.697322704397735,1.3305965691367707,214.8718332327488
2,0.018281375139932714,0.024065873560016875,38.1199879487868,0.052823861649457876,220.10433508150868
