PrincipalComponent,coi,c1i,a1i,c2i,a2i
1,0.20767586235849247,0.8996672274003724,57.45914085163601,1.2698901579789115,216.0893009035644
2,0.012131551767951108,0.006702940343056365,36.997898965822294,0.028270656462401858,218.8906901675778
