PrincipalComponent,coi,c1i,a1i,c2i,a2i
1,0.21844955845439887,0.5739655053198963,40.04993840980013,1.3396113353535242,213.0802870844777
2,0.006716329652024269,0.12501974752492434,33.229813175688214,0.061110748861927064,213.7363071034297
