PrincipalComponent,coi,c1i,a1i,c2i,a2i
1,0.20872644420169437,0.9071319784026612,58.61409071900751,1.1413759737992408,216.61282277096743
2,0.011040448259484152,0.011098185014620825,37.38526541291491,0.018869691317514703,219.37535775726192
