PrincipalComponent,coi,c1i,a1i,c2i,a2i
1,0.23166730678229955,0.872669832084882,60.83563622105264,1.3300603103638513,215.48732405925807
2,0.011962151904824123,0.019404807214213497,37.628233248744536,0.029397124680383066,219.5528147236086
