PrincipalComponent,coi,c1i,a1i,c2i,a2i
1,0.2599127476844736,0.8191186874345592,64.70457339240431,1.3348710024652661,214.5417821818087
2,0.016908329466880055,0.036495271604683514,38.28725117785574,0.04218307084206258,220.2648405348376
