PrincipalComponent,coi,c1i,a1i,c2i,a2i
1,0.25444092149195807,0.8499830180147773,65.61438121843398,1.3309072739636454,214.87015368166414
2,0.014599130897094715,0.02648702937632078,38.56906911830841,0.03624345744805979,220.5853018607083
