PrincipalComponent,coi,c1i,a1i,c2i,a2i
1,0.24525772869391504,0.8472918479453482,63.33319878721512,1.3469066671949195,215.04744075196393
2,0.013279569711871421,0.02217696561989491,38.09079599815129,0.03376010702888999,220.05806783981276
