PrincipalComponent,coi,c1i,a1i,c2i,a2i
1,0.2040371963889559,0.9259925348885769,59.61570254844433,1.179673845173054,216.65969461723665
2,0.01126424158907923,0.00749468918876695,37.642984311016626,0.022325090460439886,219.62890862154347
