PrincipalComponent,coi,c1i,a1i,c2i,a2i
1,0.21545078343898255,0.5921034244743104,42.84691981572417,1.4834294697590047,211.82879809779322
2,0.020729985525981823,0.07540872992137707,32.74849261426168,0.06605598979610497,213.95162958792864
