PrincipalComponent,coi,c1i,a1i,c2i,a2i
1,0.22615476919963837,0.8842863157153621,59.91576546091397,1.313190628328974,215.6621658926714
2,0.011388486662049559,0.017231074942213317,37.46089240522089,0.02935544290110001,219.3751996813113
