PrincipalComponent,coi,c1i,a1i,c2i,a2i
1,0.2040926819063166,0.5919099785182493,41.28318685705592,1.3632455753846233,212.40710311514323
2,0.014123827907814265,0.11047023793648858,32.882067705097754,0.05787001567225849,213.78796912735768
