PrincipalComponent,coi,c1i,a1i,c2i,a2i
1,0.2466310294283004,0.6845952030327941,51.7161690721594,1.445453789482382,213.14513469608136
2,0.020354476248525377,0.04729359493752185,34.927933099605006,0.057597473101879286,216.5620520637466
