PrincipalComponent,coi,c1i,a1i,c2i,a2i
1,0.21249822920319975,0.8925696491682686,57.40660644627458,1.2972847212969734,215.88288760032762
2,0.011982588432103316,0.009346293363547096,36.93109569424671,0.02959275118893552,218.80754151628815
