PrincipalComponent,coi,c1i,a1i,c2i,a2i
1,0.20553438948081965,0.9088998437741881,58.535166151467244,1.150547961530859,216.6515688060675
2,0.010506131259339663,0.009902381772634345,37.38440211892967,0.02045048254588755,219.36602327886206
