PrincipalComponent,coi,c1i,a1i,c2i,a2i
1,0.20933986530657328,0.5546160980879604,41.18068868367408,1.4663675018863396,211.77011774608567
2,0.022355017349280318,0.08987335631399822,32.51481607390139,0.07025040120424342,213.53041861159903
