PrincipalComponent,coi,c1i,a1i,c2i,a2i
1,0.20600462589118348,0.9196748376382325,58.86387675992916,1.2205021795334163,216.43047384081552
2,0.01178055547463357,0.006834835759692644,37.410095013031494,0.0239637577424771,219.35767274094997
