PrincipalComponent,coi,c1i,a1i,c2i,a2i
1,0.20476489257477948,0.9095876013057146,58.731373027870156,1.1662537890327889,216.59413594023187
2,0.011058589949711643,0.009112215215941926,37.415348462223896,0.020239869384557085,219.39350153499046
