PrincipalComponent,coi,c1i,a1i,c2i,a2i
1,0.23268415181560748,0.8612132498554457,58.64318996918278,1.3828219033243,215.1736611197598
2,0.011786426733867664,0.012233900864542657,37.036823720895015,0.02670182057705875,218.8935887411217
