PrincipalComponent,coi,c1i,a1i,c2i,a2i
1,0.2262968388843111,0.5646067161863709,39.04527560820439,1.4015512647476547,212.84863108630995
2,0.006072698741832751,0.11639895622258462,32.86375136008925,0.05411171062466267,213.39897984501113
