PrincipalComponent,coi,c1i,a1i,c2i,a2i
1,0.2603623833336584,0.8077263851790373,62.397536846374,1.43404964301643,214.0949135070269
2,0.012434180895345823,0.021673325435844812,37.62994496537524,0.025786180653902698,219.5252308360137
