PrincipalComponent,coi,c1i,a1i,c2i,a2i
1,0.2115410345685234,0.9111601074382193,59.71700584674221,1.2226099349579713,216.37797456401054
2,0.013932049958218135,0.005420674054663569,37.59062147510532,0.02946408279785347,219.5595908744577
