PrincipalComponent,coi,c1i,a1i,c2i,a2i
1,0.2196036643396278,0.5448167024140292,39.940662253106744,1.5365328505841966,211.58522463304263
2,0.01915007301039771,0.08083388452660323,32.178156359147906,0.056129072292657956,213.15488435948814
