PrincipalComponent,coi,c1i,a1i,c2i,a2i
1,0.21339422525203378,0.8969640148807891,59.036725045074164,1.1862174029688946,216.45563257197472
2,0.013230742469141073,0.009325128204937002,37.44385444796746,0.029140442040093945,219.42269379038646
