PrincipalComponent,coi,c1i,a1i,c2i,a2i
1,0.21222187411894353,0.8976273436916459,59.10855654801333,1.2031509198756507,216.3574883047295
2,0.01361932886322164,0.00812502780698551,37.437207316144,0.028791727223608243,219.40818800663044
