PrincipalComponent,coi,c1i,a1i,c2i,a2i
1,0.2558472479471102,0.6569656709869285,49.10449909026801,1.5405479834835942,212.59999393066818
2,0.015053693322222037,0.043130384347296526,34.22163024374657,0.037567953540121296,215.73288603239354
