PrincipalComponent,coi,c1i,a1i,c2i,a2i
1,0.2190514240848942,0.8728107173256889,56.60114742116916,1.3576626854466058,215.47468662174543
2,0.013066573027004867,0.005831845239198368,36.64050977119697,0.029742684927905494,218.47227487606185
