PrincipalComponent,coi,c1i,a1i,c2i,a2i
1,0.21443922011405023,0.8807047006052388,56.89012352159856,1.325601998103841,215.7384084872692
2,0.013585551478669838,0.004191340945066501,36.77469186091867,0.030366168748857985,218.62999165216726
