PrincipalComponent,coi,c1i,a1i,c2i,a2i
1,0.2661055478638567,0.7723122647979782,60.79552152771141,1.4499186973930007,213.7350601522065
2,0.01338292727705817,0.03147780707986576,37.189598198255986,0.026945415115597168,219.01847616209503
