PrincipalComponent,coi,c1i,a1i,c2i,a2i
1,0.21248908926583357,0.9023826791249278,58.53714874270621,1.2706524123201455,216.0845459286859
2,0.013934304518085524,0.0044837501780371596,37.243183082757106,0.028905228114172676,219.16069970363074
