PrincipalComponent,coi,c1i,a1i,c2i,a2i
1,0.2515355339856442,0.8143677495626853,61.025994264452805,1.4347588441385606,214.390687200037
2,0.012259642886311931,0.01714609742466182,37.38875452761745,0.026232554487670732,219.2642087894089
