PrincipalComponent,coi,c1i,a1i,c2i,a2i
1,0.2126399024289381,0.5816829795772198,39.97315353637722,1.4303737499635334,212.15577871666835
2,0.012012966386929322,0.1012423064196931,32.49666028731427,0.04837901537007926,213.37309995606435
