PrincipalComponent,coi,c1i,a1i,c2i,a2i
1,0.23827051077891417,0.8475018956152447,59.32496237067412,1.403919202050248,214.9606187294477
2,0.012021703888180406,0.014003492481552996,37.140847617405896,0.025767229555026864,219.0004444632122
