PrincipalComponent,coi,c1i,a1i,c2i,a2i
1,0.21678195719700524,0.8979250120900971,59.31694719361865,1.173103357829517,216.42736944965228
2,0.013885819572865813,0.01014518176871171,37.4947177212741,0.028225473652639273,219.48813523201005
