PrincipalComponent,coi,c1i,a1i,c2i,a2i
1,0.22291415193490177,0.7764833132374154,53.56997330409537,1.3385317599762332,214.8122933157936
2,0.021276079257183573,0.008531625061780417,35.74147383903332,0.06972850468986683,217.53834686054395
