PrincipalComponent,coi,c1i,a1i,c2i,a2i
1,0.2217321104789252,0.793509085770108,54.26977340394412,1.3758941613184923,214.80060374464375
2,0.021511844066478734,0.0010611095001452021,35.91684363491865,0.06960237652907741,217.70360331766398
