PrincipalComponent,coi,c1i,a1i,c2i,a2i
1,0.26194228303547135,0.69477456211385,52.60965407348066,1.6381548426046089,212.76988191847306
2,0.01561920687795068,0.0,35.01321386539606,0.03756494948302111,216.6418979477439
