PrincipalComponent,coi,c1i,a1i,c2i,a2i
1,0.23051884503692557,0.7719208146161519,51.29588174406032,1.5111734074069068,214.14343771023314
2,0.015955561766453397,2.1073749523603024e-19,35.068980778994295,0.05486250184231265,216.73038848032056
