PrincipalComponent,coi,c1i,a1i,c2i,a2i
1,0.2431649045452557,0.7553323478530408,52.23073021140279,1.5555144222355781,213.72320440755743
2,0.015118020563303447,0.0,35.173794742061084,0.04675202920918409,216.83308500786748
