PrincipalComponent,coi,c1i,a1i,c2i,a2i
1,0.22279281453321448,0.7894179621930173,53.028799434960206,1.4236893225317968,214.5590499487219
2,0.019837076410373026,0.0,35.57497964406811,0.06549192214368339,217.30947333383386
