PrincipalComponent,coi,c1i,a1i,c2i,a2i
1,0.2742159185594026,0.5800976723232142,42.27995407028033,1.7278600921946528,211.59085710416977
2,0.01237236075609064,0.020013278649416072,32.33651834725407,0.019739346739373567,213.69254240451454
