PrincipalComponent,coi,c1i,a1i,c2i,a2i
1,0.24302910366712785,0.49979122507184587,35.28938517543176,1.69014674917727,210.98937859767977
2,0.015521565092380866,0.05016092764475265,30.746556366788376,0.03784384566968542,211.77158443493596
