PrincipalComponent,coi,c1i,a1i,c2i,a2i
1,0.2221678640247946,0.7786778109076727,53.70842933071519,1.3543080136206578,214.7566215775361
2,0.02182792915004443,0.005850110141909112,35.76274586911089,0.06975109011929738,217.5547732990167
