PrincipalComponent,coi,c1i,a1i,c2i,a2i
1,0.2492717289853356,0.5270812228504874,36.432614394354395,1.7226646053837582,210.92968740906556
2,0.011983882895907684,0.04053799919067539,30.922419633022344,0.02680011045596042,212.03575603374148
