PrincipalComponent,coi,c1i,a1i,c2i,a2i
1,0.2488328731861205,0.738482041901479,52.38245817809154,1.5842325384426408,213.45484461594697
2,0.01519052984992445,0.0,35.13985656179704,0.0440392958683122,216.78899930162544
