PrincipalComponent,coi,c1i,a1i,c2i,a2i
1,0.22623308947057716,0.7756558451981705,51.73054717682842,1.4756003485208773,214.36670826147
2,0.01754813329256976,5.39939779321091e-19,35.22727102181625,0.06055115959796975,216.91380203456654
