PrincipalComponent,coi,c1i,a1i,c2i,a2i
1,0.277817045637736,0.6476591031260089,50.54163918262595,1.6846906720454313,212.0557543533928
2,0.013168431018535622,0.010708334951675762,34.34576392804682,0.020089350054442432,215.90836354889507
