PrincipalComponent,coi,c1i,a1i,c2i,a2i
1,0.23419571274426657,0.5413990461588556,35.67326502412256,1.5731318819720876,211.41628644299396
2,0.010448416274218247,0.065578307496459,31.019692982357164,0.0408424691100216,212.01106156108315
