PrincipalComponent,coi,c1i,a1i,c2i,a2i
1,0.2430853035696488,0.5290908962412937,35.43592748680886,1.5293076953081373,212.18462500355227
2,0.011811355176855111,0.0783720145087368,31.392020194044605,0.055716717679897665,212.1977763259001
