PrincipalComponent,coi,c1i,a1i,c2i,a2i
1,0.2245605980613879,0.772606968252014,53.30826659709115,1.332558098038712,214.66891501364898
2,0.022606100532361322,0.009344366892829886,35.63979232939342,0.0687330953103232,217.43122165074394
