PrincipalComponent,coi,c1i,a1i,c2i,a2i
1,0.23281020210605696,0.5155950398091411,29.007084250206812,1.6611274314962987,210.44014095659188
2,0.011100297110364282,0.03671992172633218,28.93521665673924,0.03194942256627545,210.00308755439724
