PrincipalComponent,coi,c1i,a1i,c2i,a2i
1,0.24605622429680768,0.49396737869572227,29.044471701122,1.8110224375484167,210.45648974118663
2,0.013000229988348554,0.019113931474130992,28.9737879695615,0.020729369534967776,210.013247146988
