PrincipalComponent,coi,c1i,a1i,c2i,a2i
1,0.21708067440457224,0.6371277376443133,42.6686877749005,1.474341091313145,212.81628260178604
2,0.024579145262772256,0.023957394602942553,32.684531410335914,0.09931697806264912,214.17684017567598
