PrincipalComponent,coi,c1i,a1i,c2i,a2i
1,0.21561513192384144,0.6554390822453208,43.3576727368481,1.511623449409268,212.81878738613116
2,0.025678638545246876,0.012055627418620615,32.85909940239782,0.10224572604405784,214.35210147372433
