PrincipalComponent,coi,c1i,a1i,c2i,a2i
1,0.23914721105627687,0.6482464824310823,42.797339851127006,1.6711962521827994,212.2623428149028
2,0.019531044238665037,0.0,32.6189638262499,0.07222422605881218,214.03784999151338
