PrincipalComponent,coi,c1i,a1i,c2i,a2i
1,0.2790373550774327,0.5246958299631281,35.32492113060821,1.8162801401752364,211.07643443485034
2,0.014471827581986459,0.004687501857790936,30.576441516981703,0.022175544931248962,211.78285494748408
