PrincipalComponent,coi,c1i,a1i,c2i,a2i
1,0.2182044638430732,0.6326981323199099,42.16706616091466,1.4701215350525974,212.66914236378176
2,0.025353261061049653,0.0255440142654851,32.53327045307525,0.09769129470858973,214.00469306046682
