PrincipalComponent,coi,c1i,a1i,c2i,a2i
1,0.23899533702556375,0.505979127865273,29.002851560512525,1.611134028614663,210.45120498936885
2,0.01763399012667696,0.04368746951616358,28.933380460328344,0.05163815376487631,210.008423901195
