PrincipalComponent,coi,c1i,a1i,c2i,a2i
1,0.2580108003172125,0.5930692393660388,42.42760029343068,1.7565892070216842,211.56291683095608
2,0.017989948726732114,0.0,32.3549110002585,0.056178082693433856,213.73332971655165
