PrincipalComponent,coi,c1i,a1i,c2i,a2i
1,0.21836986539153933,0.661190612986495,42.98886147944847,1.547709364218918,212.77769890959698
2,0.026001030668037217,0.005567975266939988,32.777553050300426,0.10035188905552092,214.2444160967564
