PrincipalComponent,coi,c1i,a1i,c2i,a2i
1,0.2225864787277227,0.6591603922737226,42.472296247497255,1.588475488440736,212.737604621111
2,0.025990330562284676,0.0,32.664230570913034,0.09558343115273225,214.1000155623815
