PrincipalComponent,coi,c1i,a1i,c2i,a2i
1,0.27640641150577816,0.5595106988960239,40.55606887133933,1.8025995696605233,211.14728656360552
2,0.017178691725832005,8.713692062551695e-20,31.807372433093708,0.031942920399887206,213.1242015674849
