PrincipalComponent,coi,c1i,a1i,c2i,a2i
1,0.24472832451238138,0.6326007549565766,42.67849803972986,1.7011919626527299,212.04519188126636
2,0.018777641829165633,0.0,32.539081484742134,0.06781598452667711,213.94401633347576
