PrincipalComponent,coi,c1i,a1i,c2i,a2i
1,0.2459630629672715,0.47297853083729624,29.030822608469496,1.7729778350256369,210.45102907858595
2,0.01557476741325878,0.02503429231698042,28.960844286077446,0.027038652570959592,210.00922522117241
