PrincipalComponent,coi,c1i,a1i,c2i,a2i
1,0.22695799090180765,0.6620743298852209,42.3678712767709,1.6214868482243938,212.6092928413465
2,0.023000074732560154,0.0,32.609059435748215,0.08571837770829152,214.03572704199996
