PrincipalComponent,coi,c1i,a1i,c2i,a2i
1,0.2160882624508456,0.6402169832268273,42.74283350937595,1.489631855643376,212.7752698173996
2,0.025303232912585627,0.019756489051037416,32.69383765397255,0.10066176994773286,214.18381411677183
