PrincipalComponent,coi,c1i,a1i,c2i,a2i
1,0.21995536577107488,0.8242559552041979,53.7496590028252,1.4116345613472372,215.03475836396123
2,0.014039631801098608,0.002386540542220858,35.86665091721408,0.03973615542860434,217.61835027665
