PrincipalComponent,coi,c1i,a1i,c2i,a2i
1,0.23676146282595803,0.8010839433888749,54.621980807721165,1.4821818214963396,214.43223019914683
2,0.012460348439048162,0.006976335681518892,35.910777028715316,0.03262038816714386,217.64576761805594
