PrincipalComponent,coi,c1i,a1i,c2i,a2i
1,0.22427116199538935,0.8176350583143804,53.37071310585327,1.4453823622238788,214.7953456008409
2,0.013736040249903231,0.0026132056429481305,35.717485750379815,0.0377107698067246,217.44441315189482
