PrincipalComponent,coi,c1i,a1i,c2i,a2i
1,0.21770119960916035,0.8421973836542859,55.27912830349937,1.3585324384145119,215.32954263173377
2,0.01437493769824292,0.0035341365031087988,36.29270402451753,0.040277736931133644,218.1020629391301
