PrincipalComponent,coi,c1i,a1i,c2i,a2i
1,0.21820500695789918,0.8346262035516471,55.78934969897548,1.272735095538576,215.62148961596074
2,0.013955579094687337,0.01039573076947929,36.472432374207955,0.04210250001355167,218.34139965472264
