PrincipalComponent,coi,c1i,a1i,c2i,a2i
1,0.24219902443983554,0.7853435059648348,54.99751345170716,1.5073208504839697,214.20621255995985
2,0.012426617155086807,0.008505311828019127,35.939641583142404,0.03077694349842782,217.67150636352355
