PrincipalComponent,coi,c1i,a1i,c2i,a2i
1,0.2546280588001955,0.7442832981302973,55.637039582338936,1.5525254096074395,213.574801135122
2,0.012198525833422267,0.011212266705571447,35.92729207141593,0.028346832547346882,217.65022967498618
