PrincipalComponent,coi,c1i,a1i,c2i,a2i
1,0.22084846526573282,0.832540781744773,55.75365462848725,1.2640419932035496,215.53091637547834
2,0.01489119454071271,0.011043976473574546,36.43500319388031,0.041160213491517564,218.30756405377977
