PrincipalComponent,coi,c1i,a1i,c2i,a2i
1,0.26371115479358065,0.6153659470474742,45.468691094332165,1.634975303958927,212.1854340682824
2,0.012288527326714534,0.036772345684709634,33.256362729825625,0.027429081552598492,214.67997413483278
