PrincipalComponent,coi,c1i,a1i,c2i,a2i
1,0.2627349191344653,0.7315126100364359,56.15316188664959,1.563418669073839,213.24559143501713
2,0.01184754223450329,0.015335297738018987,35.95851224431474,0.025356168685290288,217.68113668905625
