PrincipalComponent,coi,c1i,a1i,c2i,a2i
1,0.22936800855857384,0.5195815811697185,37.53095105967152,1.610255564430074,211.39008807122272
2,0.01676151267593366,0.07186007702943743,31.489704925036264,0.047422621538869884,212.47523236002357
