PrincipalComponent,coi,c1i,a1i,c2i,a2i
1,0.23613051328840653,0.5500638609395109,38.81641754790229,1.6397364475198952,211.31582822172416
2,0.013209873999590322,0.06045820193246993,31.663203544840666,0.03697276997487753,212.76884132245158
