PrincipalComponent,coi,c1i,a1i,c2i,a2i
1,0.22226944181551286,0.5571264263864808,37.85503365235569,1.4988547607256526,211.94644505417403
2,0.010123539174535824,0.09212317104435046,31.84895228108826,0.043784144460126455,212.7533955997249
