PrincipalComponent,coi,c1i,a1i,c2i,a2i
1,0.2029859040092006,0.6558183593642852,36.67444118876425,1.513989314613436,212.1173845034885
2,0.022928011698118957,0.039079052759108966,31.11286624991787,0.13801232612399306,212.45063484419322
