PrincipalComponent,coi,c1i,a1i,c2i,a2i
1,0.19508353214497784,0.6246117816378286,35.96632268845372,1.4275519503305454,211.9984352116731
2,0.019926730249463703,0.06820766345162195,30.97923456168228,0.13888374761524425,212.24097461228752
