PrincipalComponent,coi,c1i,a1i,c2i,a2i
1,0.19503211325020336,0.6413819468665178,36.641582399504934,1.4480022222150641,212.0781924242292
2,0.02069038152496783,0.057710377636642725,31.124063350777003,0.14252666503077607,212.43120269729158
