PrincipalComponent,coi,c1i,a1i,c2i,a2i
1,0.2247316181623765,0.645176367317251,37.03026023562742,1.6230764177104482,211.7729558539954
2,0.024764908318177313,0.01525213718581096,31.125519139662828,0.11448568669573397,212.43814569628123
