PrincipalComponent,coi,c1i,a1i,c2i,a2i
1,0.2374015437547539,0.6102613372101178,36.57248553248081,1.6814323704409624,211.47220769335675
2,0.02413798507226374,0.012995986940707492,30.95146251636757,0.09807971363012248,212.23460560663716
