PrincipalComponent,coi,c1i,a1i,c2i,a2i
1,0.20728211273446284,0.6637946925059776,36.784249221812026,1.5449814185987638,212.04817843740355
2,0.02457889713535736,0.02900533679491916,31.121696663266516,0.13118270603479015,212.45974116965607
