PrincipalComponent,coi,c1i,a1i,c2i,a2i
1,0.19602546444908914,0.6203273183824877,35.893583553270744,1.4137152454676458,212.03642480436844
2,0.019302752319339308,0.07345875449525192,30.99511865074862,0.1362456827207419,212.23577596035392
