PrincipalComponent,coi,c1i,a1i,c2i,a2i
1,0.21875487837501645,0.6572630694685145,37.060920476273175,1.5948698105059915,211.86037780491253
2,0.02484864102470464,0.017836071580111475,31.151496539330836,0.11923649547084361,212.4733482700762
