PrincipalComponent,coi,c1i,a1i,c2i,a2i
1,0.19676205817421424,0.6158378750306286,35.35386184018796,1.410382603625055,211.9153050685637
2,0.019424334886057146,0.0764582978156627,30.868881935381864,0.13349618932119017,212.0631806269961
