PrincipalComponent,coi,c1i,a1i,c2i,a2i
1,0.19799970985521767,0.651592400240033,36.65164701513436,1.4795272115758151,212.08961027949567
2,0.0217004688673246,0.048571753280588464,31.113401297111718,0.14187975384520965,212.4348954929724
