PrincipalComponent,coi,c1i,a1i,c2i,a2i
1,0.2451441709177271,0.6005791079200276,36.21084154274683,1.7083069080425253,211.3066257314955
2,0.022728859533860835,0.012078711208369812,30.82403676534546,0.08375054729226221,212.08679804860526
