PrincipalComponent,coi,c1i,a1i,c2i,a2i
1,0.25741558921948143,0.5742354689328377,31.588163167970897,1.741350935690747,211.04987538527362
2,0.01638291469635035,0.011152323053986826,29.693217231451523,0.037646939878471786,210.84094788220688
