PrincipalComponent,coi,c1i,a1i,c2i,a2i
1,0.25571965878617026,0.5909755813719368,35.29734982579249,1.7304935691338292,211.25951525684386
2,0.01906314554964833,0.013107135345126874,30.602364813389666,0.05847210010549577,211.8356709306705
