PrincipalComponent,coi,c1i,a1i,c2i,a2i
1,0.24260529493742622,0.5401976056994262,29.004256707330647,1.701377817498719,210.44052139533744
2,0.012302154635261233,0.02001663913672772,28.932359344251005,0.014213889497730808,210.0095160745791
