PrincipalComponent,coi,c1i,a1i,c2i,a2i
1,0.22525673892285458,0.5951360923851974,28.978879996020698,1.588330902232298,210.43420629623313
2,0.011936802790202695,0.019489945512131724,28.9066936341597,0.020373405598349607,210.00359434203645
