PrincipalComponent,coi,c1i,a1i,c2i,a2i
1,0.2261541735890703,0.5967375136028666,28.97356051851085,1.5390261211075842,210.45020229948787
2,0.02382363603958826,0.015157654554278005,28.905196444936962,0.039377742966953885,210.00941750054395
