PrincipalComponent,coi,c1i,a1i,c2i,a2i
1,0.8735410846184823,0.6572018500394174,81.98333735825081,0.41246497403940785,225.0293558889575
2,0.22242286433981426,0.3391709723116138,53.431858553735374,0.39054272425518727,227.05597878529625
