PrincipalComponent,coi,c1i,a1i,c2i,a2i
1,0.8778257943070226,0.5333819639545888,73.67909818269585,0.6694287026729272,218.55379019681843
2,0.2601251696372304,0.2862360200668111,46.2952721882997,0.3841200891683035,222.76486131238866
