PrincipalComponent,coi,c1i,a1i,c2i,a2i
1,0.8888008993296569,0.5267333848593245,72.88771517420187,0.7020637985807516,219.33842016477024
2,0.25291972542123947,0.28688227087836804,48.32918034959598,0.3279876434140417,223.18705968400977
