PrincipalComponent,coi,c1i,a1i,c2i,a2i
1,0.8945972514553786,0.5585405586725533,58.34709845594311,0.7860495618290584,217.7798813921271
2,0.19831884835172775,0.19336272567568866,39.12186986215938,0.29799732264585155,219.30615564345172
