PrincipalComponent,coi,c1i,a1i,c2i,a2i
1,0.8084486377925347,0.5388123796490213,54.627311434030716,0.6999023450596736,215.75408379461533
2,0.2181994692737827,0.29926186254578985,37.72400450676378,0.46931165670925346,217.1418667456908
