PrincipalComponent,coi,c1i,a1i,c2i,a2i
1,0.8041749884682048,0.5899559347775734,59.5884877662687,0.5508389262776203,221.51508755822906
2,0.19080135295652023,0.37874887336559404,46.83309030000036,0.3608871921366273,221.2121469613788
