PrincipalComponent,coi,c1i,a1i,c2i,a2i
1,0.879928788831459,0.5378665648342796,73.411422571493,0.670290904430642,218.77891137835007
2,0.2592031982596626,0.28570489620098827,46.37746156224624,0.37232260761931946,222.8777437522552
