PrincipalComponent,coi,c1i,a1i,c2i,a2i
1,0.8921853722146895,0.5272738252085521,62.73224972157182,0.7809665152869477,218.39764210916434
2,0.21556184951225968,0.23484717139545203,42.47325408176431,0.2876503981093529,220.6736417280067
