PrincipalComponent,coi,c1i,a1i,c2i,a2i
1,0.8828714983020169,0.6252552441362054,76.05339612064802,0.48623332128355745,220.8226466822661
2,0.2270904157880836,0.31693718296309376,45.26373999174304,0.4418183052983242,223.73581839247328
