PrincipalComponent,coi,c1i,a1i,c2i,a2i
1,0.8944513096842549,0.5690651902040293,56.04745655606397,0.792900330710341,217.37921209609647
2,0.192759989507219,0.1668616178664213,37.58260971363189,0.3062729710033735,218.57407426357275
