PrincipalComponent,coi,c1i,a1i,c2i,a2i
1,0.8610027488343157,0.5826754764593376,72.17867728513386,0.4462160551707319,224.76310104003588
2,0.2251279960987563,0.34615536018858273,51.140709864858636,0.3531150572616457,224.9393674381374
