PrincipalComponent,coi,c1i,a1i,c2i,a2i
1,0.8976590399542369,0.592440417762701,55.005666142288604,0.7847157421603775,217.24593581931833
2,0.18851191231793896,0.1426028355263633,36.7412939437296,0.31087817367608706,218.26282434050526
