PrincipalComponent,coi,c1i,a1i,c2i,a2i
1,0.8896165765104227,0.5071614792147263,70.65033157038049,0.7439560248611642,219.0753523733415
2,0.2437159866989731,0.28144415136284245,48.12411066072575,0.3022042367166681,222.74941337826394
