PrincipalComponent,coi,c1i,a1i,c2i,a2i
1,0.8709177796666788,0.5289265926070768,73.15739897832054,0.667472385217296,218.06032500868068
2,0.25852952388233513,0.28950893535223066,45.93915131294777,0.40575727369121234,222.320249778755
