PrincipalComponent,coi,c1i,a1i,c2i,a2i
1,0.8926855513443491,0.5157739337785521,67.47417415476465,0.760789181004952,218.9050521254788
2,0.2300225692172013,0.2660567245033471,45.938648294830244,0.286993547959182,222.05959126839036
