PrincipalComponent,coi,c1i,a1i,c2i,a2i
1,0.835428423759591,0.46749641673108305,65.96148786806502,0.7591775073196887,220.94927853039528
2,0.28724883944421314,0.33164567399741357,51.88364678875114,0.411484523621441,221.12681304792213
