PrincipalComponent,coi,c1i,a1i,c2i,a2i
1,0.8283258041885749,0.5312432413903301,69.02902471360103,0.5386755455602035,227.13275121120344
2,0.2546613553678204,0.4048354292785585,57.62076859603834,0.32158421260754383,224.95800132228084
