PrincipalComponent,coi,c1i,a1i,c2i,a2i
1,0.8583140686775452,0.48299114134989896,59.921083015399816,0.8440858803713139,220.59684241383016
2,0.2428968486007863,0.28054841336613573,47.21949287205569,0.29790271860719025,220.74785240925632
