PrincipalComponent,coi,c1i,a1i,c2i,a2i
1,0.8426160340655637,0.47194346772496426,66.89149838646736,0.7598960793377806,221.3609014452894
2,0.2886916932245454,0.3287390690891285,52.04609662611147,0.39071177999549206,221.71962944890873
