PrincipalComponent,coi,c1i,a1i,c2i,a2i
1,0.7446341670322245,0.5199807047453274,47.29838408876866,0.6551061981954833,241.01543820204745
2,0.27498344717764583,0.6415417183691144,96.50436108935246,0.019857084562377038,228.34766506695175
