PrincipalComponent,coi,c1i,a1i,c2i,a2i
1,0.8555678376061049,0.4594951969471875,65.89642062330856,0.8150339212129319,222.55244909465904
2,0.2723490963794656,0.33163608883056483,54.81781243795673,0.30262582162388474,222.61098302488213
