PrincipalComponent,coi,c1i,a1i,c2i,a2i
1,0.8612196696801827,0.5419062941697271,51.796394435522785,0.8570213523430881,217.4377406768927
2,0.21133028987540434,0.18003535146433078,37.69133012572733,0.33626199025700865,217.47833359353743
