PrincipalComponent,coi,c1i,a1i,c2i,a2i
1,0.8209695974804719,0.46050861544988325,61.40781513214856,0.7771192345261837,219.6798916774206
2,0.27603859488440585,0.32796246143535335,48.617644079208574,0.4413363112769648,219.51167608969337
