PrincipalComponent,coi,c1i,a1i,c2i,a2i
1,0.8481519479778612,0.5466038568923804,69.14109818667434,0.6024328808713578,222.2260514811012
2,0.2549447965698222,0.3580404868533746,49.80858367373501,0.4431646015305648,222.23856825616218
