PrincipalComponent,coi,c1i,a1i,c2i,a2i
1,0.7730029961201771,0.49952983740452805,50.45104689228149,0.7662249617395266,217.03604676082148
2,0.24523603132113783,0.33133270883500543,41.34544417886561,0.48716180762865713,216.276424463388
