PrincipalComponent,coi,c1i,a1i,c2i,a2i
1,0.8546534034879835,0.47224126327109456,67.52379686460937,0.7815447648313919,222.5880736963937
2,0.28153881244080664,0.3362149834479653,54.829559476938826,0.32879504373713836,222.76441435532175
