PrincipalComponent,coi,c1i,a1i,c2i,a2i
1,0.8404691553504515,0.5722047231045049,75.79980528787371,0.5398227396417153,227.18046614375007
2,0.24998809783808495,0.4024632565821653,60.14988384870835,0.36019430865228014,226.09822317248782
