PrincipalComponent,coi,c1i,a1i,c2i,a2i
1,0.8589115623318078,0.5196147874242748,53.24517489501046,0.8611753829012067,218.03358164105003
2,0.21650260879633224,0.20802430217635204,39.41351056922102,0.32807184197117134,218.0734023071514
