PrincipalComponent,coi,c1i,a1i,c2i,a2i
1,0.7440832357540116,0.52492283937182,45.594028569964244,0.7068793688333604,235.32311677664913
2,0.2512312268542118,0.6380235840867592,87.41852773316205,0.05491819620225494,226.56812412763793
