PrincipalComponent,coi,c1i,a1i,c2i,a2i
1,0.8600184716155493,0.5093265826616971,55.7957391593021,0.8527926904883635,218.94732897570321
2,0.2234084184610803,0.2370328113099392,41.988776112393005,0.31583365356214355,219.08080426958958
