PrincipalComponent,coi,c1i,a1i,c2i,a2i
1,0.859020142051591,0.47086254053539556,63.67742993914414,0.8268009777050821,221.8680897235835
2,0.25834379219648923,0.3126289931347519,51.85120860006796,0.29333042162870065,222.08431799506852
