PrincipalComponent,coi,c1i,a1i,c2i,a2i
1,0.8451481361748071,0.4771362513317122,67.11743489803376,0.7588387177375806,221.52950391084858
2,0.2876144901376874,0.3294532772235715,52.127202375522366,0.3783329878700177,221.9923119111439
