PrincipalComponent,coi,c1i,a1i,c2i,a2i
1,0.9340861601564835,0.6439725816756849,77.92431859388638,0.6206479371397589,217.23639787458723
2,0.20805944427571585,0.1985513689081436,43.48534108845657,0.2847452834514558,223.6541563463681
