PrincipalComponent,coi,c1i,a1i,c2i,a2i
1,0.8382096187777426,0.6871044242269312,65.77270659342933,0.4381466267540911,220.8479076276171
2,0.17223660435041474,0.3050303697183164,43.622552934625546,0.380108241312572,222.03998460137967
