PrincipalComponent,coi,c1i,a1i,c2i,a2i
1,0.9186566863334588,0.7236443531707172,89.90037705227085,0.4558704810036042,217.10230567389635
2,0.24047012549221772,0.22448771817908772,44.4123247432241,0.3774811053511929,225.81718765532813
