PrincipalComponent,coi,c1i,a1i,c2i,a2i
1,0.9121260768662641,0.730726480126614,90.83815282247483,0.43924170772269633,216.49420878027811
2,0.2392047222495391,0.22968318452880598,44.09494050789988,0.3975607640570571,225.67719934900887
