PrincipalComponent,coi,c1i,a1i,c2i,a2i
1,0.9336217778095806,0.636260362129494,70.68431066761917,0.6639666544214091,217.45609422455018
2,0.19433215268421933,0.16833658286719724,40.74150828521867,0.2821795474560529,222.01477460402415
