PrincipalComponent,coi,c1i,a1i,c2i,a2i
1,0.936574557794319,0.660333950981749,62.61216591844994,0.6943747724845571,217.5849221172726
2,0.17440030976299298,0.107115316166908,37.679942000316736,0.2915471202157752,220.17790039338612
