PrincipalComponent,coi,c1i,a1i,c2i,a2i
1,0.8983414204575013,0.6860982970163373,83.93083535679116,0.4970669474481145,215.88174822797427
2,0.22910940774147187,0.23059648880158043,41.51915251905814,0.4223579476514148,223.75342771278778
