PrincipalComponent,coi,c1i,a1i,c2i,a2i
1,0.9208162862335547,0.7204168822219875,88.74642559303219,0.46598828847430057,217.42726364381664
2,0.23928167438850592,0.22335091328696297,44.53441769217866,0.3659583159243018,225.74656848512234
