PrincipalComponent,coi,c1i,a1i,c2i,a2i
1,0.8888963812086863,0.6305200687474525,71.74130238644256,0.3974182923191976,221.84572918119093
2,0.20001742039920295,0.27031843152900353,44.43138752084571,0.38473859067866595,223.5324650848558
