PrincipalComponent,coi,c1i,a1i,c2i,a2i
1,0.9083171866939801,0.6552282690794634,73.39613156910409,0.4712248537493366,218.17936569823857
2,0.2038199489951627,0.25154099659501494,39.79363481140646,0.44858699544765723,222.2921674442399
