PrincipalComponent,coi,c1i,a1i,c2i,a2i
1,0.9305729878867839,0.6528069120043632,83.26428842454676,0.5827881356137433,216.82354708440735
2,0.22143277971093542,0.21507051918571352,45.2773415892208,0.3007045501469054,224.62386908802694
