PrincipalComponent,coi,c1i,a1i,c2i,a2i
1,0.8960065755177896,0.6472447951392487,74.5304533625688,0.44278652914978056,220.42689094127797
2,0.194306164799506,0.2582499051707127,43.77028622619991,0.42605151824764,223.60803365151668
