PrincipalComponent,coi,c1i,a1i,c2i,a2i
1,0.8295147201473448,0.6464312348169442,62.23713521945536,0.4303223738448222,220.20822151673985
2,0.1928481086266286,0.25424329434375853,40.65399811283456,0.41588369786550927,220.784130130206
