PrincipalComponent,coi,c1i,a1i,c2i,a2i
1,0.9396452975015023,0.6778245132960244,61.215644182756925,0.690790319265388,217.67230480819495
2,0.17080297299347857,0.08589134185961413,37.21939294997778,0.29460258607241974,219.90303593959814
