PrincipalComponent,coi,c1i,a1i,c2i,a2i
1,0.9298489084408782,0.6919471156425284,86.97618460309248,0.5182715708657175,217.4761961076039
2,0.23150766490318808,0.22157712898248877,45.89038025403637,0.3254031811595536,225.53596181223534
