PrincipalComponent,coi,c1i,a1i,c2i,a2i
1,0.8524604104783382,0.6519484585022193,65.98217565560701,0.5660469645857608,215.70059703630577
2,0.20317049790985564,0.2431640483647717,36.958814638052935,0.45401578263178993,219.61888473027975
