PrincipalComponent,coi,c1i,a1i,c2i,a2i
1,0.9364499193919735,0.6561696536259511,65.18726858455722,0.6821318867473615,217.66409533553986
2,0.1791492267456298,0.13005320289935834,38.62885855773395,0.28651100219794073,220.79552906650625
