PrincipalComponent,coi,c1i,a1i,c2i,a2i
1,0.9813417437025526,0.8728057926409416,97.10934410097947,0.33850723854185266,210.6457216565142
2,0.1917574253783231,0.15746851020471309,40.40240015262752,0.33943994290227286,225.7353888291982
