PrincipalComponent,coi,c1i,a1i,c2i,a2i
1,0.9549524228167181,0.6900987402232611,73.10817600283629,0.370988216995627,219.11071177155867
2,0.1538924896051585,0.19587397892264163,40.39322375882049,0.35339024411505743,222.97120952547698
