PrincipalComponent,coi,c1i,a1i,c2i,a2i
1,0.9316223220968302,0.8280360928933022,80.0344622810277,0.4084639307240774,214.08284971534286
2,0.16670839147364797,0.17451445565140578,37.61199614605597,0.38307841793678876,222.70045896361844
