PrincipalComponent,coi,c1i,a1i,c2i,a2i
1,1.0041800655233932,0.9565597485363616,100.0,0.2734976480847581,211.8198053511448
2,0.18039193313596721,0.13598540967071318,42.831810009000485,0.284173265415789,227.03996908566575
