PrincipalComponent,coi,c1i,a1i,c2i,a2i
1,0.975585393066106,0.7538451775469596,78.17234929836073,0.41340741375729606,216.10822788542035
2,0.16393220168120304,0.18036792200469942,38.566195904077205,0.38949332809136417,223.05327343593163
