PrincipalComponent,coi,c1i,a1i,c2i,a2i
1,1.0104703326992275,0.9503357720659537,100.0,0.29527831055825404,211.27668788921395
2,0.16919422429024028,0.12714172633185084,42.91170129621803,0.2623048939596393,227.0210812264435
