PrincipalComponent,coi,c1i,a1i,c2i,a2i
1,1.0476804196011962,1.0643774674976965,93.45505091438314,0.24416438436943652,220.53321599437373
2,0.12420551019856778,0.02630846840335187,44.07121338407949,0.23775809771034467,228.63136899830843
