PrincipalComponent,coi,c1i,a1i,c2i,a2i
1,0.9957953512493966,0.9272388059365839,100.0,0.28754080496661827,212.02658523505897
2,0.18967566951137016,0.15109013612811734,41.96961943609692,0.3086269712823036,226.96710689271103
