PrincipalComponent,coi,c1i,a1i,c2i,a2i
1,1.0449531002294168,1.0878829184587753,96.90562834486613,0.20683393804810446,220.08393290494456
2,0.12768894161951683,0.04156426941819494,44.569035805369765,0.23647911163658558,229.2749532095828
