PrincipalComponent,coi,c1i,a1i,c2i,a2i
1,0.9062716810718904,0.7872870129700794,71.19606698638529,0.36442946897726863,219.12423807721947
2,0.13182747086888547,0.22303141287004544,40.415093868686974,0.3479622775051318,222.58357485262783
