PrincipalComponent,coi,c1i,a1i,c2i,a2i
1,1.021064753760569,0.9962084487216429,100.0,0.2621510564572216,213.57012371257377
2,0.15641791753000364,0.11319998740103367,43.544514804715035,0.24262689259596742,227.85176342509013
