PrincipalComponent,coi,c1i,a1i,c2i,a2i
1,0.991289326196851,0.9084000119794827,99.47734539750722,0.30423707923250126,211.44809083154007
2,0.19183982232242464,0.15261841106051968,41.441583563452056,0.31938720896303896,226.61696763519393
