PrincipalComponent,coi,c1i,a1i,c2i,a2i
1,0.899935244073419,0.709789191099472,65.35872124823436,0.3946060731360133,218.74643076364634
2,0.14909880719301113,0.1846633983088013,38.40039361926346,0.3759910854283516,221.06079548954935
