PrincipalComponent,coi,c1i,a1i,c2i,a2i
1,0.9693246633856771,0.8479095113324515,93.27797294953776,0.370243769845972,211.0083327094771
2,0.18484983642824548,0.16101880478314987,39.34392517341624,0.3587912092358069,224.86369588185735
