PrincipalComponent,coi,c1i,a1i,c2i,a2i
1,0.9583908829554848,0.7226614929651097,76.35449318292073,0.407743901140572,217.84929337760278
2,0.15305485894299414,0.18026871307292996,40.26793459915695,0.3867899167308226,223.32919570805342
