PrincipalComponent,coi,c1i,a1i,c2i,a2i
1,0.9706618431973262,0.7928962777595363,69.8446892305463,0.34247539732689825,218.8749457169955
2,0.11304396210631608,0.14685446469183805,38.87595792371919,0.32568412580466755,222.28735516060573
