PrincipalComponent,coi,c1i,a1i,c2i,a2i
1,1.0899562968875822,1.1213273529313597,100.0,0.18540070678610446,211.38398770438815
2,0.10894187531389705,0.06338776296151696,42.62519781697689,0.1957895614810939,227.43526058532177
