PrincipalComponent,coi,c1i,a1i,c2i,a2i
1,1.1167980196982799,1.2257056450277324,100.0,0.10544264541789634,218.46372955852175
2,0.07976507401482452,0.006592555371578453,44.99702379187576,0.17579983465321242,229.73531719409434
