PrincipalComponent,coi,c1i,a1i,c2i,a2i
1,1.055829009318336,1.040298048041651,100.0,0.22814005940201373,209.39479878535215
2,0.14947515806189723,0.10428154774963451,41.184156548716935,0.2615963188908862,226.59592523736399
