PrincipalComponent,coi,c1i,a1i,c2i,a2i
1,1.080010828202481,1.079790594151453,100.0,0.21680142927769921,209.23290814057128
2,0.12093230953155469,0.07659079510287889,41.91919275120784,0.2131877863679047,226.73135899889536
