PrincipalComponent,coi,c1i,a1i,c2i,a2i
1,1.1105888325520228,1.217809619469289,100.0,0.11086171766732289,217.5445864443759
2,0.0835646809821734,0.013273008673354392,44.691674662173135,0.1797004618603721,229.416005813025
