PrincipalComponent,coi,c1i,a1i,c2i,a2i
1,1.0238594059623547,0.7788050093213822,77.32277336089044,0.3158603591977832,218.68875176595247
2,0.11518087841175204,0.1598873254650389,40.34776482169784,0.3024539295075873,223.977756033537
