PrincipalComponent,coi,c1i,a1i,c2i,a2i
1,1.06117651291305,1.0552755744754632,100.0,0.21559535934932,209.99184588566342
2,0.14587043252091003,0.10154775547123257,41.50231144120065,0.25282918546329003,226.79500898732337
