PrincipalComponent,coi,c1i,a1i,c2i,a2i
1,1.0252943307803415,0.8286847180363992,81.35831167197162,0.34084920292985305,217.3452031693154
2,0.11660356990183596,0.14399146420744627,40.61815525976459,0.3274862154919301,224.56212010385212
