PrincipalComponent,coi,c1i,a1i,c2i,a2i
1,1.1070374580363145,1.213340429667955,100.0,0.11269997610200273,216.73127388404808
2,0.08764724027061323,0.0232228503042459,44.385292197262906,0.1806553926266008,229.13191172513575
