PrincipalComponent,coi,c1i,a1i,c2i,a2i
1,1.0467812004861294,1.017027671879871,100.0,0.24687331038818466,208.61836276385048
2,0.1514886857538143,0.11504328758394838,40.76005043690486,0.27463938773517776,226.31442563961758
