PrincipalComponent,coi,c1i,a1i,c2i,a2i
1,1.0461020381886876,0.8742410279438341,83.9687110093916,0.3351331557644882,215.58825295064682
2,0.12605343766593355,0.1437975192228298,39.69617139977099,0.3229150206926543,224.5586345792237
