PrincipalComponent,coi,c1i,a1i,c2i,a2i
1,1.09737349931378,1.1680050839196028,100.0,0.1466984338996325,214.0619027813205
2,0.09906743155789204,0.04298141034526448,43.55663901019462,0.1874757220778123,228.2867683934307
