PrincipalComponent,coi,c1i,a1i,c2i,a2i
1,0.9731944711416334,0.8800242605034538,75.08335603174382,0.3095359606457763,218.84500291366018
2,0.09776036486772728,0.180096817359474,40.243116098744565,0.29725219278013426,223.51107156664375
