PrincipalComponent,coi,c1i,a1i,c2i,a2i
1,1.0732628907074317,1.0837595850537425,100.0,0.19997975561610035,209.7584084512888
2,0.13300136039451538,0.08511883166283098,41.910214891219084,0.23279525859562253,226.79961591958886
