PrincipalComponent,coi,c1i,a1i,c2i,a2i
1,0.9981326526919567,0.9640088770065572,86.19437271518373,0.3192514396479726,213.5149731325087
2,0.13561429025018215,0.13455258577812088,39.356120913917266,0.3107920781434757,224.40775570684198
