PrincipalComponent,coi,c1i,a1i,c2i,a2i
1,1.0376357546414023,1.0020651452345357,99.11495079060008,0.26387473212321216,209.11128171183998
2,0.14687973269286456,0.12482255884706053,40.47778241682658,0.28607964993280355,226.18801549543008
