PrincipalComponent,coi,c1i,a1i,c2i,a2i
1,1.104060173872669,1.1825452859098298,100.0,0.14745396925126836,208.00876659589528
2,0.11095122169656568,0.07631772287506014,41.48807071145658,0.20315227499727498,226.3237114185845
