PrincipalComponent,coi,c1i,a1i,c2i,a2i
1,1.0250465717876,0.9865959802724907,79.126228316852,0.24466947498491917,219.1595789449519
2,0.06836354890464523,0.16039167183569106,41.09313974730639,0.24175818564330426,224.64540224579994
