PrincipalComponent,coi,c1i,a1i,c2i,a2i
1,1.1434883636532616,1.268174227308634,100.0,0.09701499116625383,212.25004005485633
2,0.06326729714081124,0.02876688642294871,43.19953144367886,0.1305179906559218,227.7481428022814
