PrincipalComponent,coi,c1i,a1i,c2i,a2i
1,1.0835913206305652,1.1504389947557807,100.0,0.1760088420838968,207.9878648055803
2,0.11227728089418193,0.09871279967335203,41.30142255116563,0.22463149468048532,226.25327017520232
