PrincipalComponent,coi,c1i,a1i,c2i,a2i
1,1.0255196518912708,0.885578925447372,74.06788186214584,0.285290259959642,219.34399615234884
2,0.0810266255215199,0.1307466852827248,39.858743255072746,0.2741404677181783,223.5176056302298
