PrincipalComponent,coi,c1i,a1i,c2i,a2i
1,1.109992890082931,1.195876734244818,100.0,0.13610472775950405,208.57700671441538
2,0.10680293975165867,0.07356885821625653,41.699821631290334,0.1950771311606356,226.49973649831443
