PrincipalComponent,coi,c1i,a1i,c2i,a2i
1,1.0996291298909753,1.01281018829258,90.03226764136713,0.2410610380311435,215.17231706918582
2,0.09339419816172903,0.1329141507518706,41.279064773253275,0.25215997975365817,225.98391021222372
