PrincipalComponent,coi,c1i,a1i,c2i,a2i
1,1.1501751750754214,1.3116230338593873,100.0,0.06200465390141834,215.30389110882143
2,0.052197295393452664,0.005173051698699597,44.13501407732961,0.12412162720041538,228.69771192233867
