PrincipalComponent,coi,c1i,a1i,c2i,a2i
1,1.1259983654676395,1.1959939628368277,100.0,0.14779053035515502,208.35125754800555
2,0.09180327803991141,0.06441624653819152,41.978267630489675,0.17080074064213394,226.4797080425235
