PrincipalComponent,coi,c1i,a1i,c2i,a2i
1,1.1532770471890739,1.323482561846821,100.0,0.05054339634951296,216.0110942889273
2,0.0497815676766271,6.808902475725719e-20,44.34216953879526,0.1214276935573499,228.92874161102472
