PrincipalComponent,coi,c1i,a1i,c2i,a2i
1,1.1313196192617034,1.1895619947022216,100.0,0.16453666681466164,207.75280461370974
2,0.08124718357951967,0.05685790773919791,41.86319281576029,0.1530358821295646,226.35220283380616
