PrincipalComponent,coi,c1i,a1i,c2i,a2i
1,1.0790015503688124,0.8805753502215347,81.76925032239954,0.2505833858002323,218.8046987738543
2,0.08015061030157959,0.14763907344119281,41.26979974966712,0.24720080020743004,225.17682085468576
