PrincipalComponent,coi,c1i,a1i,c2i,a2i
1,1.148653525917409,1.3098782498956056,100.0,0.06290514188751874,214.63258988511313
2,0.05474013579060588,0.012875511503629318,43.9086972016328,0.12511525953618402,228.472375086671
