PrincipalComponent,coi,c1i,a1i,c2i,a2i
1,1.051883325377685,1.1178579114100957,92.25438379774464,0.21436780942946412,213.25669357461405
2,0.1049331884159093,0.11938030628068777,41.33330640415892,0.2365903758432982,225.92658024089283
