PrincipalComponent,coi,c1i,a1i,c2i,a2i
1,1.0934764282503786,1.1602808022106141,100.0,0.1654892357831677,207.36553854337606
2,0.11507983743037814,0.08631555273684768,41.287979281456316,0.21599073275750774,226.0978715338867
