PrincipalComponent,coi,c1i,a1i,c2i,a2i
1,1.1555474112903374,1.284953603457334,100.0,0.1301311373808498,207.27165238324673
2,0.057134713841761185,0.038145376106108304,41.94117267408041,0.10955970077805567,226.2249994452955
