PrincipalComponent,coi,c1i,a1i,c2i,a2i
1,1.152288361656653,1.2940810009388193,100.0,0.11350467412217355,207.87153365003493
2,0.06650984464932973,0.043190823115884173,42.03870160679034,0.1261210516464329,226.3741410126937
