PrincipalComponent,coi,c1i,a1i,c2i,a2i
1,1.1262877626653585,1.1417792747074904,93.7723848295484,0.16665095882727682,214.87721832624922
2,0.07143895016454488,0.11769043710421974,42.24531086489177,0.20146792334699432,226.83697824226417
