PrincipalComponent,coi,c1i,a1i,c2i,a2i
1,1.1065420152171912,1.0617484612287975,89.63973882705366,0.20140803288479847,217.1408614752944
2,0.059208047427641165,0.1159546524826257,42.41960756321548,0.2198463850687471,226.61372774883057
