PrincipalComponent,coi,c1i,a1i,c2i,a2i
1,1.0517562402216372,0.9740707425903755,76.30441343811506,0.24612215773475057,219.61347442616153
2,0.06015436506589656,0.10930977671605537,40.427253544199196,0.24030158910434993,224.1782736337083
