PrincipalComponent,coi,c1i,a1i,c2i,a2i
1,1.1319872144574996,1.2880851144349448,100.0,0.10902835355778767,207.5455218276984
2,0.08331068516648343,0.053636624337195,41.75080217647891,0.15616974840012196,226.22764431262496
