PrincipalComponent,coi,c1i,a1i,c2i,a2i
1,1.165484790030555,1.3827848252548582,100.0,0.040763245802412466,213.38460051320604
2,0.03592396168420782,0.006098011102268371,43.661739925161804,0.08382560221226934,228.07790999804868
