PrincipalComponent,coi,c1i,a1i,c2i,a2i
1,1.049920635727074,1.084543202033182,81.03333517510758,0.20115796292580895,219.31780626311618
2,0.0483128032166485,0.1355132157515601,41.42432202084632,0.20592026670573838,225.1817390344731
