PrincipalComponent,coi,c1i,a1i,c2i,a2i
1,1.118516924105679,1.2857588056086506,100.0,0.10711788747281575,206.97375185641008
2,0.08864162619994014,0.05931417145725718,41.49650325512205,0.17253333590923733,226.05408140652042
