PrincipalComponent,coi,c1i,a1i,c2i,a2i
1,1.1379381234833366,1.2983958299289502,100.0,0.10014823870298399,208.07886162207393
2,0.07924321114089314,0.051743371902489725,41.910229435465325,0.1480366372357675,226.39091866429092
