PrincipalComponent,coi,c1i,a1i,c2i,a2i
1,1.104229394110089,0.9745844149618749,83.64080857031529,0.20765873457647424,218.96985235606826
2,0.05871907473256165,0.1263442192275649,41.67354640265284,0.2125415920084171,225.71374431077683
