PrincipalComponent,coi,c1i,a1i,c2i,a2i
1,1.1609527472531347,1.3176216916835306,100.0,0.10057916729547499,209.08100487537524
2,0.048883812827622504,0.029221599497948857,42.451934510189275,0.09645862340623855,226.77663263779442
