PrincipalComponent,coi,c1i,a1i,c2i,a2i
1,1.1657957721445091,1.3793439695280993,100.0,0.04380504239034809,213.8776733443168
2,0.034368893673033064,0.0013485890429189543,43.78460610827042,0.08158197318338749,228.22892511654354
