PrincipalComponent,coi,c1i,a1i,c2i,a2i
1,1.1065313972145723,1.2810717859424194,100.0,0.11273576123186249,207.49816017668724
2,0.0876706065022621,0.07027960821142826,41.567066877408635,0.18163002632342906,226.17799598031033
