PrincipalComponent,coi,c1i,a1i,c2i,a2i
1,1.0818792007111586,1.2584321195949166,95.95273482434185,0.13178726970903695,212.8140731036705
2,0.08041477898711473,0.10150990123539552,42.304450686704875,0.18347331523343316,226.7498344197361
