PrincipalComponent,coi,c1i,a1i,c2i,a2i
1,1.1677308447995285,1.3864453745367162,100.0,0.03582438854024534,214.52605494745822
2,0.0319601404349183,1.2852001923447343e-19,43.92484535171219,0.07777914715806555,228.42951403659617
