PrincipalComponent,coi,c1i,a1i,c2i,a2i
1,1.0892856689770118,1.2004656379012988,83.76023639728736,0.15047132438823885,219.03139638366557
2,0.028156548354384744,0.11039618910847619,41.83144105505817,0.1665721054662285,225.76060153436572
