PrincipalComponent,coi,c1i,a1i,c2i,a2i
1,1.17115930132785,1.3031166457008592,98.18342203488277,0.07558363793973794,213.46846065479747
2,0.04507912824581201,0.09859980649335305,42.991217409484086,0.14624024281792153,227.5097936855387
