PrincipalComponent,coi,c1i,a1i,c2i,a2i
1,1.163440107892771,1.388012319058779,100.0,0.08862337914622472,204.98382468734428
2,0.058042490924416656,0.03537666198799942,41.27932817570656,0.12123413359402842,225.491181040457
