PrincipalComponent,coi,c1i,a1i,c2i,a2i
1,1.17566957748405,1.3896581089991267,100.0,0.08875483917635517,205.47531592125173
2,0.05386691689395172,0.030260162310786647,41.44581087458784,0.10681048279907511,225.63949379426228
