PrincipalComponent,coi,c1i,a1i,c2i,a2i
1,1.19132486767248,1.389225759092823,100.0,0.09392792412293084,205.73657837835628
2,0.04063022465301431,0.024045996184735737,41.60767374670504,0.07998580709991747,225.73393520105918
