PrincipalComponent,coi,c1i,a1i,c2i,a2i
1,1.1913241426424952,1.436084074909239,100.0,0.04191109361803584,211.89932886341387
2,0.019260604229163435,0.003122335479179453,43.148165273175124,0.03610522322958566,227.56488263696284
