PrincipalComponent,coi,c1i,a1i,c2i,a2i
1,1.1913981122148531,1.3755314410269468,100.0,0.11107414694613313,205.0384434771482
2,0.03453243531950875,0.020819893049537692,41.45401279223251,0.0661697149299715,225.54680581505548
