PrincipalComponent,coi,c1i,a1i,c2i,a2i
1,1.1932795876046618,1.4022486648734258,100.0,0.08302861764080455,206.96129218199565
2,0.029080043539010704,0.01542061385923664,41.93621452961008,0.055280789506115126,226.11263657381508
