PrincipalComponent,coi,c1i,a1i,c2i,a2i
1,1.1927418622908343,1.424742622629203,100.0,0.05697299743477622,208.984085919314
2,0.024746455701067184,0.008465731724964084,42.44635362308115,0.04912767968707876,226.71067985221742
