PrincipalComponent,coi,c1i,a1i,c2i,a2i
1,1.130036099159669,1.4299229744754094,100.0,0.0334804963042966,210.67632174453996
2,0.0497654050878414,0.08108147269330937,42.751595350245594,0.12720125729764845,227.13270820335634
