PrincipalComponent,coi,c1i,a1i,c2i,a2i
1,1.1442505075851073,1.2013490974177485,93.54805094823784,0.12794529680676428,216.26946728103877
2,0.038956178356389703,0.09821918490780894,43.02361379173276,0.17040252905022324,227.30106225145101
