PrincipalComponent,coi,c1i,a1i,c2i,a2i
1,1.1913816290729855,1.4454092778230478,100.0,0.03706092916620256,210.93833026650265
2,0.020629608559113846,0.0046804297167252545,42.92557207694559,0.04223413524629849,227.28792646538528
