PrincipalComponent,coi,c1i,a1i,c2i,a2i
1,1.1904395651514703,1.4351120956392966,100.0,0.0455588082992013,211.2046031971047
2,0.01971600580224976,0.0032468860575182047,42.976104882606776,0.03946027371098824,227.3615474160778
