PrincipalComponent,coi,c1i,a1i,c2i,a2i
1,1.1467891573798512,1.089059016843949,86.37727004012457,0.15727418951147037,218.65004038886823
2,0.03434111678608722,0.10269654707922765,42.17364649398545,0.17435140758568185,226.30073737163858
