PrincipalComponent,coi,c1i,a1i,c2i,a2i
1,1.093216526216693,1.0826548221259895,79.71332636003139,0.1976069464384263,219.4882375227532
2,0.03731534100699158,0.0904284242592298,41.0931808901239,0.20052135126987639,224.97229320659903
