PrincipalComponent,coi,c1i,a1i,c2i,a2i
1,1.1805440088900372,1.4000320684045027,100.0,0.0787195219708987,206.0529193033706
2,0.050675813816229695,0.02868037524167938,41.61075698454562,0.09976877985148029,225.81168718108296
