PrincipalComponent,coi,c1i,a1i,c2i,a2i
1,1.106202733595758,1.1163994143902183,80.7446053177307,0.1845200998767197,219.42050797735675
2,0.0331446900478329,0.08342909326641279,41.2581847318483,0.19058209659624337,225.19879846751783
