PrincipalComponent,coi,c1i,a1i,c2i,a2i
1,1.2035804967319053,1.4089745595716419,100.0,0.09819178147349564,204.97639694974637
2,0.03580218735229586,0.019647249355765863,41.39947360595667,0.06772696663715154,225.4909576594126
