PrincipalComponent,coi,c1i,a1i,c2i,a2i
1,1.1941686169401957,1.420386378088943,100.0,0.08378759277165679,205.24794074721112
2,0.04449296274504068,0.0236993017715554,41.450437318226264,0.08669801938767364,225.56283129304998
