PrincipalComponent,coi,c1i,a1i,c2i,a2i
1,1.1893974714833833,1.4105561193453582,100.0,0.09409486907340936,204.6535640288408
2,0.04725627323456489,0.025243521042231477,41.26104873926988,0.09343371835672208,225.3868928670135
