PrincipalComponent,coi,c1i,a1i,c2i,a2i
1,1.1996278317324345,1.4437148823421813,100.0,0.052224164411666045,211.08417844740552
2,0.017212862783019225,0.005384137018030036,42.900946018124216,0.025853915570148493,227.29829181573336
