PrincipalComponent,coi,c1i,a1i,c2i,a2i
1,1.202363475950849,1.4388134777185284,100.0,0.06313928100801969,208.2745668166333
2,0.022067631544437152,0.006895252332826033,42.22670532228782,0.03916892196041218,226.48319042066214
