PrincipalComponent,coi,c1i,a1i,c2i,a2i
1,1.1565546991035294,1.2452754060932034,94.81184968178141,0.10605650733434288,215.97509602581718
2,0.03507597340299967,0.09231155568502335,43.205073284432764,0.15741277745323434,227.51457652335
