PrincipalComponent,coi,c1i,a1i,c2i,a2i
1,1.1853879543572043,1.3536516992812886,99.45983504604432,0.04904261355465814,212.96803981083482
2,0.03956611934957282,0.0911345305206232,43.121395543059926,0.1322337137245706,227.66255537473364
