PrincipalComponent,coi,c1i,a1i,c2i,a2i
1,1.1010813837783333,1.2360130779651664,84.67768400520895,0.13658048572264947,218.91529834151436
2,0.02527919319528268,0.10236022740436247,41.952377052318816,0.15679175752269883,225.94010589031117
