PrincipalComponent,coi,c1i,a1i,c2i,a2i
1,1.1593323046199302,1.124164260314774,87.20972312390269,0.14389233853239744,218.50719802948888
2,0.03023515086265467,0.09461973339166808,42.26838347355343,0.16509615997653673,226.45319869899112
