PrincipalComponent,coi,c1i,a1i,c2i,a2i
1,1.2028059047089472,1.3933982593148997,100.0,0.11603153318782086,204.30038971309133
2,0.03040450791681852,0.01705463492332699,41.256556721245836,0.05497652222902478,225.31637956853658
