PrincipalComponent,coi,c1i,a1i,c2i,a2i
1,1.1620153285444048,1.4321377195773388,100.0,0.07310604891053003,204.50112400839237
2,0.05182294810775324,0.03482716105925,41.187883566867285,0.1199479016406384,225.3420598064037
