PrincipalComponent,coi,c1i,a1i,c2i,a2i
1,1.1411604464954932,1.473631995015046,100.0,0.017184204641720626,210.0331291398555
2,0.04462909966770605,0.06981370268146339,42.60083222546198,0.11683290167400237,226.93184904325636
