PrincipalComponent,coi,c1i,a1i,c2i,a2i
1,1.2037020760702828,1.4189142738745393,100.0,0.08777204174727546,206.1865453657157
2,0.02569369111857772,0.012675910150202226,41.72484170540389,0.04474180245623377,225.86267579644553
