PrincipalComponent,coi,c1i,a1i,c2i,a2i
1,1.199163026915099,1.4436941387650009,100.0,0.05548349749645658,210.46483411452667
2,0.01780029158090453,0.004353034382228279,42.744716310183705,0.029236078576770193,227.11416245131483
