PrincipalComponent,coi,c1i,a1i,c2i,a2i
1,1.2002068513413242,1.456596904962043,100.0,0.044821936755635186,210.22576721371098
2,0.01867273116627696,0.00456036607356613,42.685989227385726,0.032438427937529116,227.04472962217733
