PrincipalComponent,coi,c1i,a1i,c2i,a2i
1,1.177736529312614,1.4097059077141434,100.0,0.0937041842751583,204.0504281290153
2,0.051262753329568284,0.029898808069236938,41.095355618457944,0.10696271580516375,225.21436523857773
