PrincipalComponent,coi,c1i,a1i,c2i,a2i
1,1.1708584429314675,1.334425412594097,97.38563207087314,0.058388780230892424,215.22288972870933
2,0.027355510754411057,0.08441470308234188,43.54202361210525,0.13031481916132384,227.8828295863226
