PrincipalComponent,coi,c1i,a1i,c2i,a2i
1,1.2054620190761414,1.4829506487227184,100.0,0.049873497695770194,208.8094338515163
2,0.01611814751033084,0.006691648223529436,42.25387189725794,0.01726821516972131,226.58851883461986
