PrincipalComponent,coi,c1i,a1i,c2i,a2i
1,1.1733901748169415,1.1945112202197534,89.30146959114104,0.1119387394988792,218.15389745850584
2,0.02329115557462529,0.0855886033729499,42.60633158481734,0.14377200816071004,226.83747716227074
