PrincipalComponent,coi,c1i,a1i,c2i,a2i
1,1.2075158296208688,1.461674871415886,100.0,0.0880079557177376,203.81741333872725
2,0.03563161057875177,0.016604001532104905,41.12461242434541,0.06334589654725187,225.11888101443108
