PrincipalComponent,coi,c1i,a1i,c2i,a2i
1,1.1774724030168306,1.4744023874258978,100.0,0.08106144004680443,202.75482916576294
2,0.04095717071370614,0.026552424177503198,40.841724975485356,0.09287405397930674,224.82301668041225
