PrincipalComponent,coi,c1i,a1i,c2i,a2i
1,1.2038966399344586,1.4661078214713417,100.0,0.05925591204642119,209.79296661070606
2,0.015442185811354002,0.009518693675838581,42.566554341799986,0.011348632968856964,226.8841665207834
