PrincipalComponent,coi,c1i,a1i,c2i,a2i
1,1.1960672950547033,1.4400497348611967,100.0,0.012483728910531122,211.80352690345183
2,0.03160631045647832,0.07461028955366182,43.01702084357617,0.10987458339454403,227.4317455993424
