PrincipalComponent,coi,c1i,a1i,c2i,a2i
1,1.20392398544974,1.4678571988042597,100.0,0.06172217075515781,209.1962762890616
2,0.015439672864247751,0.0078077891126366135,42.416303182360686,0.014228793405877934,226.70920025725673
