PrincipalComponent,coi,c1i,a1i,c2i,a2i
1,1.2036611028355488,1.451945801827109,100.0,0.09885223232339958,203.19154855501003
2,0.037513153657587076,0.0182942512520569,40.94098211278511,0.06897434310605072,224.94258217216492
