PrincipalComponent,coi,c1i,a1i,c2i,a2i
1,1.2087760854248104,1.4706097887464313,100.0,0.06524849807061456,207.0702914887972
2,0.019159016508511546,0.00567706464579268,41.863699341890104,0.023453892251411312,226.08782666667963
