PrincipalComponent,coi,c1i,a1i,c2i,a2i
1,1.1141494487133754,1.3072430836340083,86.80602891400085,0.10391702092608926,218.62183149838611
2,0.019758631614377256,0.09339634922100938,42.29158098618917,0.1343814072536307,226.35016994021748
