PrincipalComponent,coi,c1i,a1i,c2i,a2i
1,1.1532958701146576,1.5419885569009053,100.0,1.4192637553834533e-17,208.4873666179593
2,0.040580689384826986,0.04031907885057171,42.278531119187505,0.10806843877557604,226.47266875475012
