PrincipalComponent,coi,c1i,a1i,c2i,a2i
1,1.1213925412863879,1.1860008338685069,83.14721511190726,0.1533273385993576,219.22501312589696
2,0.025596772246758888,0.07493598465952571,41.7103948143227,0.16759458392378168,225.70083800268088
