PrincipalComponent,coi,c1i,a1i,c2i,a2i
1,1.1929504469805519,1.4510072666610339,100.0,0.1007922832179209,202.41192628892153
2,0.04056260894984753,0.022459354911319448,40.77348339714428,0.08086635643553013,224.7189117833241
