PrincipalComponent,coi,c1i,a1i,c2i,a2i
1,1.2147649799686022,1.447795035172055,100.0,0.10164363616681796,203.62875383188802
2,0.028532308953670073,0.014253144045208718,41.06767233952046,0.04686132384142752,225.08171061557542
