PrincipalComponent,coi,c1i,a1i,c2i,a2i
1,1.2124326044371516,1.4300021244998584,100.0,0.11896859090232598,202.949594420707
2,0.024665063079949725,0.012835648172522422,40.9025396240255,0.035759927499469726,224.88528798274973
