PrincipalComponent,coi,c1i,a1i,c2i,a2i
1,1.211537655993038,1.4542930872402233,100.0,0.08899194616555142,205.00522334645296
2,0.02160337209886496,0.009469852792309904,41.36675626666354,0.027814621874584878,225.48262792720723
