PrincipalComponent,coi,c1i,a1i,c2i,a2i
1,1.2281906761742776,1.4969332209111879,100.0,0.1065413313063687,201.53695424813418
2,0.01863443956202234,0.010405782797673431,40.5149710795835,0.0031186644006420926,224.43096292353462
