PrincipalComponent,coi,c1i,a1i,c2i,a2i
1,1.2195080638448932,1.4819805595445417,100.0,0.10707482402978925,203.1790946569633
2,0.01834864900948355,0.016990165815883623,40.82490142257592,0.0,224.90050280420056
