PrincipalComponent,coi,c1i,a1i,c2i,a2i
1,1.2270552804790575,1.5728450386724027,100.0,0.0,206.39025733991463
2,0.0257822695992033,0.018087988899002216,41.694606211198284,0.08667223302109624,225.79799971964664
