PrincipalComponent,coi,c1i,a1i,c2i,a2i
1,1.2188159245911498,1.4763475409463593,100.0,0.10570342502799238,204.13529678784585
2,0.019304905007794464,0.019307861394411926,41.16870110862161,0.0,225.2018946132639
