PrincipalComponent,coi,c1i,a1i,c2i,a2i
1,1.238459594244023,1.4645438068913754,100.0,0.16524994411493102,196.86015450356973
2,0.019001289441796323,0.010015015602628177,39.28802129723432,0.0068167557012148005,223.0436226154227
