PrincipalComponent,coi,c1i,a1i,c2i,a2i
1,1.1539405828763762,1.4805715760013205,92.88906101616762,0.01812228235273885,216.56835423109317
2,0.009363169059042121,0.07689717768913415,42.90656424477116,0.08465335479645822,227.12435036772413
