PrincipalComponent,coi,c1i,a1i,c2i,a2i
1,1.2339373871091335,1.4860183183794509,100.0,0.13099012904162574,199.38407435811217
2,0.01892377929580918,0.009849668796016937,39.96783287807278,0.004095256107731412,223.79253479313522
