PrincipalComponent,coi,c1i,a1i,c2i,a2i
1,1.2322300467935823,1.4891640078195125,100.0,0.16775866912872228,194.90204960863008
2,0.02295002472518926,0.014325821874492087,38.84790754291274,0.030425589492878078,222.4778936382468
