PrincipalComponent,coi,c1i,a1i,c2i,a2i
1,1.2443124665067964,1.4846338332763807,100.0,0.15241249537176094,197.40829274057236
2,0.019849680568363847,0.009961466453479638,39.3962933835683,0.011685724040900118,223.19341515729198
