PrincipalComponent,coi,c1i,a1i,c2i,a2i
1,1.242329998191715,1.5000678164424184,100.0,0.1460021367890248,197.19137227122337
2,0.021970450273431093,0.01055032947657479,39.356812629563784,0.020611918392427996,223.12423160770766
