PrincipalComponent,coi,c1i,a1i,c2i,a2i
1,1.1629557005035864,1.3424646145645576,89.44391276450057,0.07949963778967142,217.61888290114956
2,0.013191571206873453,0.06157530513128902,42.50621468080376,0.12095786626434148,226.66223000415778
