PrincipalComponent,coi,c1i,a1i,c2i,a2i
1,1.2400376322538236,1.489869094976012,100.0,0.160298296286932,196.22319288299033
2,0.022817879320786445,0.011004469031570105,39.13409880259322,0.02387712517339404,222.85040155410715
