PrincipalComponent,coi,c1i,a1i,c2i,a2i
1,1.2217899380375263,1.504012641916844,100.0,0.09051756438952596,203.68283740427333
2,0.01780407591630224,0.015258833883708686,40.98298173764701,0.0007104902607003495,225.04461220945663
