PrincipalComponent,coi,c1i,a1i,c2i,a2i
1,1.185447221516737,1.6583865380343539,100.0,0.0,201.6282124891317
2,0.024360952550821303,0.016266363587129812,40.5704847242005,0.05920721853361481,224.4285727473252
