PrincipalComponent,coi,c1i,a1i,c2i,a2i
1,1.2181866077887369,1.5159606306964173,100.0,0.14967136676330284,195.06476880518812
2,0.022260287493564186,0.016564763081226085,38.913026872173745,0.03864638454761035,222.53108336970388
