PrincipalComponent,coi,c1i,a1i,c2i,a2i
1,1.2015534626442128,1.5022811803422214,100.0,1.4451803092057503e-17,211.02160777702716
2,0.024765472316222514,0.03373725962637064,42.96021401699773,0.10423453673766321,227.20727693201988
