PrincipalComponent,coi,c1i,a1i,c2i,a2i
1,1.209855418307075,1.3588527644086963,94.94680707158636,0.03440698186631369,216.08127037280437
2,0.014451836399833547,0.06725878982193195,43.163598991479745,0.10060843810144071,227.5097344653312
