PrincipalComponent,coi,c1i,a1i,c2i,a2i
1,1.2176858947225615,1.5149227579387718,99.99999999999999,0.102679881120652,201.3767249091374
2,0.024610043877845524,0.03417090750667501,40.67001702317122,1.7589605389198437e-18,224.4068537589781
