PrincipalComponent,coi,c1i,a1i,c2i,a2i
1,1.2169372000967376,1.5044003263019379,100.0,0.10443823300201331,201.86157525659928
2,0.024896194136073583,0.03936057700102497,40.84379592805964,9.249178512825721e-19,224.5506358214853
