PrincipalComponent,coi,c1i,a1i,c2i,a2i
1,1.2218919977228844,1.4670721237082915,96.07943526530559,0.0,215.18835078256083
2,0.015136675363414256,0.044351373435062555,43.12737979930414,0.08163665264621536,227.48665798225645
