PrincipalComponent,coi,c1i,a1i,c2i,a2i
1,1.2157887203827042,1.5877919751141016,100.0,0.0,209.9241457223336
2,0.026253433014744185,0.002413175829799558,42.63264818511293,0.08523715342848792,226.8371212798271
