PrincipalComponent,coi,c1i,a1i,c2i,a2i
1,1.2344056953226237,1.5415442900688991,100.0,0.11458757479519363,197.78113007127047
2,0.024710965475215323,0.014853887890426607,39.52035378915572,0.00231703525571032,223.2937773123772
