PrincipalComponent,coi,c1i,a1i,c2i,a2i
1,1.2424013900394681,1.5610166011300395,100.0,0.1592370492105427,193.27340032134012
2,0.020147470078557207,0.010387391674481394,38.25928556996548,0.010109850077713398,221.93580364663066
