PrincipalComponent,coi,c1i,a1i,c2i,a2i
1,1.2276606717614904,1.544484549872421,100.0,0.09351721888546986,199.7066573086658
2,0.024656194683593396,0.019390038963026133,40.045269075390316,0.0034502102940918884,223.86905786697486
