PrincipalComponent,coi,c1i,a1i,c2i,a2i
1,1.2420210844390422,1.6546092490518844,100.0,2.7473371563948076e-18,205.06170569237622
2,0.0210306912170968,0.004757096601995121,41.26542786157883,0.054014097173988085,225.3498171486266
