PrincipalComponent,coi,c1i,a1i,c2i,a2i
1,1.2007809002243128,1.7321350195781313,100.0,8.313409529299411e-18,200.27391746041494
2,0.018471813370948206,0.00778457790100885,40.09850721201721,0.03133283930400705,223.97726261012113
