PrincipalComponent,coi,c1i,a1i,c2i,a2i
1,1.2203427632259751,1.5412307407285215,100.0,0.08331675790975386,201.49306947037428
2,0.024385131763007516,0.02924046158147342,40.594692690097524,0.0017109773727361282,224.40629635729547
