PrincipalComponent,coi,c1i,a1i,c2i,a2i
1,1.1651609796506393,1.5784689120526885,93.38343684214767,1.9020757289097453e-16,215.51549601415522
2,0.014272994807532349,0.03969581801084215,42.6989192877867,0.07617305414379112,226.88120416562396
