PrincipalComponent,coi,c1i,a1i,c2i,a2i
1,1.2485460431789972,1.5507147947586872,100.0,0.13561466971800695,196.2040534253839
2,0.02230189505657893,0.010115939068553391,39.05822328085594,0.002874776228699271,222.79693972767421
