PrincipalComponent,coi,c1i,a1i,c2i,a2i
1,1.2483468894571086,1.561197480790248,100.0,0.14738626030966778,195.0939603846564
2,0.021755883090057156,0.008184080184876916,38.77746172007847,0.007676902783785427,222.46774717841603
