PrincipalComponent,coi,c1i,a1i,c2i,a2i
1,1.2298355866001298,1.5922211293606168,100.0,0.14035947978345725,193.8229049119936
2,0.018668241793874076,0.010582814392612841,38.49838437038508,0.015425341808687485,222.12148693057756
