PrincipalComponent,coi,c1i,a1i,c2i,a2i
1,1.17570947225431,1.4622527243795929,92.34360333447766,0.02517217858761208,216.730962842724
2,0.010982636038192136,0.05719298239692533,42.83237680353242,0.08778673501614084,227.05078465688956
