PrincipalComponent,coi,c1i,a1i,c2i,a2i
1,1.2494875102014853,1.5720744119114178,100.0,0.13017552820419737,196.17273937446595
2,0.021960154521841795,0.007873905415725538,39.068733670516416,0.006598662445236792,222.78846418798452
