PrincipalComponent,coi,c1i,a1i,c2i,a2i
1,1.240755239188715,1.524284850282819,100.0,0.14965146618014205,194.943785452181
2,0.023483091816994584,0.0122992313205111,38.6958516170643,0.0015672038675651242,222.4431036735852
