PrincipalComponent,coi,c1i,a1i,c2i,a2i
1,1.2290960819115317,1.4726737468376088,100.0,0.11296049076887119,201.2987034149591
2,0.02304273037033468,0.013060227831026474,40.43882245873474,0.030346135034761346,224.3610818400279
