PrincipalComponent,coi,c1i,a1i,c2i,a2i
1,1.2251496347242676,1.4545820849663988,100.0,0.1283590684769762,200.76549638342513
2,0.020674096679726677,0.011846642756501385,40.29651967092401,0.021581169612169736,224.21408099075964
