PrincipalComponent,coi,c1i,a1i,c2i,a2i
1,1.2184436782880654,1.4933725920155452,100.0,0.07189915291686384,205.16995234771892
2,0.017316096537972975,0.007227321147468412,41.36729898753348,0.012755220376187624,225.49599322978875
