PrincipalComponent,coi,c1i,a1i,c2i,a2i
1,1.2139980662574363,1.5030822062774658,100.0,0.05685199927168557,207.1504993507393
2,0.015469228399696526,0.009618975282093023,41.93992338138311,0.007639669489250039,226.09488286554406
