PrincipalComponent,coi,c1i,a1i,c2i,a2i
1,1.2228699477657925,1.4778786688533438,100.0,0.09668935239117091,203.05369171131343
2,0.018670806271210143,0.009619084370968516,40.838863097890936,0.01590874222600199,224.88288994855404
