PrincipalComponent,coi,c1i,a1i,c2i,a2i
1,1.2208854791639274,1.4767387766566467,100.0,0.11444803356785192,200.70284860917505
2,0.029574417839691128,0.015826347733163534,40.326506587469005,0.04938457909910102,224.19427576139427
