PrincipalComponent,coi,c1i,a1i,c2i,a2i
1,1.2115367917623965,1.474244300956899,100.0,0.11986146502393352,199.71768551505912
2,0.031242061519815137,0.020016556112194737,40.106099324288735,0.059495320200386004,223.91103924622863
