PrincipalComponent,coi,c1i,a1i,c2i,a2i
1,1.211585946445775,1.483031424411497,100.0,0.0675613389072215,207.94327792053463
2,0.015166898695076307,0.01453648316400228,42.14639590404425,0.0020717762798795865,226.33512387434646
