PrincipalComponent,coi,c1i,a1i,c2i,a2i
1,1.212141140312205,1.4859217473365762,100.0,0.06976734008352399,207.251341925849
2,0.014835858540775047,0.011971134710415601,41.99111271329643,0.0046367143661039875,226.1336665562514
