PrincipalComponent,coi,c1i,a1i,c2i,a2i
1,1.196513859354411,1.5002826898706216,100.0,0.0987263727607704,199.95693908667832
2,0.031124977750309455,0.02382720370409513,40.17375163100584,0.07001170269018857,223.98445118049878
