PrincipalComponent,coi,c1i,a1i,c2i,a2i
1,1.1702085191013103,1.587205354232262,100.0,1.684558182381031e-17,205.9716235472076
2,0.034034277488294275,0.025874349775328827,41.68775359690148,0.09432084434672773,225.71687568431838
