PrincipalComponent,coi,c1i,a1i,c2i,a2i
1,1.210628892218622,1.4986162387591397,100.0,1.9103268431869177e-17,209.84267273047456
2,0.028773163898012544,0.050165635093306356,42.55552462299833,0.1042868105350601,226.82616074586343
