PrincipalComponent,coi,c1i,a1i,c2i,a2i
1,1.1315590598552712,1.3705132068567736,88.91805982016213,0.07364036236811948,217.97071566099007
2,0.014342169151638186,0.08946202078400649,42.52609194654679,0.11525315883687098,226.6236387931927
