PrincipalComponent,coi,c1i,a1i,c2i,a2i
1,1.1887900604813935,1.4181394537720051,99.9528365472684,0.011724330412464918,213.96262295585117
2,0.020936111957064223,0.07969461894207329,43.72221153100316,0.10686516696480859,228.08003280390753
