PrincipalComponent,coi,c1i,a1i,c2i,a2i
1,1.1899153500927604,1.254801828568833,91.14036915791382,0.08525940231570932,217.50728502517853
2,0.01801502813043687,0.07993445164065693,42.806109257244316,0.12743158474658972,227.0514140121904
