PrincipalComponent,coi,c1i,a1i,c2i,a2i
1,1.1408488181177054,1.2428909832799897,85.19833747576901,0.12844961345433203,218.72873286275322
2,0.018297470657376115,0.0704625077370817,41.977937279098256,0.15056478953052915,226.01371211860769
