PrincipalComponent,coi,c1i,a1i,c2i,a2i
1,1.1944819858262221,1.6611782965861903,100.0,9.616464324834217e-17,208.12613363417705
2,0.03705138007358601,0.04371272365254658,42.38560479542779,0.02623551653178959,226.26436031909577
