PrincipalComponent,coi,c1i,a1i,c2i,a2i
1,1.2111147776412396,1.7119087520158407,100.0,0.0,208.16159544093418
2,0.030809187285563644,0.02954453609067349,42.22360381738793,0.01568357644844195,226.21755484889908
