PrincipalComponent,coi,c1i,a1i,c2i,a2i
1,1.1078140978072206,1.7153393597535918,87.52762506423385,3.2888321112160297e-18,218.22755132053703
2,0.020385661224507627,0.012753437559638352,42.092630492881305,0.02432461508224308,226.23338028098658
