PrincipalComponent,coi,c1i,a1i,c2i,a2i
1,1.1120436760365087,1.6229434476367761,87.34382223579134,9.948483317803982e-17,218.61913599015386
2,0.029898742811161602,0.012572710831882914,42.27000461871862,0.05156629103975183,226.36510816429205
