PrincipalComponent,coi,c1i,a1i,c2i,a2i
1,1.1882687497408557,1.637052591075241,99.41879748421478,5.3924431247266967e-17,209.61987871465885
2,0.03920073181860474,0.051286223722059404,42.75812398417337,0.03204189890165728,226.58278498060764
