PrincipalComponent,coi,c1i,a1i,c2i,a2i
1,1.2085031180404613,1.7228840536857875,100.0,5.964890286365381e-17,207.52840469612565
2,0.02982564117239374,0.027469585483968086,42.02133781349615,0.01336925104033863,226.0411074534573
