PrincipalComponent,coi,c1i,a1i,c2i,a2i
1,1.1674140082554574,1.5690176044815831,99.73738194232448,1.2177605912881364e-17,211.80384745221988
2,0.03700864564306618,0.10702871783338366,44.346869552244314,0.02342117825657926,227.45829454933929
