PrincipalComponent,coi,c1i,a1i,c2i,a2i
1,1.1801722126963174,1.6125469893207223,98.94553550759207,1.3924585443914756e-16,210.58675381202326
2,0.038723291187048495,0.06438540447014746,43.10695840778674,0.0348401525356858,226.78799229359407
