PrincipalComponent,coi,c1i,a1i,c2i,a2i
1,1.1623766741633055,1.7983646254504366,95.71889689629862,0.0,210.8383679058987
2,0.016865021263945176,0.021746180159468057,41.82422853575798,0.004470281270521219,225.95027747539885
