PrincipalComponent,coi,c1i,a1i,c2i,a2i
1,1.201290713160857,1.74570333471617,95.29468992988483,0.0,213.13124901304082
2,0.020116413213364097,0.009258311532261624,42.23423704663292,0.009052571553006511,226.4869927280589
