PrincipalComponent,coi,c1i,a1i,c2i,a2i
1,1.168528722120301,1.5805059916883604,99.61787950368905,9.509385942259583e-17,211.39976799282573
2,0.03725598227691215,0.09678600420733222,44.02666114466304,0.026045525422702238,227.27847118320096
