PrincipalComponent,coi,c1i,a1i,c2i,a2i
1,1.2057185300417264,1.6828351365542362,100.0,6.310520244217534e-18,208.4204634833275
2,0.03447948457138128,0.03761280676495529,42.367858442642316,0.021145603777277734,226.32556502651423
