PrincipalComponent,coi,c1i,a1i,c2i,a2i
1,1.160334483182204,1.6094750601405918,89.32105189665907,3.413858266009614e-17,217.96945925182237
2,0.029797405868353603,0.0,42.39476848482645,0.04055738241352969,226.62678370687743
