PrincipalComponent,coi,c1i,a1i,c2i,a2i
1,1.2029318272653273,1.74494881927498,100.0,1.1664872440549052e-16,206.74687956541683
2,0.025865006078613067,0.026681932300515562,41.79050511208049,0.007139618746258337,225.81173907459038
