PrincipalComponent,coi,c1i,a1i,c2i,a2i
1,1.1715794046263142,1.5920287192128386,98.94087621883402,0.0,211.54389910122626
2,0.03813714860198929,0.08516785638803667,43.693106372760504,0.031303354596606645,227.1191711827532
