PrincipalComponent,coi,c1i,a1i,c2i,a2i
1,1.194540576820792,1.766557141180828,100.0,0.0,206.98043111740748
2,0.022122131826506266,0.025050374388939815,41.811241353625256,0.004673842083418732,225.8754671662127
