PrincipalComponent,coi,c1i,a1i,c2i,a2i
1,1.1665659924067922,1.7083926936328786,94.19348292686938,1.596521557242558e-17,215.48188061989111
2,0.024523231394409564,0.0034170060890504803,42.70487982779235,0.015155025950551688,226.99066400263126
