PrincipalComponent,coi,c1i,a1i,c2i,a2i
1,1.1980634302857045,1.6130319220853497,100.0,0.0,206.64020941786177
2,0.033305567530090806,0.059784989216162925,42.264971828522405,0.010705090890462387,225.91414949239504
