PrincipalComponent,coi,c1i,a1i,c2i,a2i
1,1.22500264455113,1.6936903193132609,100.0,3.332531676144695e-17,202.63836028606937
2,0.029341264956938968,0.02219012031789596,40.74606716337283,0.006076231534013063,224.65139260032254
