PrincipalComponent,coi,c1i,a1i,c2i,a2i
1,1.2138694691860357,1.6755840348661366,100.0,0.0,202.22059432897413
2,0.031779078416317406,0.02718208190969878,40.7329705013035,0.008188428695538543,224.5598159136153
