PrincipalComponent,coi,c1i,a1i,c2i,a2i
1,1.1900461297635099,1.593769482782989,100.0,0.0,206.79641365297147
2,0.03276761013359694,0.0774758902291881,42.654242632187774,0.005158951083197643,226.03193144969413
