PrincipalComponent,coi,c1i,a1i,c2i,a2i
1,1.2297834934006382,1.7174966444443405,100.0,0.0,202.7483874713018
2,0.02649029875044905,0.01628299178907725,40.68786641728788,0.0041338247629519025,224.66154016810728
