PrincipalComponent,coi,c1i,a1i,c2i,a2i
1,1.2060118562401865,1.6306811200110092,100.0,4.298074222189522e-17,205.40989796517542
2,0.03384825462650557,0.042564890164676225,41.73695636360922,0.013959039286205977,225.517416769845
