PrincipalComponent,coi,c1i,a1i,c2i,a2i
1,1.1916661713800238,1.6041034050308351,100.0,0.0,206.328467169336
2,0.0329745766684805,0.06859533572746945,42.40209665045226,0.007136304581311212,225.86655183734803
