PrincipalComponent,coi,c1i,a1i,c2i,a2i
1,1.2204523767662037,1.744318177965703,100.0,5.531363687589345e-17,201.20400719829524
2,0.023271706726094323,0.014895423511714008,40.30488460127719,0.0008317733654069797,224.21594477050644
