PrincipalComponent,coi,c1i,a1i,c2i,a2i
1,1.226919574731689,1.7264579096508765,100.0,0.0,202.0367361222587
2,0.025564209098085232,0.015155047216120392,40.505107621859814,0.003395381940675431,224.4501723486586
