PrincipalComponent,coi,c1i,a1i,c2i,a2i
1,1.2111636892344402,1.6532370378429435,100.0,0.0,204.11586641482495
2,0.03381010483959644,0.032767513819601496,41.27408917838632,0.012056228684144204,225.11852959423982
