PrincipalComponent,coi,c1i,a1i,c2i,a2i
1,1.2395475316382587,1.7135226553902985,98.66926260475368,6.560259417942379e-17,209.74976165813047
2,0.019295494833560505,0.0017610230674094016,42.05247108356008,0.02150014866426735,226.3116463308087
