PrincipalComponent,coi,c1i,a1i,c2i,a2i
1,1.2110043458586517,1.7625303464773046,100.0,0.0,201.2993589336554
2,0.020361539909938303,0.014768194844015247,40.26848368416545,0.0009633142416562036,224.22103995186043
