PrincipalComponent,coi,c1i,a1i,c2i,a2i
1,1.1454691036622644,1.6629619333970191,90.03071026347769,0.0,216.92175286403946
2,0.02076274320401821,0.008389413036286443,42.31284690322847,0.054667994823592365,226.47003103927776
