PrincipalComponent,coi,c1i,a1i,c2i,a2i
1,1.2029545740890182,1.6642270517228386,97.30915213329428,0.0,213.02215749247273
2,0.024291899116424043,1.0273752575336938e-17,42.72674895875951,0.038088971184352956,227.042165181184
