PrincipalComponent,coi,c1i,a1i,c2i,a2i
1,1.1986339078007597,1.553369856286727,92.03794860837027,0.0,216.7153406216327
2,0.027916406735874394,0.002055147949876722,42.63959250458149,0.06856837395691823,226.93141405320526
