PrincipalComponent,coi,c1i,a1i,c2i,a2i
1,1.1629138156452248,1.7304918008158123,95.90709396276264,1.5276121016177986e-17,212.35213168600083
2,0.03088419399429094,0.0334735831870732,42.47164566688911,0.0250071394573125,226.47932057870062
