PrincipalComponent,coi,c1i,a1i,c2i,a2i
1,1.1244725706398122,1.5662862112006901,93.29076064257013,0.0,216.27541958692785
2,0.043727509943511565,0.09645445491591252,43.76305171532751,0.06248481745005585,227.1279948997417
