PrincipalComponent,coi,c1i,a1i,c2i,a2i
1,1.1206087202887844,1.5419778901591976,93.99324689620101,0.0,216.38898243297703
2,0.04238335374841997,0.11940670581095733,44.357877738071004,0.054528863953094565,227.39976984892138
