PrincipalComponent,coi,c1i,a1i,c2i,a2i
1,1.1497168541788791,1.6395159993193216,94.84116489219922,2.499753261126401e-17,213.7850427041419
2,0.043162321066674975,0.05097140134599887,42.800274852127885,0.05470449185420136,226.68104175127044
