PrincipalComponent,coi,c1i,a1i,c2i,a2i
1,1.1412859214756435,1.6146454168601816,93.87124976112291,0.0,214.78322782439685
2,0.04532158281984931,0.05956096823903558,42.942332500903646,0.061863946782513266,226.74838508250818
