PrincipalComponent,coi,c1i,a1i,c2i,a2i
1,1.1657007323692234,1.6962663446420636,94.93915559067301,6.678746807470162e-17,213.5123451255332
2,0.036286582344955465,0.0363341675754165,42.58014369039175,0.03829874289430584,226.5852860930544
