PrincipalComponent,coi,c1i,a1i,c2i,a2i
1,1.1214328241005835,1.5539382968557787,93.86570257451054,0.0,216.17905395703517
2,0.04290808851507395,0.10855164410215311,44.102020013865605,0.057183535982721946,227.27834504096364
