PrincipalComponent,coi,c1i,a1i,c2i,a2i
1,1.165720961343652,1.7071075645378961,95.41215243240902,2.618237616703167e-17,213.0411815423515
2,0.03524825244237879,0.03421240572412977,42.57008017627584,0.03449664512008411,226.56245121621131
