PrincipalComponent,coi,c1i,a1i,c2i,a2i
1,1.1586071386227847,1.7505972522622322,91.07423815791093,0.0,216.19792055617074
2,0.021502636530255,0.01529962457755658,42.21422239164637,0.010949749196185198,226.40570751997123
