PrincipalComponent,coi,c1i,a1i,c2i,a2i
1,1.1187875503903586,1.795746118814056,91.3252674934823,0.0,214.6539453376853
2,0.018368877544926176,0.029160003180581172,42.0140426442565,0.01431549096374201,226.0306435428667
