PrincipalComponent,coi,c1i,a1i,c2i,a2i
1,1.1526160546446067,1.7558502414884158,95.61706955424596,3.4496505458177495e-16,212.39365711259282
2,0.026203174894188705,0.031926869605481224,42.41026808710469,0.01995741815853707,226.4231209440389
