PrincipalComponent,coi,c1i,a1i,c2i,a2i
1,1.1238730838323565,1.7235275282142362,90.33813517637701,1.5281176807175018e-16,217.75006539347754
2,0.025999043058601155,0.00947078605469892,42.55331887101505,0.005258968393339176,226.75533380009338
