PrincipalComponent,coi,c1i,a1i,c2i,a2i
1,1.0657360211954916,1.7387535063730952,84.2173860128066,0.0,219.55697733485016
2,0.01951798688940893,0.019291339465964393,41.8049724211448,0.0075813989475712025,225.84747931235302
