PrincipalComponent,coi,c1i,a1i,c2i,a2i
1,1.1187619732050145,1.6361580051040014,85.98632902836101,1.2649039176235807e-16,219.39136248491076
2,0.03212556970255087,0.0025807124635415313,42.11255313535939,0.02035369402881554,226.2538544493407
