PrincipalComponent,coi,c1i,a1i,c2i,a2i
1,1.071345136362622,1.6542923832321346,84.33453923695055,0.0,219.68031600370193
2,0.02778109503570689,0.02211139182415431,41.94300047472657,0.021443456011359944,225.96904352750158
