PrincipalComponent,coi,c1i,a1i,c2i,a2i
1,0.2853431374985405,0.14213271332793176,28.93750537760312,1.6694297260429733,210.35456387603205
2,0.012078532136784965,0.004378367959616537,28.866793315611606,0.02898999705446967,209.93326347711118
