PrincipalComponent,coi,c1i,a1i,c2i,a2i
1,0.31570965324381606,0.12069913920742426,70.43732668206759,1.5016459247573972,172.90853705176687
2,0.011952967826913023,0.008826028086285184,28.441029443882098,0.03642722112383502,209.3380090699387
