PrincipalComponent,coi,c1i,a1i,c2i,a2i
1,0.2775975561377197,0.48265313567856655,69.70573806381856,1.111802554702682,208.0866289710685
2,0.014047836433247614,0.02627407526634419,37.57683978970543,0.07464142594277336,219.77993643172508
