PrincipalComponent,coi,c1i,a1i,c2i,a2i
1,0.23855532898456208,0.5005645310763298,55.41563739554623,1.098375546739283,212.9460250456914
2,0.014109039901349811,0.042250999336716125,35.61247983946369,0.1336495980229587,217.56035038418898
