PrincipalComponent,coi,c1i,a1i,c2i,a2i
1,0.22124205907109462,0.5511737342164028,56.78523350789038,1.0141867501540203,214.28979227656166
2,0.01739687574285396,0.053645041735517617,36.31815265993294,0.19156833262144174,218.33264448230227
