PrincipalComponent,coi,c1i,a1i,c2i,a2i
1,0.21652899749858381,0.5806779236260495,57.68381065899464,0.9653013202629,215.04711356197015
2,0.022387963140925227,0.059521104686248834,36.794591849252,0.24229412455801067,218.77369468185802
