PrincipalComponent,coi,c1i,a1i,c2i,a2i
1,0.21269610547852194,0.5745074651657136,57.18522195241761,0.9540442279904143,214.92689839125615
2,0.03212562944227568,0.06776230640699406,36.73594734033413,0.3074765038769142,218.578377266621
