PrincipalComponent,coi,c1i,a1i,c2i,a2i
1,0.21436437901901723,0.5859593891303897,59.34462214244601,0.9297371180207806,215.18278880227268
2,0.036202212054371886,0.07182876057146378,37.34258750986138,0.32055824920409415,219.1879375227808
