PrincipalComponent,coi,c1i,a1i,c2i,a2i
1,0.22262635733068079,0.6000911187792463,63.82077063054134,0.9102620655009561,215.05606232629094
2,0.04384462455503489,0.06954974487199515,38.24590264370722,0.3490300574885392,220.41556584969774
