PrincipalComponent,coi,c1i,a1i,c2i,a2i
1,0.22102427568678024,0.43244166110469373,51.02165322616925,1.1066893302500234,211.61523510003872
2,0.05512976551873198,0.08356927371270167,34.4764389051222,0.38923073006967446,216.150626870083
