PrincipalComponent,coi,c1i,a1i,c2i,a2i
1,0.2021259134012639,0.2962950581927339,28.925040806357625,1.2708497352157397,210.28093812825935
2,0.051438490821053395,0.1177648111258675,28.84850767005222,0.38734070783460256,209.86201825314384
