PrincipalComponent,coi,c1i,a1i,c2i,a2i
1,0.20715099286368624,0.28180874974830733,28.872263195788467,1.2106397264962636,210.24462700871425
2,0.03962660029682722,0.19429384684315584,28.799225452954307,0.36350319932490993,209.8116411953303
