PrincipalComponent,coi,c1i,a1i,c2i,a2i
1,0.7347388452801699,1.0862426908488305,93.39622365423057,0.09497050981171033,230.80014107772774
2,0.14663457985159975,0.4951831350561305,65.59898445942763,0.05134295542651848,234.0485912815122
