PrincipalComponent,coi,c1i,a1i,c2i,a2i
1,0.742001659720291,1.1583688604703979,92.0392749834798,0.10769874655230449,226.75198664198885
2,0.12443558335526705,0.31395962766337904,53.13196681992885,0.14934273770277565,230.81801732712563
