PrincipalComponent,coi,c1i,a1i,c2i,a2i
1,0.7424259602307971,1.1324052022348874,94.57544898900694,0.08278139540082988,228.99963839036232
2,0.14006970032548474,0.4090636659681537,60.06154209941734,0.10787698406235437,232.91171546750186
