PrincipalComponent,coi,c1i,a1i,c2i,a2i
1,0.6725447910112932,0.863136162226438,45.635984781428135,0.9063091900892175,215.5890642030507
2,0.01771112956352013,0.015637617548031262,33.54594176374427,0.016638314543959372,215.74735274246012
