PrincipalComponent,coi,c1i,a1i,c2i,a2i
1,0.6956689540415121,0.8958407814299613,51.22278198181556,0.7661219752574765,216.72423894698673
2,0.021791613827840985,0.04310159424744976,35.095145398917154,0.01657757387438289,217.48255280097857
