PrincipalComponent,coi,c1i,a1i,c2i,a2i
1,0.7092135240293015,0.9097529158982983,55.79374926187214,0.6808618865040148,217.81348060730676
2,0.030421489366044562,0.07923357968888056,36.50455483536337,0.01969232633729438,218.9560114336243
