PrincipalComponent,coi,c1i,a1i,c2i,a2i
1,0.7091502382111218,0.9661491343830557,70.3244704148401,0.44000045160909773,221.86295960111065
2,0.07795534250007524,0.21703256406418658,43.127309073602135,0.10771984168295623,223.92927519721974
