PrincipalComponent,coi,c1i,a1i,c2i,a2i
1,0.7058115112202952,0.9352877029318196,66.63885905836439,0.5069961198794404,220.87814662557832
2,0.06986934157462711,0.19725244295512512,41.59439122360944,0.08876249274207447,222.7211528392754
