PrincipalComponent,coi,c1i,a1i,c2i,a2i
1,0.7235634412875833,1.077447715575201,82.19586965714673,0.24208494771923367,224.42828202061673
2,0.10706964123486251,0.2575779619742421,47.580643035796626,0.15119105679778083,227.54547520508189
