PrincipalComponent,coi,c1i,a1i,c2i,a2i
1,0.7119178081619199,1.0134952420408696,74.3732286529851,0.3623135413603234,222.7935602659082
2,0.08907725828724508,0.23267519976292805,44.57253795314545,0.12502476448115518,225.17042337152276
