PrincipalComponent,coi,c1i,a1i,c2i,a2i
1,0.7156069991861191,0.9225182457154503,59.7361624529299,0.6118101512400278,218.934222570812
2,0.043074056309650104,0.11076790304125024,37.95588960934899,0.03262336071019354,220.29960470222747
