PrincipalComponent,coi,c1i,a1i,c2i,a2i
1,0.6998900426956619,0.921653953217516,64.3175715530742,0.5412167632903234,220.2867492191734
2,0.06564089707780077,0.1836590339535823,40.57610756665881,0.0815566384821104,221.94799383116717
