PrincipalComponent,coi,c1i,a1i,c2i,a2i
1,0.6670605282746963,0.8573086266043954,45.089435307630914,0.9708523221807419,215.61893468888186
2,0.016642627321012165,0.011256520715774978,33.422799589766676,0.015608637882242015,215.60531193300798
