PrincipalComponent,coi,c1i,a1i,c2i,a2i
1,0.706854633525781,0.9127327412615571,60.92469662198923,0.591938133773073,219.35073957308944
2,0.05293134549628179,0.14014258772331392,38.748791845851215,0.05338316538945243,220.76310638364288
