PrincipalComponent,coi,c1i,a1i,c2i,a2i
1,0.6579433932871489,0.8469159501599298,44.759971975105344,1.0393027517217281,215.54245658506053
2,0.01666489563438607,0.009169834448253865,33.34563289664497,0.021816737794944672,215.4887562197475
