PrincipalComponent,coi,c1i,a1i,c2i,a2i
1,0.6928118957081121,0.9975850091559896,87.05984312792218,0.287749115006095,227.2215746422631
2,0.13662873294273833,0.3544978021538665,55.322544252287216,0.18663109021539123,229.8665622335793
