PrincipalComponent,coi,c1i,a1i,c2i,a2i
1,0.6764547313825562,0.8317466590292024,54.68050115949335,0.8587199391746051,217.54583049423314
2,0.04268646147700041,0.09529717112519538,36.41659885465003,0.032218794364898315,218.59689765442533
