PrincipalComponent,coi,c1i,a1i,c2i,a2i
1,0.6784735052827006,0.7838469016608316,78.93666445870666,0.39627749429225223,232.48490632487736
2,0.17575331879375425,0.6808215525696079,74.94403799299567,7.004049895115394e-18,232.2676099996178
