PrincipalComponent,coi,c1i,a1i,c2i,a2i
1,0.7108913098587273,0.9900324498076922,95.76628951203965,0.21067758066509612,233.49085681689544
2,0.17194259468489198,0.5701191795281824,73.9879049921489,0.05452852362336484,235.50678488524906
