PrincipalComponent,coi,c1i,a1i,c2i,a2i
1,0.6635540281814152,0.8092587603491144,48.028801755914735,1.0883346336683741,216.35647391464855
2,0.025851172892064695,0.04215485117111761,34.38839656874815,0.007351915816906104,216.54009403796954
