PrincipalComponent,coi,c1i,a1i,c2i,a2i
1,0.6630461995874997,0.8125209797187265,47.58961059333933,1.1663934905747677,216.2733598547528
2,0.018157674567098547,0.026231821904166598,34.204021712218406,0.003061182029632936,216.37692902326384
