PrincipalComponent,coi,c1i,a1i,c2i,a2i
1,0.7120543169488076,1.0773307855748224,97.6768854325997,0.1565380629697915,230.90707493462824
2,0.1558600630111957,0.44062122515357216,64.92198547345951,0.14489666294071782,234.01726698664223
