PrincipalComponent,coi,c1i,a1i,c2i,a2i
1,0.670835168177344,0.8370174977155302,68.12089025220858,0.6035750943553247,221.81501047102438
2,0.09325835791919894,0.26262930619319524,44.94521077316876,0.12596814145746502,223.60143546065518
