PrincipalComponent,coi,c1i,a1i,c2i,a2i
1,0.6995375029542185,0.8690773548478496,87.52449918603452,0.32069046470632806,233.65756055307094
2,0.17542538501667804,0.6534311332088764,76.77366748283971,1.5645504056823153e-18,234.428846507802
