PrincipalComponent,coi,c1i,a1i,c2i,a2i
1,0.6765771901969253,0.8270469829819126,64.14455286119053,0.6695512911294071,220.45572991236693
2,0.08033478325265937,0.21200128892913628,41.72113973734379,0.09354544661933734,222.06992858871777
