PrincipalComponent,coi,c1i,a1i,c2i,a2i
1,0.6756166998384718,0.8529903832808492,70.55799256116859,0.5649563068101622,222.53730900097983
2,0.09785873849959016,0.2786296341455672,46.45847212957054,0.13283251002951452,224.4569146168932
