PrincipalComponent,coi,c1i,a1i,c2i,a2i
1,0.6827254156575786,0.8366375731718972,59.093143153423455,0.7683831286431115,218.65879584662744
2,0.055130629325074856,0.13911358333700083,38.22645178377813,0.04710624744413111,220.08953301787116
