PrincipalComponent,coi,c1i,a1i,c2i,a2i
1,0.685810149173129,0.8415826269431157,62.9633983780405,0.6958400699919076,219.82601372030558
2,0.06938451304197127,0.1780011471963589,40.255879093319265,0.06670764001640302,221.49525173248773
