PrincipalComponent,coi,c1i,a1i,c2i,a2i
1,0.6628805873744785,0.8070295591127408,48.772051510126154,1.0142563185199966,216.39548081808192
2,0.032278081643221074,0.05635016743834799,34.61580988433932,0.016757783867652268,216.75630842953217
