PrincipalComponent,coi,c1i,a1i,c2i,a2i
1,0.6560822720486287,0.6577897228046575,74.52882421767751,0.5861644005761092,228.9848245403448
2,0.194427410793645,0.5629823142836902,69.24728835666457,0.21009066154073064,228.2723478611665
