PrincipalComponent,coi,c1i,a1i,c2i,a2i
1,0.6400620706804396,0.6921626860344415,41.35644676705757,1.4127634659493724,215.37938051881804
2,0.01789623844146312,0.025138876400738364,32.6747172563546,0.012174471136127622,214.56849941141584
