PrincipalComponent,coi,c1i,a1i,c2i,a2i
1,0.630560406963601,0.6775068511768763,41.89207142206668,1.2425118496821743,215.1022118102897
2,0.03926808302646098,0.05877350558074651,32.81531870454069,0.05298023497893426,214.66066061679936
