PrincipalComponent,coi,c1i,a1i,c2i,a2i
1,0.6369711661615898,0.7117253576520538,68.83824901405436,0.6386373229440964,221.8048299081366
2,0.16042449219318983,0.3027649440347849,47.477451019616396,0.3581970348546037,223.11461634218915
