PrincipalComponent,coi,c1i,a1i,c2i,a2i
1,0.635135494105051,0.6850832505528006,41.54439084650088,1.3232930735290307,215.30199221019507
2,0.030062101677986834,0.04301837768321131,32.76595089357601,0.031118713060613194,214.62038176105906
