PrincipalComponent,coi,c1i,a1i,c2i,a2i
1,0.6369523915289771,0.680713534157594,46.50405053114243,1.092933380178738,215.65591004686678
2,0.05665484610308646,0.09578844188106655,34.12637825529884,0.09128451103777196,215.98366144494213
