PrincipalComponent,coi,c1i,a1i,c2i,a2i
1,0.6544597243976671,0.7238396621200154,75.22156956765446,0.5856430086910602,223.8465801892237
2,0.17793229526494325,0.3576234873595571,53.518600381770874,0.35681918740912505,225.2575532821124
