PrincipalComponent,coi,c1i,a1i,c2i,a2i
1,0.644714133080626,0.6504105851787265,73.83184426575035,0.5682386459338197,231.31171488103027
2,0.19770821790749857,0.6524652395867943,74.80892296902772,0.12260772550589936,229.54009834029318
