PrincipalComponent,coi,c1i,a1i,c2i,a2i
1,0.641482751919667,0.6699023657361687,53.08176800381297,0.9322969548376071,217.25931998420975
2,0.08854323181523197,0.168420919577392,37.208852018371196,0.16006292695063523,218.16882409964438
