PrincipalComponent,coi,c1i,a1i,c2i,a2i
1,0.6262169796953934,0.6759534270000968,61.22195222595533,0.7553442033496133,220.02098043029864
2,0.1322338676649351,0.2673954159612894,43.55146693310921,0.29539267348791387,220.96483543951945
