PrincipalComponent,coi,c1i,a1i,c2i,a2i
1,0.6240361773932537,0.6587504765824231,58.21062072543068,0.8134533437550552,219.15368658183758
2,0.12294829654980526,0.25123500243698277,41.96868273969475,0.26432166582347516,220.02993478821926
