PrincipalComponent,coi,c1i,a1i,c2i,a2i
1,0.6419010708136745,0.6739042825513964,49.92105893446078,1.0041463407912192,216.3808762455986
2,0.07010638592807979,0.13545439305260962,35.50679328390257,0.12398172331506596,217.0758801095851
