PrincipalComponent,coi,c1i,a1i,c2i,a2i
1,0.627507116987555,0.6984486611993499,63.934214840615034,0.7025532151541878,220.6735361148443
2,0.14296376525624693,0.28145222074972465,44.777520542853566,0.32162024045579696,221.7220021754804
