PrincipalComponent,coi,c1i,a1i,c2i,a2i
1,0.6298608355448392,0.6558674515317886,53.98498599880813,0.898031445392364,217.69353264730822
2,0.10174459299120688,0.1979029013874229,38.36921459453015,0.1999416252447101,218.55738873827679
