PrincipalComponent,coi,c1i,a1i,c2i,a2i
1,0.6208940180929323,0.6544465303784224,56.69063285400158,0.8384310713601549,218.67166500400944
2,0.11740415920657198,0.23864191283332398,40.8199572508514,0.2521837321014368,219.50206184092778
