PrincipalComponent,coi,c1i,a1i,c2i,a2i
1,0.6212295858303566,0.6002424050927215,64.6552433833732,0.6509781470664411,224.5064050593979
2,0.2134919407822448,0.47273743585725453,59.278355698652874,0.3176429836382814,224.29956032001903
