PrincipalComponent,coi,c1i,a1i,c2i,a2i
1,0.6144872301121083,0.6574875495337139,41.489191624896854,1.118011847032792,214.63683419004053
2,0.06653905550354695,0.08394047928648385,32.72100712734905,0.1020578225625216,214.46505096511268
