PrincipalComponent,coi,c1i,a1i,c2i,a2i
1,0.6129226320145135,0.6661476038423432,38.11296197080129,1.2583412516413786,214.37509020525042
2,0.04608285954048091,0.04542377930812473,31.78265567675088,0.058361383475383596,213.52633808173053
