PrincipalComponent,coi,c1i,a1i,c2i,a2i
1,0.5990228575949943,0.6387733775831352,56.30787395169594,0.7592003936978086,218.7749936032328
2,0.16147688902591073,0.26337643202569955,41.706973666933266,0.34810628851911424,219.3616265485402
