PrincipalComponent,coi,c1i,a1i,c2i,a2i
1,0.6250221419709882,0.6114133855784506,64.93854040186153,0.6652470541009917,222.68665539621577
2,0.2097533106745511,0.40038697047657656,54.06661509399949,0.3705803015028372,223.14320824047186
