PrincipalComponent,coi,c1i,a1i,c2i,a2i
1,0.6214422341363158,0.7687189781537533,39.63034029668173,1.4204558636331897,250.0
2,0.01907000834089929,0.0150418512922311,41.114817412043045,0.010390897499852475,224.1950180672542
