PrincipalComponent,coi,c1i,a1i,c2i,a2i
1,0.5951914940126495,0.6104852171219775,50.23111427090943,0.8772383587860213,217.1821914046677
2,0.13248919590630565,0.22596795522178437,38.47417929201988,0.2723543121862892,217.4990954104471
