PrincipalComponent,coi,c1i,a1i,c2i,a2i
1,0.6056172560625962,0.6430739540030591,60.04239358208908,0.7072447913160991,219.5471007687688
2,0.18123337778533993,0.2786616446613978,43.654578683661384,0.39057364602153155,220.414610411933
