PrincipalComponent,coi,c1i,a1i,c2i,a2i
1,0.6109478869830272,0.6030198790758902,65.13019027093264,0.6240059992164319,226.63895406416586
2,0.21692360313439227,0.5417512398328295,64.20081725164471,0.2505736613323812,225.62515122615912
