PrincipalComponent,coi,c1i,a1i,c2i,a2i
1,0.605825554909835,0.618332886305663,47.96303242799556,0.9313521842704784,216.36161509568748
2,0.11561854509620588,0.18485844464302326,36.34207165389498,0.21792452532134612,216.69695391219784
