PrincipalComponent,coi,c1i,a1i,c2i,a2i
1,0.598494398351344,0.623630707630651,54.04867151353334,0.8040163563126511,218.27954339484688
2,0.14992579659830668,0.2507002365492042,40.7464503987403,0.3195727889597399,218.74207593297967
