PrincipalComponent,coi,c1i,a1i,c2i,a2i
1,0.6213031512114771,0.6754548678262587,37.96750928043235,1.3401427173831568,214.6326918277906
2,0.03375799755260717,0.028701846974853347,31.794934184814004,0.0337277786986401,213.54867072085634
