PrincipalComponent,coi,c1i,a1i,c2i,a2i
1,0.6167737119326673,0.6426060972705935,44.49536816371133,1.0326467075612575,215.25583056436741
2,0.08423667804836124,0.12428838378805851,33.90097411586454,0.13838817370041986,215.42289330375883
