PrincipalComponent,coi,c1i,a1i,c2i,a2i
1,0.6193363908260303,0.6336603700759256,47.117962890661325,0.9652524589565896,215.99391370669747
2,0.10043084906624349,0.15496931696363367,35.32788643390512,0.17775502186724668,216.33762043062333
