PrincipalComponent,coi,c1i,a1i,c2i,a2i
1,0.5975897376765804,0.6125993748019761,51.50146468333991,0.8545501548999839,217.5774767252606
2,0.13896627402370978,0.2368762242439595,39.44091241518843,0.28654350421333297,217.94203358096195
