PrincipalComponent,coi,c1i,a1i,c2i,a2i
1,0.6205453816013566,0.6362381255423314,63.99809729734838,0.6782720823359393,220.7351492624732
2,0.19817842850116754,0.320443659738525,47.73454112598695,0.4061170958936498,221.75154920775512
