PrincipalComponent,coi,c1i,a1i,c2i,a2i
1,0.6674041418285387,0.6797807657682267,57.68116422098267,0.7423323713585528,217.8113716328176
2,0.11572630907333403,0.22104650027780934,38.56014312750228,0.1507740396437243,219.63271541126693
