PrincipalComponent,coi,c1i,a1i,c2i,a2i
1,0.6828439456529071,0.6754501473548936,49.09152208972551,0.8746140105286984,215.9672475981093
2,0.07714635988733522,0.1381571185825629,34.95065796843528,0.06070210486057124,216.8267614768336
