PrincipalComponent,coi,c1i,a1i,c2i,a2i
1,0.657477265983093,0.6957222984593954,36.29498938105799,1.1411502094939547,213.6392390325899
2,0.027362437797039115,0.024353081112372752,31.089224894988487,0.006481401317810793,212.879839507221
