PrincipalComponent,coi,c1i,a1i,c2i,a2i
1,0.6867641476237305,0.7910937711538741,74.89533765797437,0.4904966073678212,220.74469740857154
2,0.15518002838912395,0.26632004243358354,43.262785088325714,0.24974842551127677,224.63007705143679
