PrincipalComponent,coi,c1i,a1i,c2i,a2i
1,0.6627674932657429,0.6719579354032141,55.56137000026439,0.7713090612349205,217.4117902703095
2,0.11079995810854562,0.20913482833561944,37.69574853299101,0.13937878269980775,218.96051824116893
