PrincipalComponent,coi,c1i,a1i,c2i,a2i
1,0.675262348690395,0.6748971347345155,44.467540241420664,0.950831298304666,214.9310457551988
2,0.060759889610719035,0.10574508275925022,33.3862131470211,0.03308257076530063,215.33136841371666
