PrincipalComponent,coi,c1i,a1i,c2i,a2i
1,0.6996646178221512,0.8522359438773845,84.65276894261498,0.369999340890344,222.068009766602
2,0.1766455379206825,0.30416057158966353,46.868587872569876,0.28047553926697216,227.5822178627193
