PrincipalComponent,coi,c1i,a1i,c2i,a2i
1,0.6781994306756745,0.7416350501336857,66.11910131625895,0.6063256438749831,219.44610003975768
2,0.13281861509872997,0.24766401586618803,41.03907736056358,0.20527933979390067,222.1107958756439
