PrincipalComponent,coi,c1i,a1i,c2i,a2i
1,0.67457287262452,0.705467742006939,62.15978109462352,0.6749320948193951,218.73394359534572
2,0.12272077246716842,0.23666672818936776,39.997939736872596,0.17810777025319324,220.98323907180506
