PrincipalComponent,coi,c1i,a1i,c2i,a2i
1,0.6870194715941239,0.7891179539697388,82.56258119598407,0.3539251886880919,223.8069755379551
2,0.19538557784392097,0.4192581165857151,52.98527164797517,0.2668354443061854,228.6206817942886
