PrincipalComponent,coi,c1i,a1i,c2i,a2i
1,0.6963253901180422,0.8191596096282943,84.99623618973656,0.3553639964544081,222.87283315280106
2,0.19081864698188758,0.3690882707159841,50.4055643920741,0.27964336202102413,228.46380795497458
