PrincipalComponent,coi,c1i,a1i,c2i,a2i
1,0.658905865260105,0.6959908456756528,36.29078083840287,1.1963095170890887,213.97480071697655
2,0.02235759446443316,0.01656608404188751,31.16477819074587,0.008151930526212402,212.96690552523987
