PrincipalComponent,coi,c1i,a1i,c2i,a2i
1,0.6717587024573312,0.6636657901624726,51.20284833604634,0.8379239613071239,216.53337820441928
2,0.09219819749446284,0.17134467587743646,35.91813707117755,0.0925512738180714,217.56786003112484
