PrincipalComponent,coi,c1i,a1i,c2i,a2i
1,0.6410143483594088,0.67305903671192,36.00634369516021,1.2526878909390953,214.14034926526054
2,0.03089659355226139,0.028805875594336897,31.21561605807929,0.02484680747202939,212.94226936917147
