PrincipalComponent,coi,c1i,a1i,c2i,a2i
1,0.7151335479757978,0.8416704767169987,54.80894832770254,0.6445977473121554,217.2715916793881
2,0.06863723943956546,0.10652657329754618,36.22161439363887,0.0367629268938477,218.58340183024362
