PrincipalComponent,coi,c1i,a1i,c2i,a2i
1,0.7431610650386893,1.0751280476777108,81.9299254275245,0.19390525694873947,222.81313662267377
2,0.1246176839029557,0.19669705644639265,43.74309458625106,0.1693219355875283,226.73516817735046
