PrincipalComponent,coi,c1i,a1i,c2i,a2i
1,0.7192921477071429,0.893005446078575,75.46664241937376,0.22477102014889105,223.1447585486353
2,0.14584713136259775,0.38765499471456333,47.54171157979226,0.22017919113394194,225.94236790510547
