PrincipalComponent,coi,c1i,a1i,c2i,a2i
1,0.6646971575428107,0.7768373618494724,38.11102408852346,0.9325610900467793,213.5233523288254
2,0.028073339859591012,0.02383079328768698,31.415672945643315,0.021646676487834637,213.31402832175667
