PrincipalComponent,coi,c1i,a1i,c2i,a2i
1,0.7226502550673062,0.8365753421835366,52.140801039390524,0.6856852182324635,216.55774560004224
2,0.0549272166149684,0.08251142690511003,35.351028048187025,0.012899603044752846,217.70657322658536
