PrincipalComponent,coi,c1i,a1i,c2i,a2i
1,0.722502219943322,0.920694972041468,66.7160689318555,0.45535254002599945,219.99524758824163
2,0.09649442767308196,0.16753308217102444,39.99664931372419,0.10626229332740672,222.31881718665755
