PrincipalComponent,coi,c1i,a1i,c2i,a2i
1,0.6958172166025025,0.8058404955701507,42.633520961781635,0.8360097882878872,214.2904638250418
2,0.02837680764549387,0.03200658092878221,32.55892928736027,0.0008696851091107479,214.662540629337
