PrincipalComponent,coi,c1i,a1i,c2i,a2i
1,0.7267484659441895,0.9784662724451716,71.88689650779428,0.3607089394246332,221.05426653027828
2,0.10832041871496732,0.1805412718841782,41.33979758542637,0.12847613088947107,223.85139446837906
