PrincipalComponent,coi,c1i,a1i,c2i,a2i
1,0.7372582601219831,0.926085032987992,78.57014188071625,0.22519423727106402,222.61777898655606
2,0.14424219414536402,0.34945419196965954,46.47932179138856,0.22406948678531224,226.31343521013406
