PrincipalComponent,coi,c1i,a1i,c2i,a2i
1,0.7566893980987665,1.0365410343674897,81.82593423462718,0.20469564820555713,222.1748056946237
2,0.13022887090963656,0.22686071287893572,43.80609432400366,0.21220954435998454,226.46133952986534
