PrincipalComponent,coi,c1i,a1i,c2i,a2i
1,0.7126336660907201,0.8155974499215718,47.211655423774104,0.7637857984256022,215.3127918138442
2,0.03980492027480187,0.05873005518220609,33.873738080981866,2.767877894943128e-19,216.10945221685327
