PrincipalComponent,coi,c1i,a1i,c2i,a2i
1,0.7192276099315295,0.8830275802628215,61.97338178427682,0.5347590598658272,218.88663047229156
2,0.08521606560234402,0.150773145711855,38.592735047225084,0.08324750280782436,220.84671189864193
