PrincipalComponent,coi,c1i,a1i,c2i,a2i
1,0.6074872594938393,0.7033669463378733,38.32170416462155,1.001969180481492,213.91756639735587
2,0.07157545523602417,0.07958251053429806,31.611068344225217,0.08204183976358638,213.47426187149148
