PrincipalComponent,coi,c1i,a1i,c2i,a2i
1,0.7493181599817772,0.9666935208034952,80.50232464920445,0.2231028411275287,222.15652676316284
2,0.14067874591243182,0.2968104156498262,45.071161332719,0.22547713837124425,226.353059545399
