PrincipalComponent,coi,c1i,a1i,c2i,a2i
1,0.7142659525633199,0.8689243184525977,59.60595129461926,0.5704977170825204,218.37276312824756
2,0.08016233768949907,0.13893188187067307,37.82441074137487,0.07318968629936899,220.10436323941204
