PrincipalComponent,coi,c1i,a1i,c2i,a2i
1,0.7495757838980688,1.0412241040319647,64.51260111868936,0.39851342604351786,219.81461508813396
2,0.06112385159998116,0.03716608860467931,38.62571764709381,0.04585512676309435,221.68482133103663
