PrincipalComponent,coi,c1i,a1i,c2i,a2i
1,0.7474614879399397,1.1256692798860923,71.82820184431776,0.26497676124495456,221.61199495304177
2,0.08145742853030352,0.06866697196439131,40.7528759419788,0.0832456343390052,223.98112447520413
