PrincipalComponent,coi,c1i,a1i,c2i,a2i
1,0.7467743397793747,1.1629508747561483,76.05607920128823,0.16086770140854423,222.34862111077766
2,0.11642097660229048,0.10332674695609659,41.69475028319231,0.1643866445442305,225.11089597081212
