PrincipalComponent,coi,c1i,a1i,c2i,a2i
1,0.753754960454769,1.2222998851837215,78.17046764433772,0.11623635765745101,223.16849273715576
2,0.09758832497854364,0.0869819908171056,42.439772707057884,0.12609915529947033,225.93004909000928
