PrincipalComponent,coi,c1i,a1i,c2i,a2i
1,0.7504979897331306,1.037076375191021,71.94045553250156,0.23163541535612034,220.89339984728784
2,0.1286909541943819,0.18901546581396342,40.792440131163666,0.22507164530040957,223.58840714110474
