PrincipalComponent,coi,c1i,a1i,c2i,a2i
1,0.7448409442038979,0.9575114325402669,56.64810346555726,0.5416302257592299,217.6078221730763
2,0.03636666189391218,0.018050683631598462,36.351201111698764,0.017172956516063122,219.1090717864811
