PrincipalComponent,coi,c1i,a1i,c2i,a2i
1,0.7433467172441677,1.0962358298567654,69.35336900459104,0.31211264378969,221.02412009443475
2,0.07622404898777856,0.060929028538777255,40.04654143258223,0.07418264317995968,223.21050393361176
