PrincipalComponent,coi,c1i,a1i,c2i,a2i
1,0.7314575041645465,0.990583236206158,69.58500956436633,0.24147081077141044,220.72639802637855
2,0.13453304298846216,0.2394331670155303,40.786407196962664,0.2320950471502931,223.0218674658728
