PrincipalComponent,coi,c1i,a1i,c2i,a2i
1,0.6683004795005698,0.7812584267010056,43.822395979180456,0.7891350508528456,214.64060747355447
2,0.04415217363242267,0.06229711311133561,32.996337084105924,0.043513861689843725,215.0770263672195
