PrincipalComponent,coi,c1i,a1i,c2i,a2i
1,0.7085324215596359,0.9485689497692753,66.15516629238098,0.2504550918999244,220.51867430115013
2,0.13577559033142841,0.27670765042847534,40.59392252048958,0.23859204257590952,222.19920250673923
