PrincipalComponent,coi,c1i,a1i,c2i,a2i
1,0.6030243216090514,0.6852778366263247,43.30869211370132,0.8591345972465531,214.7953265320837
2,0.08974262730020041,0.13530123001303135,33.15897767356188,0.11756618540951276,215.0260092695244
