PrincipalComponent,coi,c1i,a1i,c2i,a2i
1,0.7217687222248738,0.8905659429414907,51.027331248044966,0.645260151456978,216.18642141880426
2,0.030601565264502244,0.02161873037862139,34.81609889504953,0.020599955082436276,217.30481787550198
