PrincipalComponent,coi,c1i,a1i,c2i,a2i
1,0.7506777713683688,1.1786593789925253,75.7133403326245,0.1813526449194868,222.63618750178014
2,0.09014808604894392,0.07836533669573265,41.864667777451174,0.10423267794276102,225.207636433887
