PrincipalComponent,coi,c1i,a1i,c2i,a2i
1,0.7511079773486756,1.1021774117793184,74.3818258705506,0.2047005891655184,221.4729736779806
2,0.12817996483366506,0.13462890364980232,41.07461337766948,0.20297476788796176,224.36553328989726
