PrincipalComponent,coi,c1i,a1i,c2i,a2i
1,0.7572319834046369,1.0167014834975319,62.12685091682314,0.4416321637495161,219.08470722853798
2,0.04892094462132976,0.02446353857741874,37.899195659734175,0.027590083100964762,220.8909673157943
