PrincipalComponent,coi,c1i,a1i,c2i,a2i
1,0.6347139933146657,0.7289649995037916,43.600241269759714,0.8274685784075254,214.80447444346905
2,0.06932072429474082,0.10449453379330438,33.12684340295399,0.07115251004393139,215.08808643758903
