PrincipalComponent,coi,c1i,a1i,c2i,a2i
1,0.6896973430635808,0.8267052986913679,55.05273188519461,0.634938859425312,216.71911012052186
2,0.07303208073988572,0.1235785138000493,36.386186917135554,0.05606489965365922,218.53582100202902
