PrincipalComponent,coi,c1i,a1i,c2i,a2i
1,0.6586455035183599,0.7579745705779317,54.00714802386754,0.6928267168221373,216.6769039833457
2,0.09207499649242674,0.17234185731933505,36.64571957077889,0.08081233217563404,218.34243604072336
