PrincipalComponent,coi,c1i,a1i,c2i,a2i
1,0.7931912745748447,1.3497404540668556,80.77936037184034,0.053031395877526415,223.35641617743389
2,0.08118776597203521,0.0730507807651271,42.82984691305671,0.07327950071809324,226.57406211879757
