PrincipalComponent,coi,c1i,a1i,c2i,a2i
1,0.7732489957692245,1.1229092614272713,71.80423881691347,0.1907249207080367,221.02420799428288
2,0.11832551809408953,0.2013878163024664,40.847078719940384,0.18644238977898625,223.55794933336972
