PrincipalComponent,coi,c1i,a1i,c2i,a2i
1,0.770898560325229,1.0464638879204835,66.36219244017738,0.3977303675679038,219.24409735290243
2,0.03687669242197437,0.05091440362924106,38.88076721639958,0.025313614301359498,221.98357706977404
