PrincipalComponent,coi,c1i,a1i,c2i,a2i
1,0.8151446792503669,1.3320981581610134,80.55976862591534,0.07451844975476782,223.41042082876723
2,0.044635599702618906,0.02666142397918192,42.7894727835516,0.023399413805245878,226.65222769359067
