PrincipalComponent,coi,c1i,a1i,c2i,a2i
1,0.8206591582546809,1.2987732970572075,79.13379021963611,0.1070427751853346,222.86288529706633
2,0.03663846544049133,0.021696671403532465,42.33404349128682,0.014107136238546331,226.1533399265732
