PrincipalComponent,coi,c1i,a1i,c2i,a2i
1,0.805967694944261,1.3873782050205183,83.34147976963092,0.014248727815863838,224.01927983067188
2,0.062042664068886914,0.05162120957253964,43.56354524571637,0.04345098794365972,227.45948797040109
