PrincipalComponent,coi,c1i,a1i,c2i,a2i
1,0.8034090592261425,1.186197183101548,73.12695466624407,0.24342892919031514,221.16412455340708
2,0.032379935969490035,0.02486998955872125,40.671371180124076,0.01417283032267063,224.19187196516972
