PrincipalComponent,coi,c1i,a1i,c2i,a2i
1,0.8052739043331025,1.391896400960518,83.6098135811194,0.008880936694550676,224.11564272721674
2,0.058723524230412924,0.044638750472519015,43.62894706407784,0.039145970319387144,227.56842767194058
