PrincipalComponent,coi,c1i,a1i,c2i,a2i
1,0.6271860752374946,0.7089436772935398,52.851017971884836,0.7369615758880786,216.47168577393822
2,0.11064235876540206,0.19881083228204477,36.68239025640586,0.12896483093606148,218.03247567734948
