PrincipalComponent,coi,c1i,a1i,c2i,a2i
1,0.7927252206611494,1.2470440711277728,77.65478847110786,0.136645748472775,221.96318741741084
2,0.11232018786396818,0.10893693570739602,41.69901446238226,0.1448404428490649,225.26951862770986
