PrincipalComponent,coi,c1i,a1i,c2i,a2i
1,0.7473698367809646,1.0727016514525598,68.53409954002917,0.20369622658712147,220.78539102626127
2,0.12288903461998038,0.24088908807694157,40.60938314815741,0.19557572829844075,222.72119958189734
