PrincipalComponent,coi,c1i,a1i,c2i,a2i
1,0.7998354996620324,1.3707536652735302,82.46638922036908,0.029902708616397503,223.79232988416402
2,0.0707438996789422,0.06402216040309795,43.33473249995743,0.05573304642642268,227.14840895765397
