PrincipalComponent,coi,c1i,a1i,c2i,a2i
1,0.7933307296809965,1.3040702471249883,79.25799133583713,0.09206020697217215,222.72050023139803
2,0.09450708783730548,0.08301413968866395,42.28797844882838,0.10640459007668561,225.95515666901213
