PrincipalComponent,coi,c1i,a1i,c2i,a2i
1,0.8607954215977265,1.3997451176197944,85.07745073027729,0.0,224.65082946551573
2,0.043124973780743016,0.03985079090380536,44.01900639764491,0.02411971155889997,228.07400439412413
