PrincipalComponent,coi,c1i,a1i,c2i,a2i
1,0.7590257621082279,1.1352994801327954,78.77763191911637,0.18547923929538707,223.18892293492422
2,0.10446017476280212,0.12245332698011968,43.0652682728568,0.08053770766019047,226.21772501900574
