PrincipalComponent,coi,c1i,a1i,c2i,a2i
1,0.8694874445719806,1.49757656263883,85.67183742477766,0.0,224.19976823711872
2,0.04962910231420739,0.03211262638802384,43.95437630131245,0.014544065489484045,227.99289108162793
