PrincipalComponent,coi,c1i,a1i,c2i,a2i
1,0.854339494896982,1.3364854861872522,81.38325046029362,0.0804113983669568,222.86033259570306
2,0.0961806868172088,0.17471621429207945,43.27474496007113,0.10071188009055004,226.4663176003447
