PrincipalComponent,coi,c1i,a1i,c2i,a2i
1,0.8342124263590512,1.2732700826486967,77.8715987008368,0.10410405706256093,222.69416318580585
2,0.09619386969112863,0.21208067566447858,43.00654844686015,0.11454391171556902,225.63362816884637
