PrincipalComponent,coi,c1i,a1i,c2i,a2i
1,0.8284157684184985,1.3375630244935082,84.78547928944681,0.01692069335555513,224.7104374600646
2,0.061134643081596995,0.06571447411498424,44.153610355336035,0.048454824096752204,228.05420584419642
