PrincipalComponent,coi,c1i,a1i,c2i,a2i
1,0.6868745823807094,0.8608987077398115,68.13763550325356,0.4461453286322575,220.77297779706365
2,0.14038856151943616,0.2101718037966996,41.61365250820521,0.12277856897411674,223.0965010014281
