PrincipalComponent,coi,c1i,a1i,c2i,a2i
1,0.8731620429991638,1.4046930552621368,84.2261278889825,0.05258680816323296,223.03243501735216
2,0.08930881885921364,0.128159522525041,43.51147567584512,0.08350721160347312,227.1705642719004
