PrincipalComponent,coi,c1i,a1i,c2i,a2i
1,0.8662580466475632,1.481614855787777,85.55018229533785,0.0,224.42269435802658
2,0.04211765541801225,0.02594461776816171,44.01769634098133,0.009558966658473072,228.06269587802825
