PrincipalComponent,coi,c1i,a1i,c2i,a2i
1,0.6283827470979657,0.7178922044167272,63.31123239235129,0.5830965285436619,220.27863540412946
2,0.1723611180587853,0.27823442302391455,42.182526772211155,0.20215668796899702,221.95615865662626
