PrincipalComponent,coi,c1i,a1i,c2i,a2i
1,0.8765466380638225,1.5015442362037386,86.46287224613071,0.0,223.76517994296597
2,0.06806350396428983,0.045107776434649166,43.96984605657108,0.04240354185034841,227.99055254897027
