PrincipalComponent,coi,c1i,a1i,c2i,a2i
1,0.8686339290319064,1.4879233477986207,85.58594710210731,6.831198866275959e-18,224.32087301862308
2,0.04530858728005203,0.027581042658115704,43.96972165330307,0.011242637643684463,228.0279377834461
