PrincipalComponent,coi,c1i,a1i,c2i,a2i
1,0.8669803445251475,1.4393992337040065,85.2189714354309,0.0,224.64534093387712
2,0.039227015605629245,0.027498539417295357,44.00281824023074,0.0135747704932202,228.0842135411245
