PrincipalComponent,coi,c1i,a1i,c2i,a2i
1,0.6589196735616942,0.7718076565167279,66.1064515234314,0.5260837470613874,220.64599073190487
2,0.15636084271585307,0.262041396230253,42.36934261910737,0.14646303233166416,222.72360225052543
