PrincipalComponent,coi,c1i,a1i,c2i,a2i
1,0.8820762332637022,1.4873978799108842,87.58445758310884,0.003531866582063013,223.52537835177202
2,0.07892481100870814,0.0871168382814042,44.131862930741455,0.050213964585092585,228.13667440205458
