PrincipalComponent,coi,c1i,a1i,c2i,a2i
1,0.9121022907977493,1.760115814716343,95.30445186747885,7.9686478570116e-17,220.9009069087593
2,0.03410593927501004,0.03380793191499145,45.08850102717744,0.025760337999024774,229.12528127835398
