PrincipalComponent,coi,c1i,a1i,c2i,a2i
1,0.6200630277883803,0.8461451219156445,76.96571998890899,0.3508246772077317,222.5268857646663
2,0.18309104588384426,0.3188459301652725,46.0110944027335,0.3441959886767775,225.44326148855225
