PrincipalComponent,coi,c1i,a1i,c2i,a2i
1,0.7777778880416656,1.424053737207242,89.85719399799898,0.061575014615684265,223.5157418691419
2,0.08908971058098333,0.12566595255660723,44.957642839861094,0.11098080833133339,228.717416212676
