PrincipalComponent,coi,c1i,a1i,c2i,a2i
1,0.8844713738970871,1.664605484222954,89.34064483885393,0.006664506917277019,222.19916295965348
2,0.03857482434788463,0.12340043516058335,44.438152506633315,0.06788558142596052,228.03820031167274
