PrincipalComponent,coi,c1i,a1i,c2i,a2i
1,0.903560180687646,1.7179326288891419,91.70005415630462,3.668941110294655e-17,221.50120047134232
2,0.04327305138412455,0.06926232729607744,44.57905942520846,0.07050432636794232,228.39175969408558
