PrincipalComponent,coi,c1i,a1i,c2i,a2i
1,0.7496826896828508,1.2882770569660589,86.40072031935082,0.12420294318110017,223.0327862327994
2,0.10817135348114901,0.1597966902302856,44.21103390589573,0.15424424473652268,227.69339693722284
