PrincipalComponent,coi,c1i,a1i,c2i,a2i
1,0.8315339809514254,1.6149859083585292,92.35720384796149,4.173209875468222e-17,223.09542513045383
2,0.05471139683569312,0.05929979089156148,45.23112443619227,0.06794584172312029,229.1920378576566
