PrincipalComponent,coi,c1i,a1i,c2i,a2i
1,0.8189179919379322,1.5866238618380306,92.56174132984987,0.0,223.36250298171743
2,0.05887334574369106,0.0780395955466802,45.353205625565835,0.07123100026025085,229.3285405233752
