PrincipalComponent,coi,c1i,a1i,c2i,a2i
1,0.8482681366857006,1.6583637679985932,92.66448146969739,0.0,222.77331930816152
2,0.04521387360528088,0.04692907580000942,45.14904893673203,0.04862625134148309,229.1582614366953
