PrincipalComponent,coi,c1i,a1i,c2i,a2i
1,0.9125634949142457,1.7493663274715154,93.71199913616958,1.5453758474312299e-16,221.10762687551303
2,0.04195056180087963,0.0452139134628974,44.83628377190338,0.04893974688178796,228.7763598342765
