PrincipalComponent,coi,c1i,a1i,c2i,a2i
1,0.8881887313648418,1.7294959047166862,94.3130851907038,0.0,221.6456463946997
2,0.03393234436641455,0.034642679787027474,45.12615694668485,0.02267585992356357,229.1592681597708
