PrincipalComponent,coi,c1i,a1i,c2i,a2i
1,0.6599465998442713,0.9889047468365224,78.09320302852265,0.27986358158981567,221.7916806567164
2,0.1567345202896332,0.24581165898271412,43.25844843581935,0.2786275284672847,225.223615515459
