PrincipalComponent,coi,c1i,a1i,c2i,a2i
1,0.8639060789398824,1.6938657430440494,92.89175228843062,0.0,222.3386236893273
2,0.0383920846118247,0.04184736548636564,45.068988871980025,0.03310351803858417,229.05946285449582
