PrincipalComponent,coi,c1i,a1i,c2i,a2i
1,0.6059945739561198,0.8154959297259758,80.77059869573738,0.35231803789377386,224.80332816839854
2,0.2009970414446757,0.37722149209581335,51.65865823238555,0.3509695541963258,227.45239936666755
