PrincipalComponent,coi,c1i,a1i,c2i,a2i
1,0.8745486891613777,1.6002895075814674,92.72767932940054,9.282248581659154e-17,224.46107969672127
2,0.040956669637220285,0.026904329715146655,45.56809467749751,0.014953104133737192,229.73270986166443
