PrincipalComponent,coi,c1i,a1i,c2i,a2i
1,0.8636139925987016,1.5645658817443473,92.55262663120503,1.5231752965168105e-17,224.87216985844168
2,0.04036692271857282,0.029639160149584624,45.66784340459709,0.02430228908107175,229.85344748232475
