PrincipalComponent,coi,c1i,a1i,c2i,a2i
1,0.5900980093559773,0.6140555083326249,60.78266849278732,0.6787583854436536,220.63610761534815
2,0.1980169404200779,0.31961505594385886,44.72557522977707,0.30521022256948505,221.7673611143685
