PrincipalComponent,coi,c1i,a1i,c2i,a2i
1,0.640323523707355,0.7670267553867824,67.42513286611747,0.5283138460793679,220.68123355125783
2,0.1717546651665554,0.2472518997781274,42.49216697814036,0.23517344297362064,222.94203272149258
