PrincipalComponent,coi,c1i,a1i,c2i,a2i
1,0.8258625408352638,1.4043650111005306,90.88318030528897,0.02388367159310586,225.26526058724485
2,0.06832962322695385,0.07417654733517991,45.542882396740936,0.07768460934914387,229.628002178365
