PrincipalComponent,coi,c1i,a1i,c2i,a2i
1,0.7693435562803851,1.2664889859078667,87.44207854235923,0.09760737706558657,224.63792898780352
2,0.10563160890617311,0.10891372230818434,44.7788056340125,0.12971102728482117,228.61820669777345
