PrincipalComponent,coi,c1i,a1i,c2i,a2i
1,0.8496614011339261,1.4920886141621195,92.18520016730704,0.0,225.32639610544533
2,0.05034481872297842,0.04667830252949122,45.766615973731994,0.048299152309603355,229.94480543484784
