PrincipalComponent,coi,c1i,a1i,c2i,a2i
1,0.8695609805433602,1.5792957115913442,92.5179915118039,3.021053690223821e-17,224.68832756696904
2,0.039703889981661605,0.027074448102928465,45.605034530093405,0.020865502437962168,229.77056516588036
