PrincipalComponent,coi,c1i,a1i,c2i,a2i
1,0.7060671040492333,1.0415031869889655,79.81393274990661,0.2768099867561949,222.90106694346989
2,0.14152081946034814,0.16601051793345498,43.54363587352183,0.1778940056868766,226.3246025543767
