PrincipalComponent,coi,c1i,a1i,c2i,a2i
1,0.8815868008905292,1.6189985963710494,92.77049627271332,0.0,224.1359723239629
2,0.041680877888326306,0.028847451791506846,45.47439954777316,0.012672028331323444,229.62096845435013
