PrincipalComponent,coi,c1i,a1i,c2i,a2i
1,0.9016013969574327,1.6357601075694004,95.20275691355059,2.4682877625845674e-17,222.99290233397315
2,0.06275539617770519,0.047917041473570995,45.67363647740752,0.03600785135766045,229.79240995388133
