PrincipalComponent,coi,c1i,a1i,c2i,a2i
1,0.8930689096034259,1.6012166538826342,93.75331396229083,1.1422904550082613e-16,223.1020524204305
2,0.07765325045636447,0.07772397397894891,45.611769337485605,0.06847964766135006,229.46535101482397
