PrincipalComponent,coi,c1i,a1i,c2i,a2i
1,0.8828537941248339,1.5496518361236002,91.55558771818832,0.011714748623755676,223.3772853888604
2,0.0752560460171987,0.12656590486816893,45.51985107797503,0.0760974426700354,229.03284210526363
