PrincipalComponent,coi,c1i,a1i,c2i,a2i
1,0.853833061677641,1.4572678587579004,86.62324044093715,0.0629170464083874,223.2169681708483
2,0.08343009921878945,0.15750268992372982,44.772382031475836,0.10267400981376276,227.82666093395147
