PrincipalComponent,coi,c1i,a1i,c2i,a2i
1,0.8236878550393336,1.447400943020247,91.8890505964889,0.10271424524365227,221.0217398244012
2,0.09908753713285058,0.09568317529889799,44.27061229731873,0.1575433607879271,228.41384975807554
