PrincipalComponent,coi,c1i,a1i,c2i,a2i
1,0.75760598038867,1.1256866115945898,81.16944963923515,0.26400535603799347,220.12524778482242
2,0.14329135713666713,0.14752796352246247,41.54165606857673,0.26804196112609896,225.48095176829483
