PrincipalComponent,coi,c1i,a1i,c2i,a2i
1,0.8402641623340809,1.4993806607085054,93.2748112710796,0.07565262398676284,220.98366451986112
2,0.09049340727742962,0.0880764856771884,44.59073858813093,0.14052744685429483,228.73002786370193
