PrincipalComponent,coi,c1i,a1i,c2i,a2i
1,0.5939535585667244,0.6076463313548492,63.05985818135088,0.5904019057466501,217.59115923651592
2,0.22097070576151046,0.317515118506076,40.342268178520705,0.5650539473469723,219.9855307057261
