PrincipalComponent,coi,c1i,a1i,c2i,a2i
1,0.6327858816381139,0.6894648207712215,64.01596956027275,0.5152070352031107,217.04261643181914
2,0.19467961455342095,0.2717763561565716,37.47999488831618,0.4884438112889938,220.2808485270151
