PrincipalComponent,coi,c1i,a1i,c2i,a2i
1,0.6706309434196382,0.8347331733052333,68.44218574585399,0.42916137492832873,218.05408037079516
2,0.1810491902158708,0.21192834528081908,38.19431890429162,0.40791916757456986,221.6634289008245
