PrincipalComponent,coi,c1i,a1i,c2i,a2i
1,0.6192550607837201,0.6415212821907303,65.25322002068691,0.5438138982279841,217.52364258072882
2,0.20513207513599993,0.3124543514812495,39.49569375376548,0.5167322707674935,220.73972410488932
