PrincipalComponent,coi,c1i,a1i,c2i,a2i
1,0.7845246392231106,1.2638150648992843,86.30506857755974,0.1938802536644172,220.81754664353343
2,0.12684943517530536,0.12237860630443857,42.891204695302726,0.21743099679196193,226.98276506135807
