PrincipalComponent,coi,c1i,a1i,c2i,a2i
1,0.8669605267632716,1.597265597111976,95.91640995821633,0.02228070784055527,220.9347971770537
2,0.0737759202151138,0.07552013862161262,45.17897845439955,0.108556766290356,229.34083546428548
