PrincipalComponent,coi,c1i,a1i,c2i,a2i
1,0.8926261807076634,1.6676110116210805,96.78743952380574,0.0,220.22621069452904
2,0.061973043227340124,0.048716568231880225,45.204081280588795,0.09706704827984426,229.32533999994646
