PrincipalComponent,coi,c1i,a1i,c2i,a2i
1,0.9301397378660995,1.7330910828554693,98.75170124781462,1.4856887660856452e-16,218.8485387491962
2,0.046434813857758,0.030065660835240163,45.23408607292789,0.06336961879121165,229.35712007166958
