PrincipalComponent,coi,c1i,a1i,c2i,a2i
1,0.9611716614270011,1.7959811452934682,100.0,1.0801702288971374e-16,217.66243228309256
2,0.040257750113163876,0.017462396029008176,45.07714698646169,0.041173640772008926,229.24584121711075
