PrincipalComponent,coi,c1i,a1i,c2i,a2i
1,0.974029572668045,1.8129162862643327,98.68889971820295,4.290350185729297e-17,218.24925343914148
2,0.03902275195233217,0.014677198843238665,44.895689826816444,0.04427495121927121,229.05621786804494
