PrincipalComponent,coi,c1i,a1i,c2i,a2i
1,0.9666510610840622,1.794582162146873,96.22969744849433,0.0,219.2486687207646
2,0.040952625478300225,0.02349817691241981,44.644463350851325,0.06411194896161801,228.73865680779838
