PrincipalComponent,coi,c1i,a1i,c2i,a2i
1,0.6943263693454795,0.8347073945191127,78.46998346416396,0.3724520319915311,220.61496024940988
2,0.16168286391488756,0.33461986399297045,47.36768622951949,0.35954047172261655,225.71412228637817
