PrincipalComponent,coi,c1i,a1i,c2i,a2i
1,0.77785891538599,1.147748762131257,87.63215803148667,0.22582593072922438,221.0946330903036
2,0.115560830216012,0.24468199203125351,46.053210373580605,0.24559713510189435,227.73383966435344
