PrincipalComponent,coi,c1i,a1i,c2i,a2i
1,0.7591269230221251,1.040471895631243,84.36964337139764,0.2716354140413262,220.89985921617762
2,0.12777699893102204,0.27123264727066465,45.89096308252869,0.27788245356691504,226.93695972010934
