PrincipalComponent,coi,c1i,a1i,c2i,a2i
1,0.5997984753018822,0.4651983153658028,52.81101777177143,0.8045906345357682,219.59619098123306
2,0.20142685301266866,0.4679308586230683,51.73358009309852,0.4029291644760822,220.2023369034857
