PrincipalComponent,coi,c1i,a1i,c2i,a2i
1,0.8056670498188113,1.2911736878490765,91.14333888443412,0.16770142050006617,221.04542829519846
2,0.0962294940343347,0.21404899318070075,46.1244839361567,0.2072483599587582,228.49148054877816
