PrincipalComponent,coi,c1i,a1i,c2i,a2i
1,0.6284855483711121,0.5176915320185864,58.389467817577064,0.7112708333672028,219.65246300108214
2,0.1889292701245379,0.45078432288336834,51.32599082886613,0.3845293196001344,221.681917506623
