PrincipalComponent,coi,c1i,a1i,c2i,a2i
1,0.7260729719096531,0.9281021995692944,79.84418128914434,0.333124342242187,220.35471189733067
2,0.14188393996528717,0.2938486910290959,45.164459234406685,0.3257499371299947,225.7208127335083
