PrincipalComponent,coi,c1i,a1i,c2i,a2i
1,0.837131168945043,1.4149388136032488,93.93935899079959,0.11151438608992943,221.05231031305343
2,0.080893631425752,0.18903022440233302,46.18779754592012,0.17148041535834907,229.0748605694344
