PrincipalComponent,coi,c1i,a1i,c2i,a2i
1,0.6573640517478251,0.6554193346684812,70.8177991783668,0.536595739719519,220.82017882481904
2,0.18315377267528618,0.40742310041887264,51.899587944329205,0.375465588288381,224.76564679512444
