PrincipalComponent,coi,c1i,a1i,c2i,a2i
1,0.8960320688450084,1.6396543127479009,100.0,0.0,220.05502048500205
2,0.058936252315710126,0.14111600707516478,46.70395718580052,0.1121692601210576,230.10972078410444
