PrincipalComponent,coi,c1i,a1i,c2i,a2i
1,0.9414379341276207,1.7496944252771536,100.0,0.0,219.0127571411475
2,0.041649451267923576,0.08349730860313181,45.914014615415894,0.082100580797381,229.66748946655304
