PrincipalComponent,coi,c1i,a1i,c2i,a2i
1,0.9701039864668041,1.8546226814961249,97.11045050286808,0.0,220.57109455759002
2,0.029328468621761066,0.03389730138419262,45.18091056151654,0.0334847352125704,229.29759375677475
