PrincipalComponent,coi,c1i,a1i,c2i,a2i
1,0.9733272057176119,1.8317172354858697,99.4149116649318,3.751128306865656e-17,219.63533092139448
2,0.02960403331089683,0.04504482136691802,45.50593646898319,0.042030755808457686,229.61085930779402
