PrincipalComponent,coi,c1i,a1i,c2i,a2i
1,0.9555802048865544,1.843485413060598,94.5893348073866,0.0,221.30752902236017
2,0.029472132497668543,0.03814368326540215,44.84507178963531,0.038210621236031174,228.91221460710446
