PrincipalComponent,coi,c1i,a1i,c2i,a2i
1,0.6390620904936823,0.6716370164002253,67.1254062001443,0.45516803141247625,224.26895041063875
2,0.17434505870089068,0.4992888832438618,56.00424285906102,0.290732658705631,225.3263909893487
