PrincipalComponent,coi,c1i,a1i,c2i,a2i
1,0.7008055007131408,0.8935654544166743,74.00301884099588,0.283773345077187,222.97354259661375
2,0.13456510221544024,0.38382097233267365,48.36850639159945,0.2767847113777646,225.40466535601152
