PrincipalComponent,coi,c1i,a1i,c2i,a2i
1,0.7286680990462702,0.9739514397768358,76.57343423696028,0.24959492381114023,223.05736006274603
2,0.12189946187511781,0.3574457342924312,47.880949976544365,0.24738014872153816,225.95590588639124
