PrincipalComponent,coi,c1i,a1i,c2i,a2i
1,0.7417450668757898,1.0469638933548773,77.73961950366589,0.23533333618061422,222.79555284499284
2,0.11179195527940476,0.3234210107740601,46.766080575440924,0.23633403367747075,226.01138186250708
