PrincipalComponent,coi,c1i,a1i,c2i,a2i
1,0.7938691911198967,1.2370594582164371,81.37415493937662,0.18475993763891224,222.31268634404182
2,0.07988858971798937,0.26241835837221783,45.294339923021596,0.19801108276648535,226.44561181018062
