PrincipalComponent,coi,c1i,a1i,c2i,a2i
1,0.7655249099833061,1.1479958484668893,79.48462777890786,0.21298618249406748,222.42935048810972
2,0.09312832289269579,0.2888331083005128,45.78863257932785,0.21941675769650085,226.14076862900066
