PrincipalComponent,coi,c1i,a1i,c2i,a2i
1,0.5921007784182615,0.5336499657794387,56.78760457612964,0.6598469844596228,223.99369694364472
2,0.19588145908759283,0.5647500274573303,58.29016454248125,0.29840555394285834,223.08213512289907
