PrincipalComponent,coi,c1i,a1i,c2i,a2i
1,0.7762466207193864,1.1803617919115625,80.17725141401831,0.20302244571673492,222.36700158479226
2,0.08923951474590967,0.27893929059264105,45.56793803892132,0.211797182096044,226.23662217013185
