PrincipalComponent,coi,c1i,a1i,c2i,a2i
1,0.6171507825304083,0.5736392668834972,60.08062254726194,0.5821919722023332,223.8084133305906
2,0.18254373612356647,0.5473278471456295,57.211398180610594,0.28450691502099346,223.89182793620097
