PrincipalComponent,coi,c1i,a1i,c2i,a2i
1,0.6750791823385728,0.8362551472930307,75.08089690579891,0.29085796254967944,224.30200603738567
2,0.15480099042654466,0.4309976277406439,52.39787562597716,0.284390263433143,226.46490731708187
