PrincipalComponent,coi,c1i,a1i,c2i,a2i
1,0.8131741439488934,1.295927519786316,82.66539820186064,0.16410617383999618,222.2965037956793
2,0.07129606067395781,0.2491821204009308,45.23043271693576,0.18268744521464367,226.70609392518148
