PrincipalComponent,coi,c1i,a1i,c2i,a2i
1,0.8487922626175218,1.4038748900804543,86.50949237068694,0.11890062921921978,222.24818191903344
2,0.06183043714622305,0.21654311106143076,45.46770271738629,0.15335073632759655,227.51488625137483
