PrincipalComponent,coi,c1i,a1i,c2i,a2i
1,0.8932341600748598,1.5430873845297004,89.80627627809852,0.06817909111638178,222.09600591700917
2,0.04943825848672466,0.17021526964737188,45.23402286376736,0.12243463009740291,228.1190107822906
