PrincipalComponent,coi,c1i,a1i,c2i,a2i
1,0.9374004496958445,1.790810907282868,88.8564496973515,0.0,222.221800634977
2,0.02723806274395934,0.051402327763765035,43.98068068746292,0.05002229510882691,227.8345185392361
