PrincipalComponent,coi,c1i,a1i,c2i,a2i
1,0.927402908684217,1.8126317100274871,86.68283112769268,7.760668596217602e-17,222.3645166220498
2,0.02383062217954094,0.039261799952584865,43.51699943255822,0.03489484271690659,227.36481292281587
