PrincipalComponent,coi,c1i,a1i,c2i,a2i
1,0.7114782413603012,1.2410494264330478,82.92581715347447,0.0028088629120910638,240.9481111777127
2,0.12095238061916665,0.517244506398405,91.58669486934886,4.7586048257756604e-17,229.65660969263234
