PrincipalComponent,coi,c1i,a1i,c2i,a2i
1,0.6800437128472839,1.1144862581770694,83.54206512689753,0.003461283332973492,239.25745764871712
2,0.14977941371936984,0.584942035654657,88.07175067426378,0.0,232.55358572864696
