PrincipalComponent,coi,c1i,a1i,c2i,a2i
1,0.7203013087217635,1.2623129810542177,82.85677762162851,0.0025839082088010387,241.17969001133505
2,0.11748461874606345,0.5057089830293466,92.18036193864044,0.0,229.1419163060626
