PrincipalComponent,coi,c1i,a1i,c2i,a2i
1,0.5753775494472904,0.6223638177653881,63.538395523064324,0.49466139989662705,228.18624469268048
2,0.1750748566424847,0.6565491999453537,66.56713294203463,0.16744933083767197,226.87500333435037
