PrincipalComponent,coi,c1i,a1i,c2i,a2i
1,0.5941977270490355,0.7283457862613651,70.1359652817841,0.35408301727628994,228.36663728813107
2,0.16789450518668125,0.5895995519343774,64.24864532723859,0.2021039737519776,227.9447528324921
