PrincipalComponent,coi,c1i,a1i,c2i,a2i
1,0.6911314747159304,1.1673318023257988,83.0202053521962,0.003946613856523323,240.27651506018802
2,0.13951131236264216,0.5519812313069277,89.80847195254336,0.0,231.20681648555527
