PrincipalComponent,coi,c1i,a1i,c2i,a2i
1,0.5534304166508087,0.5721378218944476,60.3174964452037,0.5865308827280552,228.86409516576907
2,0.18715108329342775,0.7000759051686405,69.26996900772403,0.14681995812651508,226.41150717501438
