PrincipalComponent,coi,c1i,a1i,c2i,a2i
1,0.7344726393033908,1.301180506203457,82.75198479080677,0.002325339021084591,241.91082772320797
2,0.109209231134165,0.48346111306615397,93.50166892273047,0.0,227.92648207057948
