PrincipalComponent,coi,c1i,a1i,c2i,a2i
1,0.6571642662766324,1.069004733248149,84.32687906880234,0.004493942712992309,239.07427686045443
2,0.16269965628677066,0.6230375812796494,87.91624074088824,5.3866346861946126e-18,233.5680088683651
