PrincipalComponent,coi,c1i,a1i,c2i,a2i
1,0.6259128666320066,0.947762665388302,80.26708806467731,0.1114792742183447,235.15526337889787
2,0.17328402727085554,0.6117041599664027,80.0539214160291,0.07284994298578483,232.46841672532753
