PrincipalComponent,coi,c1i,a1i,c2i,a2i
1,0.8193542554487011,1.494014696071442,85.50967138157749,0.0,241.8943582185031
2,0.07743819803629202,0.36168003652132613,99.57261574107946,0.0,225.27926802931714
