PrincipalComponent,coi,c1i,a1i,c2i,a2i
1,0.7510641984435941,1.3399895366531038,82.82019235814167,0.0007434371962866623,241.8241178460076
2,0.10044270309473934,0.46458765197667296,94.00758962314859,0.0,227.30706303930106
