PrincipalComponent,coi,c1i,a1i,c2i,a2i
1,0.8452451560543828,1.5215829081317376,81.23869290662125,0.11578458543594246,222.15324346477516
2,0.030251004535931422,0.1671715652647921,43.138876889299645,0.13966617953226523,226.04652059511176
