PrincipalComponent,coi,c1i,a1i,c2i,a2i
1,0.8600321944278005,1.6699870456032422,82.27717710626334,0.052824534341978285,222.44916094540292
2,0.019055279358459073,0.11551542411071541,42.97731010675413,0.0863658538387502,226.37452552570016
