PrincipalComponent,coi,c1i,a1i,c2i,a2i
1,0.8583634311530255,1.7662317360183835,82.3723652767076,0.005459934323747642,222.60623915443728
2,0.012236339844701011,0.08727276818188544,42.872336065176704,0.04385907401221889,226.45471104736524
