PrincipalComponent,coi,c1i,a1i,c2i,a2i
1,0.2200118969025768,0.6094244014984578,61.36524665867663,0.9302933292267007,215.46715106975495
2,0.020997483274875557,0.05642504844537773,37.72451020885645,0.23717524066628484,219.84703671527834
