PrincipalComponent,coi,c1i,a1i,c2i,a2i
1,0.29262676269898524,0.1097299184674043,28.947241185679765,1.7203663984042568,210.3576250119082
2,0.012573179087354669,0.004828118524627679,28.876683176109236,0.028804352734174497,209.93569015835448
