PrincipalComponent,coi,c1i,a1i,c2i,a2i
1,0.26458235713277806,0.5358457530076447,68.75371965937974,1.037077414352932,211.48713907674514
2,0.015553972008559196,0.03259353815169188,38.23882948546951,0.10248842822167425,220.57522738551594
