PrincipalComponent,coi,c1i,a1i,c2i,a2i
1,0.18178775478869222,0.34349214459118205,28.893948794854797,1.1903776741206153,210.23447201037538
2,0.05047294372240562,0.14504913296105898,28.81613763205158,0.41867463369892605,209.80806605046112
