PrincipalComponent,coi,c1i,a1i,c2i,a2i
1,0.29009009418779597,0.5298692792632079,86.42081079000012,1.0546942763113607,201.62574907779924
2,0.014856100671291159,0.020296380039985885,39.72419184987592,0.06472808430262669,222.14348708569796
