PrincipalComponent,coi,c1i,a1i,c2i,a2i
1,0.21907693743052506,0.5912054143620019,60.13008178525448,0.9626228493901846,215.1131673631052
2,0.019564548372306263,0.05155342596522172,37.28029404865792,0.21903461230911989,219.44420070373363
