PrincipalComponent,coi,c1i,a1i,c2i,a2i
1,0.2889668580331657,0.07292527972926792,28.969224173303743,1.8089593318197434,210.35770513874246
2,0.010792086114376381,0.006259985244643103,28.898591814512976,0.03695413218371851,209.93497455378278
