PrincipalComponent,coi,c1i,a1i,c2i,a2i
1,0.2162882106459769,0.633980733340927,62.90968490668915,0.893141145023182,216.07547564190517
2,0.024439973209445433,0.06310960447196046,38.34290873165368,0.26848044893231837,220.43683831986863
