PrincipalComponent,coi,c1i,a1i,c2i,a2i
1,0.19495385690660788,0.3055323916875114,28.870425219788448,1.18696652845164,210.22315535713582
2,0.04740095059022918,0.18563852825661376,28.795164709716353,0.40161515884179483,209.78362646229442
