PrincipalComponent,coi,c1i,a1i,c2i,a2i
1,0.30756842509370047,0.057042268493392626,28.965274230851897,1.8098118410881467,210.36235516444066
2,0.012101165308891387,0.008899472511487086,28.894410588554493,0.02478053580562004,209.94167536233903
