PrincipalComponent,coi,c1i,a1i,c2i,a2i
1,0.23481550724372027,0.526228464943473,56.04700682190098,1.0574555018495135,213.78445743573042
2,0.01652630118492437,0.04174855775657098,35.93808318680325,0.14910532621713055,217.9860786471577
