PrincipalComponent,coi,c1i,a1i,c2i,a2i
1,0.3116118947300067,0.16803517598017195,70.1203612660776,1.4655843040097838,179.24217364428634
2,0.012881062686048873,0.008721554493034207,30.042097772519845,0.039795325795419334,211.16551476200559
