PrincipalComponent,coi,c1i,a1i,c2i,a2i
1,0.20985746477157352,0.6314237061644598,60.68865164648599,0.8812877569899836,216.18059012596305
2,0.03013553578755668,0.062403772667423425,37.81188555904206,0.30968585792684816,219.89306907709738
