PrincipalComponent,coi,c1i,a1i,c2i,a2i
1,0.20978611082201393,0.5372552238577946,55.068792094141635,0.9674631108186074,214.2731246236326
2,0.055438213397749285,0.059551007490289715,35.96692793278934,0.4145882953040224,217.97828139125815
