PrincipalComponent,coi,c1i,a1i,c2i,a2i
1,0.2034885786097467,0.5783140367349277,55.199408477172106,0.9303327729579451,215.29835225303506
2,0.044156536007226486,0.0553834528144323,36.246940561476755,0.3646741295068967,218.27216964209012
