PrincipalComponent,coi,c1i,a1i,c2i,a2i
1,0.20246221402143147,0.40828929863806196,43.88812886773234,1.110978019079758,211.7791686535512
2,0.0572036420530374,0.10334872604070428,33.21383064813349,0.43031408011381517,214.18769802554976
