PrincipalComponent,coi,c1i,a1i,c2i,a2i
1,0.24655483475511303,0.34822435301126425,47.26397305686478,1.222566134690518,211.51120689690782
2,0.023680223178322232,0.04243902842945908,33.105303535216485,0.1664854352097835,215.15886975487615
