PrincipalComponent,coi,c1i,a1i,c2i,a2i
1,0.1979954706537031,0.2679835168294202,28.858791445511223,1.1684522185198754,210.19430265434835
2,0.06752978493221765,0.16084307441274026,28.78051403171121,0.4863404280279404,209.74303763817431
