PrincipalComponent,coi,c1i,a1i,c2i,a2i
1,0.20416017963308825,0.45625705400899846,48.382552140385535,1.0593132703620864,213.88570306239805
2,0.03296705407160863,0.04841163448064438,34.03897624719235,0.3122839769996114,216.36227371760447
