PrincipalComponent,coi,c1i,a1i,c2i,a2i
1,0.20017163054922618,0.4980070905536895,51.27247619644105,0.9864800611076048,214.56494680328274
2,0.03992133094074897,0.05158902364452235,34.99780801445365,0.37479443807090423,217.39646721407777
