PrincipalComponent,coi,c1i,a1i,c2i,a2i
1,0.31669140741606633,0.10242108989270023,42.898445134296516,1.8910323188971792,250.0
2,0.01571039824404844,0.01349779063556377,42.7476757814233,0.020313888690970776,225.3821217138943
