PrincipalComponent,coi,c1i,a1i,c2i,a2i
1,0.2211219305368281,0.39733423086338476,44.17017934502444,1.1562254865486763,213.13062027988835
2,0.027408291320091472,0.04727200592214036,32.825841020441324,0.22527768032635528,214.90652709367927
