PrincipalComponent,coi,c1i,a1i,c2i,a2i
1,0.1945887151509512,0.5115284205081179,50.64412939095341,0.9518409464379692,214.82101262138426
2,0.04665129683830355,0.04728145203053834,34.92133724367983,0.42172523369890297,217.37269773957817
