PrincipalComponent,coi,c1i,a1i,c2i,a2i
1,0.27396726369482677,0.16771081268224833,28.9312601612944,1.5668298302649333,210.3652943310665
2,0.01720637460518289,0.022407166973199354,28.86038739220764,0.06968620568854521,209.9382305235031
