PrincipalComponent,coi,c1i,a1i,c2i,a2i
1,0.3138798393968203,0.03744383416895817,28.955752860888616,1.7782514105851057,210.36184147427338
2,0.015048746133792246,0.014178090701587622,28.885037924934803,0.03740165063595485,209.94262591941234
