PrincipalComponent,coi,c1i,a1i,c2i,a2i
1,0.19536120320339664,0.44480025532281636,46.14772195915462,1.0082136543048177,213.63071644741623
2,0.07341070035431313,0.03978611451260276,33.61756271854339,0.5266711747476854,216.17626804036433
