PrincipalComponent,coi,c1i,a1i,c2i,a2i
1,0.18590549357606584,0.3027293186858993,28.89324236841475,1.1637936697124034,210.22757925202947
2,0.06986296290722305,0.12309708159428243,28.812143794574496,0.5116311705587002,209.7862114391733
