PrincipalComponent,coi,c1i,a1i,c2i,a2i
1,0.18902179950870165,0.4827301478765651,46.880742733257,0.9708453618057814,214.31551302680194
2,0.06250241855687814,0.036882358361312616,33.96989395543383,0.4784210003395672,216.37201169617197
