PrincipalComponent,coi,c1i,a1i,c2i,a2i
1,0.19206696064892895,0.3464158238179519,37.51565538031967,1.1209180613397935,211.92341429013337
2,0.07390792777752564,0.08340675045308091,31.13469771232697,0.5337007220602741,213.19078199558425
