PrincipalComponent,coi,c1i,a1i,c2i,a2i
1,0.23586258703533144,0.25453969963328005,28.921393140893354,1.4193993221101415,210.3639484272299
2,0.019771288866701847,0.03231577082236352,28.848772702037703,0.11475054185522497,209.93433446694303
