PrincipalComponent,coi,c1i,a1i,c2i,a2i
1,0.2042905810338798,0.47299362355103847,49.63615816219236,1.0272342970933277,214.11702911882838
2,0.0356493696839674,0.049842961153749574,34.435310256754335,0.3354725497763542,216.76932421983864
