PrincipalComponent,coi,c1i,a1i,c2i,a2i
1,0.30177315930097626,0.12142422339069538,41.92584061446265,1.9042880727369917,250.0
2,0.011537378245545812,0.008094436102355706,42.49612092718826,0.017876399110305086,225.12265790839828
