PrincipalComponent,coi,c1i,a1i,c2i,a2i
1,0.1924083555480102,0.37224500594635906,46.140202382825855,1.077508107130545,213.36298037103177
2,0.055376134103645135,0.041357110939263454,33.29890274823865,0.5444664511028986,217.18281170650818
