PrincipalComponent,coi,c1i,a1i,c2i,a2i
1,0.20755073786615946,0.2387245563471011,28.950815889060213,1.337995484284379,210.35223706964072
2,0.02815615915115357,0.06025171112264074,28.878640677523435,0.3104473135868385,209.93582069209694
