PrincipalComponent,coi,c1i,a1i,c2i,a2i
1,0.1887123638668243,0.36347906877204655,43.985503766715404,1.0677267861615405,213.8339047847224
2,0.07353256895195617,0.024302211864405628,33.32441065191883,0.6108892402439954,217.2567876636655
