PrincipalComponent,coi,c1i,a1i,c2i,a2i
1,0.20205840999273997,0.3029373381938916,41.249168897793076,1.2110461149964689,212.1626577672597
2,0.036701324594787206,0.055437825088912304,31.38124164697747,0.41436832419387354,214.95587198393466
