PrincipalComponent,coi,c1i,a1i,c2i,a2i
1,0.32464880219577535,0.0,42.948091039421875,2.08138681206046,250.0
2,0.01745961268944522,0.014658423602857554,42.7867174616173,0.033573754589927486,225.35537454827545
