PrincipalComponent,coi,c1i,a1i,c2i,a2i
1,0.2959485022517451,0.04436197796484272,28.963356688265854,1.705132154331106,210.36192745424577
2,0.02031180697518626,0.03368693012979059,28.892824495412608,0.11426856226029097,209.9418746314896
