PrincipalComponent,coi,c1i,a1i,c2i,a2i
1,0.32234857243084286,0.003539659456566058,42.96572138075342,2.121173797799759,250.0
2,0.010822446327164705,0.008160022451348644,42.79075318731105,0.014965916536979316,225.34835003369088
