PrincipalComponent,coi,c1i,a1i,c2i,a2i
1,0.21475070660003723,0.18181033347323605,28.899093039472778,1.2349886457447643,210.2097492132919
2,0.07621112992580556,0.13456268276415623,28.817469607274226,0.6028014028492027,209.75000550740657
