PrincipalComponent,coi,c1i,a1i,c2i,a2i
1,0.18513647255546528,0.2472416681527068,28.928161729598607,1.2136070229931382,210.1823095584661
2,0.08248050777954764,0.05570956784590941,28.84526050394858,0.6662151428824141,209.75798724993456
