PrincipalComponent,coi,c1i,a1i,c2i,a2i
1,0.1981019532369307,0.33818219536551225,44.619382712106855,1.0897543737557467,213.60334118642623
2,0.08445232637509888,0.021627713359391777,33.603894821052705,0.6641373057508569,218.38301831824256
