PrincipalComponent,coi,c1i,a1i,c2i,a2i
1,0.20147060836877098,0.31874774807881395,42.750340658010046,1.1781247874620688,212.20677410896175
2,0.04078290920950475,0.054293236923392635,31.842095030760063,0.4416784912967909,215.4395597907185
