PrincipalComponent,coi,c1i,a1i,c2i,a2i
1,0.32027324305691407,0.027168882917628152,42.934601275644305,1.9675497228169183,250.0
2,0.018642344826802826,0.02215990799412231,42.78599992476064,0.057883327647058606,225.3738274308629
