PrincipalComponent,coi,c1i,a1i,c2i,a2i
1,0.20192589013862539,0.21605406216708947,28.920607728136634,1.2228389679183889,210.2120773506338
2,0.07935654313775836,0.09700845294850564,28.836535530238386,0.6358273943186936,209.76822071616618
