PrincipalComponent,coi,c1i,a1i,c2i,a2i
1,0.23409894447344,0.18876103534024183,28.948593303755377,1.418581917533675,210.36405760384642
2,0.02366590723028131,0.05534664638707646,28.8771582343401,0.2418806262529669,209.93905745250706
