PrincipalComponent,coi,c1i,a1i,c2i,a2i
1,0.25968393443805093,0.12851543795872086,28.95109966103189,1.5428413948187376,210.36054210507538
2,0.021475962642661696,0.04553424351550314,28.88040533039876,0.17473038528104842,209.93743129783044
