PrincipalComponent,coi,c1i,a1i,c2i,a2i
1,0.19745871187636693,0.34844215074314033,45.39554726424236,1.1281254026945315,212.60456980200632
2,0.0463935658717954,0.050546881733368465,32.74260548348213,0.4899783901535555,216.50529216597172
