PrincipalComponent,coi,c1i,a1i,c2i,a2i
1,0.3015924577473604,5.705388742309747e-18,29.007777204691397,1.8321670701096344,210.3762964939717
2,0.02189700045368186,0.04250823546203169,28.936465059830162,0.1512073959872152,209.95525154114867
