PrincipalComponent,coi,c1i,a1i,c2i,a2i
1,0.18732554858911948,0.2130536266276967,28.975583838405857,1.2790372992553278,210.20546433904238
2,0.09856300370351088,0.037385051458972356,28.894603634241026,0.7728591635636871,209.78073286076653
