PrincipalComponent,coi,c1i,a1i,c2i,a2i
1,0.3184551454190516,1.0966859999481031e-18,42.838760804261305,2.1117952823783708,249.75200105460976
2,0.019688323955727435,0.027776785966458748,42.62260522252862,0.07985117651912815,225.18211502787824
