PrincipalComponent,coi,c1i,a1i,c2i,a2i
1,0.23283798107130085,0.5469887598878475,98.89850159833964,0.8389790389852204,202.97440587176757
2,0.06729857512896498,0.05444428970080176,41.2073391066436,0.6401030453992915,235.66774186839325
