PrincipalComponent,coi,c1i,a1i,c2i,a2i
1,0.1900651111426248,0.22851705222076038,28.97668336178357,1.3538214842007312,210.2695651259085
2,0.04010524670061982,0.058321385244983405,28.8997368567573,0.4944131034952648,209.87871031283817
