PrincipalComponent,coi,c1i,a1i,c2i,a2i
1,0.21875753001777518,0.1430704672550937,28.941181621095943,1.3158608724522138,210.21381803819935
2,0.0900627151728588,0.12132181569636401,28.860583134196258,0.6937503620472745,209.76630474688008
