PrincipalComponent,coi,c1i,a1i,c2i,a2i
1,0.3117540709755926,9.581733034064876e-18,42.94697143091843,2.2183860641332775,250.0
2,0.016725530111399718,0.018021798047713013,42.763865634584874,0.04659907987579941,225.2635760050781
