PrincipalComponent,coi,c1i,a1i,c2i,a2i
1,0.20475662287096266,0.1804673702705743,28.94788057895894,1.2952555566251835,210.1911814682739
2,0.09414326067111234,0.08088851818142219,28.866429988644825,0.7350214483622641,209.75918442458274
