PrincipalComponent,coi,c1i,a1i,c2i,a2i
1,0.2465542083810962,0.33187028213903225,100.0,1.0920826233716499,182.7848872178402
2,0.043747118214141394,0.07035288577511398,31.27487300230231,0.527695300347914,229.83717833236776
