PrincipalComponent,coi,c1i,a1i,c2i,a2i
1,0.24811204596049224,0.1309354249307693,28.990527968479828,1.5284521505744066,210.36702785505366
2,0.026942157694124183,0.06198414330936967,28.91806408266377,0.3035151105062621,209.95055327796288
