PrincipalComponent,coi,c1i,a1i,c2i,a2i
1,0.22283186331651936,0.17799626259117854,28.980822132490466,1.4417868621832923,210.32969907684333
2,0.030235721863570663,0.06959260323207433,28.908451883532294,0.3782880775158842,209.92996626692755
