PrincipalComponent,coi,c1i,a1i,c2i,a2i
1,0.23679189498030065,0.4761571392172155,100.0,0.9353103801559355,193.9048552454771
2,0.056312052246197,0.06157825763194501,37.26328093538654,0.5821217751568345,232.835671919744
