PrincipalComponent,coi,c1i,a1i,c2i,a2i
1,0.22661141808195667,0.39360983616311696,77.78775259690596,1.0012927137519176,207.68357926169247
2,0.10014189483501028,0.022572084938353144,41.97854549315443,0.7751718943387937,234.29672196652825
