PrincipalComponent,coi,c1i,a1i,c2i,a2i
1,0.31294347788401905,9.679179020671417e-18,42.97111287521175,2.2715148777475016,250.0
2,0.008563275181201724,0.011541616657888994,42.78653950805532,0.01749245434375286,225.26371466233024
