PrincipalComponent,coi,c1i,a1i,c2i,a2i
1,0.27357367457839044,0.066847238138667,28.994504259041562,1.6641892147056085,210.37113994462766
2,0.02501369734095136,0.055724952977415754,28.923266961346258,0.22518563019874968,209.94998294013328
