PrincipalComponent,coi,c1i,a1i,c2i,a2i
1,0.25243088157123705,0.1431161541745773,29.004577361429245,1.4813728698330932,210.33019418079115
2,0.04990766947163788,0.06522542276022883,28.930569525633004,0.4375014294453085,209.93034636745998
