PrincipalComponent,coi,c1i,a1i,c2i,a2i
1,0.2574972503662954,0.12894110025741617,29.007221140076968,1.5068190479623078,210.34302199847525
2,0.04497905851602717,0.06872041845015475,28.933663534944362,0.4086100246814218,209.94158018039977
