PrincipalComponent,coi,c1i,a1i,c2i,a2i
1,0.2910659631604037,0.07830624856903386,29.008831430142088,1.598542483457751,210.39537838098644
2,0.03440792888239649,0.07991115486692983,28.936800965411287,0.2888732970153568,209.97559006130552
