PrincipalComponent,coi,c1i,a1i,c2i,a2i
1,0.31729421214571374,2.4473408063635906e-17,42.92557969402632,2.2759322138698446,250.0
2,0.017837268263297613,0.012649397179532434,42.74248145187498,0.037262458460701635,225.23656906443003
