PrincipalComponent,coi,c1i,a1i,c2i,a2i
1,0.23770503186361713,0.13387758800217392,28.963881132901836,1.3591623402449244,210.22552350851893
2,0.1338213796479582,0.03773682456124848,28.883944011363198,0.7384731525689845,209.79252837977774
