PrincipalComponent,coi,c1i,a1i,c2i,a2i
1,0.21995951029942343,0.19168986783116093,28.985553379912645,1.352531691883379,210.22448905334346
2,0.11421670348727163,0.0,28.907142580652177,0.7058968752787739,209.82427403663834
