PrincipalComponent,coi,c1i,a1i,c2i,a2i
1,0.22652021271756034,0.15012895840377385,28.985786444809467,1.3736982870999532,210.22407563195833
2,0.13134110615608677,0.011395526937333632,28.906482828927192,0.7452529437553971,209.8083581515922
