PrincipalComponent,coi,c1i,a1i,c2i,a2i
1,0.24358727496379698,0.11836607549248222,28.948774543280475,1.3462500321461013,210.22799070907448
2,0.13781698726522984,0.05627558424846805,28.868150182128765,0.7306705502250825,209.77979497132907
