PrincipalComponent,coi,c1i,a1i,c2i,a2i
1,0.3428765709865033,2.383358012064085e-19,42.88892071767708,2.1954600431760625,250.0
2,0.018929910312292245,0.013182940747737706,42.6890931574147,0.03321760270234852,225.2689224590504
