PrincipalComponent,coi,c1i,a1i,c2i,a2i
1,0.31875251923551273,1.662028448861119e-17,29.009815825960906,1.933437041881715,210.3943785720994
2,0.021053696911462076,0.03969392587474892,28.938183520589103,0.07483026279575161,209.96739454726276
