PrincipalComponent,coi,c1i,a1i,c2i,a2i
1,0.24215262498802165,0.16309323248961957,29.004101578239446,1.4498763262265675,210.30879498583818
2,0.05624478763804023,0.0605510326681179,28.929066260107618,0.48565777562597623,209.91089106013925
