PrincipalComponent,coi,c1i,a1i,c2i,a2i
1,0.317702662941365,0.03325705990342262,29.005794146940346,1.6885149143253664,210.39806905133557
2,0.02988428829951958,0.06994590062617377,28.933923967584388,0.21103648769553437,209.977284635898
