PrincipalComponent,coi,c1i,a1i,c2i,a2i
1,0.3279595537111914,0.0,29.005967760970222,1.8069905206922947,210.39667579876667
2,0.02670096513711144,0.05836764164401372,28.93436101135366,0.13730991966342815,209.9724795382879
