PrincipalComponent,coi,c1i,a1i,c2i,a2i
1,0.2334008438777504,0.18593877806887743,28.998062202813525,1.4053624511534453,210.2941880267861
2,0.0657396841838713,0.04693692476703529,28.9242250776582,0.5421909327970779,209.89557635919178
