PrincipalComponent,coi,c1i,a1i,c2i,a2i
1,0.3342663455520243,0.0,42.90304313348481,2.275406837145909,250.0
2,0.014248824965412318,0.008321052896723012,42.71719303695755,0.022531372956275525,225.24342344344942
