PrincipalComponent,coi,c1i,a1i,c2i,a2i
1,0.27706405215573277,5.464505597488096e-18,91.7636881924711,1.4118677930904804,163.72747981848872
2,0.0873127308895661,0.04251932975552817,30.348455371265416,0.6254560746476945,229.28195183526296
