PrincipalComponent,coi,c1i,a1i,c2i,a2i
1,0.37419248152605283,0.0,28.985561093098955,1.881332605525854,210.40483982069827
2,0.015266232911000517,0.015044092522032806,28.91397045432127,0.040243542403532326,209.98078483399402
