PrincipalComponent,coi,c1i,a1i,c2i,a2i
1,0.230193700077335,0.28304277631347796,28.933238370850905,1.2804515058000847,210.24751508545933
2,0.066771573999192,0.09873191181971876,28.857965973596528,0.4747366075558943,209.84738709486223
