PrincipalComponent,coi,c1i,a1i,c2i,a2i
1,0.26665467340541765,0.3080336246483307,50.5465357223789,1.195944592193436,204.9819571714354
2,0.056519194110272834,0.12606426749625757,37.33323323620827,0.3860113800155507,214.33836116519942
