PrincipalComponent,coi,c1i,a1i,c2i,a2i
1,0.37776140591798735,0.0,36.12104933751778,1.9397138214971625,230.8194155777153
2,0.02379563453123587,0.01571545124252604,35.95241878294852,0.08493784672143308,217.9259496405662
