PrincipalComponent,coi,c1i,a1i,c2i,a2i
1,0.27374221556113987,0.2305520710848459,28.946744121518584,1.4511761160897,210.38829135428207
2,0.009269854963751616,0.12563110342092462,28.874659447566682,0.12914799428440932,209.96900525662014
