PrincipalComponent,coi,c1i,a1i,c2i,a2i
1,0.34507529712445073,3.0269198157979587e-18,37.04677131515224,1.8920508919116534,233.42208484537366
2,0.03784692074922758,0.03366806672473155,36.79429822542523,0.14487832253608757,219.0075656070607
