PrincipalComponent,coi,c1i,a1i,c2i,a2i
1,0.24980825941733995,0.2052390012244633,28.891894628580065,1.2751033344911484,210.20999703373113
2,0.07918556196022745,0.1642406590002395,28.81611621041518,0.515784137474621,209.7824920947359
