PrincipalComponent,coi,c1i,a1i,c2i,a2i
1,0.2982468872846557,0.1959703190597882,28.947980874329748,1.5165129789368128,210.41149144774252
2,0.006831593256018524,0.10544983278825838,28.876896314945597,0.07561898217437887,209.9760310640597
