PrincipalComponent,coi,c1i,a1i,c2i,a2i
1,0.3542187165483856,0.09053598252185541,28.96432593740448,1.7367707723414278,210.41232106171861
2,0.009864347577946984,0.04395203214408115,28.89300891546288,0.014930786290446411,209.98058541200152
