PrincipalComponent,coi,c1i,a1i,c2i,a2i
1,0.25551472572321343,0.1834588343373377,28.875766321530264,1.2557812582623313,210.2085258789253
2,0.08334505265184765,0.18901994196359653,28.799140866337318,0.5144343221899375,209.76592051292945
