PrincipalComponent,coi,c1i,a1i,c2i,a2i
1,0.2386679525067057,0.22657619526269002,28.927195053518425,1.2974235513053018,210.23371321696524
2,0.07703049857783299,0.1325396941062304,28.851310126671855,0.5147360297872718,209.81886852892302
