PrincipalComponent,coi,c1i,a1i,c2i,a2i
1,0.2983232758026368,0.2606015313985929,59.38994094924559,1.294250653733311,195.61784173748063
2,0.023897782237601667,0.1399203219999935,42.30597878016296,0.19330297720555117,214.60939086865253
