PrincipalComponent,coi,c1i,a1i,c2i,a2i
1,0.2938572731037289,0.3404979103179883,72.84424722875588,1.166967490440764,197.37874773194108
2,0.03895129399364552,0.1606580144865056,49.416720902384036,0.2415209711570874,218.65662359371728
