PrincipalComponent,coi,c1i,a1i,c2i,a2i
1,0.32029158002103186,0.15185201294376047,28.951622920851577,1.6161875870932032,210.40786902348052
2,0.008295140768084021,0.07926704039835353,28.880207639272648,0.033322026015425235,209.9750586759478
