PrincipalComponent,coi,c1i,a1i,c2i,a2i
1,0.28082400205175423,0.3436698609496281,63.59840744001823,1.1591248574671544,202.58039235071905
2,0.04330132637159481,0.15272970864789734,44.48644388178673,0.3003327717653271,217.22238786763512
