PrincipalComponent,coi,c1i,a1i,c2i,a2i
1,0.29909612460248636,0.2867820365739284,63.79752368545307,1.2473258235752562,196.1470861884184
2,0.028358525286682455,0.14827703079559149,45.42385563977642,0.21081080047070808,215.89970367285565
