PrincipalComponent,coi,c1i,a1i,c2i,a2i
1,0.3426395489611386,2.6545943406526537e-18,99.9150314656072,1.5613828466355035,149.32127155308473
2,0.021941924855932635,0.01042640459201347,28.690699070867787,0.04933813318759294,209.9704103236725
