PrincipalComponent,coi,c1i,a1i,c2i,a2i
1,0.19391650549447023,0.36075687981736726,28.839810983353594,1.1380737987459812,210.1749300577503
2,0.08515607001094216,0.16063704504692797,28.76651151945574,0.4159557697010812,209.76566235067972
