PrincipalComponent,coi,c1i,a1i,c2i,a2i
1,0.27606369698171357,1.0398366689423044,100.0,0.44499027809105124,216.26310254998458
2,0.0414216563705495,0.06315329109783703,47.291541309777166,0.1523317454398026,230.1033665367566
