PrincipalComponent,coi,c1i,a1i,c2i,a2i
1,0.31878915470303326,0.7358903486138428,100.0,0.8263946195544614,192.11619025792135
2,0.02396219793249774,0.020098192189908916,40.29253584542435,0.042569602490452836,222.8604628344359
