PrincipalComponent,coi,c1i,a1i,c2i,a2i
1,0.29305755553289936,0.06523307260308986,28.969405364804896,1.5620023186492689,210.37846869543077
2,0.04348808927012349,0.04448839219220522,28.898115648245778,0.24885483633520647,209.96020249946096
