PrincipalComponent,coi,c1i,a1i,c2i,a2i
1,0.31817914367852723,0.05532224725620071,28.96750116150107,1.6209060377938682,210.39435181239125
2,0.03854090785511297,0.040689727201237244,28.896368914794717,0.1789055356236413,209.9697151796981
