PrincipalComponent,coi,c1i,a1i,c2i,a2i
1,0.21832851549499624,0.4038921872661992,40.16003315591889,1.1044140331952244,209.1255441407496
2,0.09022787472727853,0.1274418785174487,33.228187415426476,0.40213884223458307,212.4735833446367
