PrincipalComponent,coi,c1i,a1i,c2i,a2i
1,0.2666275615957415,1.0706078790588414,100.0,0.34992786166543033,219.02451211202168
2,0.07148759795056678,0.06494042147745199,48.060816280859825,0.3015435174014887,230.99182221222168
