PrincipalComponent,coi,c1i,a1i,c2i,a2i
1,0.2987876799945343,0.9666780667621936,100.0,0.5351913256763932,212.79563350621058
2,0.03489600680494122,0.04978896998256144,46.12686349624333,0.09376203794232091,229.1107369676429
