PrincipalComponent,coi,c1i,a1i,c2i,a2i
1,0.27430204914408507,1.0605925584278315,100.0,0.4132325667245743,216.87608518840548
2,0.04398126634751633,0.06790094074945202,47.65198616514052,0.16924079350609655,230.26491347863794
