PrincipalComponent,coi,c1i,a1i,c2i,a2i
1,0.26960659965004846,1.1003020038300781,100.0,0.3433433961094236,219.11357209412012
2,0.05085760521049439,0.07690246120229359,48.35306004367713,0.2359039719988149,230.8951720491546
