PrincipalComponent,coi,c1i,a1i,c2i,a2i
1,0.2632788929210656,1.0306749973323104,100.0,0.3869759227627802,216.51748728002846
2,0.0884486204764582,0.0602207701158435,47.16121557737253,0.3662312877541651,230.48649714939563
