PrincipalComponent,coi,c1i,a1i,c2i,a2i
1,0.2681140375725227,1.0905781904588274,100.0,0.3738015205278391,218.1391867490756
2,0.0481696650944831,0.07391193814038141,48.070316734044006,0.1998257988286606,230.63202522544492
