PrincipalComponent,coi,c1i,a1i,c2i,a2i
1,0.3096993978637257,0.891729776487636,100.0,0.6320300012232639,205.7702952824404
2,0.02809041206399162,0.035738320652604134,44.08902108363013,0.06087659684349433,226.9783874945997
