PrincipalComponent,coi,c1i,a1i,c2i,a2i
1,0.3161076865811464,0.12245289164091584,28.952491559594765,1.602327651163694,210.39444620791232
2,0.026028595233964554,0.02247703637430868,28.880967103828613,0.11197727278611874,209.96585304461553
