PrincipalComponent,coi,c1i,a1i,c2i,a2i
1,0.3093285627772747,1.1105979806793924,100.0,0.46021656045891735,208.11853315930733
2,0.028555495478411255,0.0071378374868808,44.47825330371581,0.08679538260719148,227.69376596771465
