PrincipalComponent,coi,c1i,a1i,c2i,a2i
1,0.24097542630025706,0.6088905806576502,51.383321828768814,0.9687472912894733,214.08277216227378
2,0.05789083162706019,0.20290532197971317,39.7009240125099,0.26366704888433257,216.99263794950423
