PrincipalComponent,coi,c1i,a1i,c2i,a2i
1,0.2815605181745841,0.30006991549892215,100.0,1.1548988100421647,166.6593349765286
2,0.05404167519169661,0.05597654200614906,29.727668221578345,0.32162284792215434,218.8504086353987
