PrincipalComponent,coi,c1i,a1i,c2i,a2i
1,0.25562728820735703,1.197284923403506,86.92361999732029,0.3548398457725929,222.5148152276154
2,0.05351557566507522,0.09889441544066407,46.449929718745345,0.16598529280245108,228.35983025690297
