PrincipalComponent,coi,c1i,a1i,c2i,a2i
1,0.26969907477882515,1.46205651470589,100.0,0.0712137457645011,225.14803305772915
2,0.034424188979741276,0.1010043311803717,50.20525742384608,0.08139054207108974,232.65741490184703
