PrincipalComponent,coi,c1i,a1i,c2i,a2i
1,0.27643425951836115,1.4589890418766933,100.0,0.0760772632588126,224.4838092555143
2,0.030083869119986024,0.08295273019001305,49.63974735251928,0.06856651904029172,232.45965846484938
