PrincipalComponent,coi,c1i,a1i,c2i,a2i
1,0.3044107378415938,0.5194380257469751,100.0,1.0093176628387561,174.78924893850487
2,0.04547908025670349,0.038345470311717506,34.51184464987993,0.186038586802656,218.63695406677186
