PrincipalComponent,coi,c1i,a1i,c2i,a2i
1,0.29482994803828927,1.419501610480957,100.0,0.12133371989148878,223.16295609592967
2,0.027339357805324614,0.04490579681616872,48.61928178439441,0.03332271954431843,232.08249803537583
