PrincipalComponent,coi,c1i,a1i,c2i,a2i
1,0.2698215930244863,1.3534394219767036,100.0,0.14269975657325992,223.69731777208426
2,0.06778711210655586,0.1148194018203886,50.28625781412219,0.2182987414134041,231.9736492800125
