PrincipalComponent,coi,c1i,a1i,c2i,a2i
1,0.2611782702610734,1.3536052785679857,94.38215698669828,0.1849350518188462,224.27577447599884
2,0.04048210286581109,0.10739360789231882,48.82785273026656,0.11104718884010113,230.90443506212614
