PrincipalComponent,coi,c1i,a1i,c2i,a2i
1,0.2757706189015778,1.4505521792226206,100.0,0.090198784185535,224.22683476894824
2,0.03001031826181201,0.07330682092252266,49.36053850648034,0.061192383654603257,232.38755787775403
