PrincipalComponent,coi,c1i,a1i,c2i,a2i
1,0.3015428757032462,1.3023050611237976,100.0,0.264386361475981,217.01068112506462
2,0.026079927237703086,0.008843349852342185,46.84735088399229,0.03938967126239706,230.27319476056462
