PrincipalComponent,coi,c1i,a1i,c2i,a2i
1,0.3029293003287934,0.0,91.15409788801935,1.4818643329038734,150.79056109149116
2,0.04443499016468678,0.05940970331163693,23.862654095400256,0.2553823831961319,210.59566473663602
