PrincipalComponent,coi,c1i,a1i,c2i,a2i
1,0.23645717252183662,0.5184183144438228,44.354214765421,1.0210942545968713,215.07707160139978
2,0.05995992802391265,0.27229454159975197,44.040903694161734,0.2376289056848658,216.05251989203902
