PrincipalComponent,coi,c1i,a1i,c2i,a2i
1,0.3008804850054762,1.3800868333788843,100.0,0.1657088621184808,221.10916632801502
2,0.02488318999674284,0.025520120004821022,47.98258464896236,0.026865711312994693,231.48515825467283
