PrincipalComponent,coi,c1i,a1i,c2i,a2i
1,0.27922711276702517,1.183063036828324,100.0,0.2956333685243805,221.4734171727241
2,0.07325247163088897,0.1766553999818274,53.30742670258726,0.23117890061229235,231.36589314583034
