PrincipalComponent,coi,c1i,a1i,c2i,a2i
1,0.19167193966484697,1.0093509217601637,56.45954231271027,0.873057326178369,217.64228107284038
2,0.03636484561242773,0.01407506937030246,37.040414096642415,0.03951223840022122,219.1522542359656
