PrincipalComponent,coi,c1i,a1i,c2i,a2i
1,0.23195576648842806,0.6399213969910285,80.56234238503441,0.7291097789953432,218.95960802932981
2,0.09827792790975402,0.021003832691964396,42.78846676662844,0.590822225671997,230.60554677887967
