PrincipalComponent,coi,c1i,a1i,c2i,a2i
1,0.1797904042417543,0.9682417776728054,52.902629637127504,0.9535336299152197,216.83144432164622
2,0.05296740967067203,0.037109122139829066,36.06645568003658,0.08777251684406913,217.97478680238825
