PrincipalComponent,coi,c1i,a1i,c2i,a2i
1,0.19142800879969535,1.021679857746581,56.822648545078586,0.865116815990586,217.74017332473113
2,0.03802352219809865,0.018824701734728562,37.14599863755891,0.04104060441981568,219.26674095088384
