PrincipalComponent,coi,c1i,a1i,c2i,a2i
1,0.1871355876240486,1.0308082813559736,56.76653259915905,0.8736812991999208,218.00196468280313
2,0.03871978760724585,0.02876178286072928,37.25718433040099,0.04453003434712679,219.32837058831052
