PrincipalComponent,coi,c1i,a1i,c2i,a2i
1,0.1766496423345568,0.7677507845370525,43.427204848307575,1.0595314617241394,214.27387140290745
2,0.0743922482856889,0.10458713392304518,33.23810420665542,0.24830302789748745,214.84103151321855
