PrincipalComponent,coi,c1i,a1i,c2i,a2i
1,0.25581154765265635,0.9718883983628883,71.30961524068086,0.6550032176252163,219.83573975569075
2,0.041331757750509526,0.010354641119222085,41.02977755178628,0.15494454834778407,223.71613301281195
