PrincipalComponent,coi,c1i,a1i,c2i,a2i
1,0.26024955635497493,0.9619858395237801,84.33532784438577,0.5290786144902114,220.3937566943667
2,0.06806536047310555,0.026973090670534165,44.071617027074225,0.2756110647107978,227.48320726254897
