PrincipalComponent,coi,c1i,a1i,c2i,a2i
1,0.186785101675275,0.9380493684088431,54.084398920253804,0.9654780914318267,216.9895745136699
2,0.06676639049790278,0.044908134514220224,36.363193780903515,0.14327488769724808,218.31612645629002
