PrincipalComponent,coi,c1i,a1i,c2i,a2i
1,0.2126482077251019,0.972079592638233,56.34966978145129,0.8460076515380984,217.63741254145225
2,0.03405590024910222,0.002602750616199393,36.99061787317949,0.055533373669620655,219.14537474054325
