PrincipalComponent,coi,c1i,a1i,c2i,a2i
1,0.1766081664089015,0.6987323025373618,39.07778202077515,1.0746437785290879,213.3827243924436
2,0.06603762069328738,0.15117903746517883,32.39163823824197,0.2662199125661671,213.51024283322732
