PrincipalComponent,coi,c1i,a1i,c2i,a2i
1,0.18026179879621032,1.0215147082461289,55.413434154101594,0.8924031472336044,217.54681785799653
2,0.04389628524389533,0.03354474822186932,36.83305110633788,0.05748384597442389,218.837361928814
