PrincipalComponent,coi,c1i,a1i,c2i,a2i
1,0.19201545045453217,1.0482585827221413,72.73100366448303,0.6216404844766787,220.58246378163335
2,0.08048697526946207,0.06178931153932623,41.876197040519415,0.30735393429828184,223.890571075654
