PrincipalComponent,coi,c1i,a1i,c2i,a2i
1,0.17914165851766398,0.568807923554186,56.453231615749054,0.8429560657056199,215.59366414662793
2,0.11938343138239826,0.008998815804987523,36.89979422569279,0.7925819968137052,219.92716855641294
