PrincipalComponent,coi,c1i,a1i,c2i,a2i
1,0.19602619743331845,0.8311273789763706,73.00543349170053,0.6145394360805122,218.66266828208896
2,0.10166922511090165,0.0579738792248484,41.27392694826469,0.5866127767293244,223.007302108982
