PrincipalComponent,coi,c1i,a1i,c2i,a2i
1,0.2443225953304691,1.1208859238225624,66.10476953033877,1.0801526194314803,218.04972804126135
2,0.04369888114445347,2.5198320612401565e-18,39.423639366546595,0.1155701706217433,221.61641348748216
