PrincipalComponent,coi,c1i,a1i,c2i,a2i
1,0.23077724903948335,0.9690868058669388,54.359179412123694,1.2253098696071318,215.8028308181323
2,0.05239735398610605,0.008789039854991434,36.10466353380955,0.15616662215967242,217.99019216622986
