PrincipalComponent,coi,c1i,a1i,c2i,a2i
1,0.1972489065045812,1.165597609273805,69.13110846189865,0.788714138064281,219.93312498329584
2,0.04592817956221418,0.030750465972065974,40.6856859130079,0.14224642676490373,222.95396734382047
