PrincipalComponent,coi,c1i,a1i,c2i,a2i
1,0.20726299266291426,1.099475997747346,85.03425533815098,0.4135192161650419,222.25614419742095
2,0.08768582704029386,0.07764750874588733,45.31108174613638,0.4193747345666553,227.20635690276555
