PrincipalComponent,coi,c1i,a1i,c2i,a2i
1,0.21447680128961188,1.2682310824549272,72.16014064913081,0.7665352406255169,220.60876530504478
2,0.03482039594281956,0.017330043548836098,41.5224231196971,0.0956722185358445,223.92193194498643
