PrincipalComponent,coi,c1i,a1i,c2i,a2i
1,0.18433909625740336,1.049214074307151,66.21050414005568,0.7616328850127957,219.46291114389223
2,0.06755875925724418,0.05029469404543706,39.94015925847336,0.22868098590981858,222.04247025574224
