PrincipalComponent,coi,c1i,a1i,c2i,a2i
1,0.24260093418904657,1.1509230384511457,66.86075945222457,1.0464575948354247,218.56539518675714
2,0.033165093756441485,0.004151979101183297,39.73765337390268,0.06989138332680998,221.92928734820373
