PrincipalComponent,coi,c1i,a1i,c2i,a2i
1,0.17093723103663114,0.6020722804080609,59.545648410213715,0.7847781727444826,232.2359101423435
2,0.10500446970118188,8.36467818735092e-18,38.95378732757502,0.9020475933527206,209.92151241826022
