PrincipalComponent,coi,c1i,a1i,c2i,a2i
1,0.20880137598722903,1.2242433426905135,71.66933475131303,0.7539594147480637,220.43228394440158
2,0.040693843025238804,0.026382005472871197,41.38340289491751,0.1201345200585247,223.74957414848998
