PrincipalComponent,coi,c1i,a1i,c2i,a2i
1,0.21684924698396257,1.2475192894142098,69.89006470800852,0.8438596992233256,220.01812975425327
2,0.031037741102490708,0.015899060011827535,40.84366481476481,0.06973787960080043,223.16337890363152
