PrincipalComponent,coi,c1i,a1i,c2i,a2i
1,0.22126285574749982,0.8784607487909577,48.31976226771014,1.2662029982610805,214.6061670811147
2,0.051771874081549665,0.044981290374236545,34.401568070068585,0.18867326050030178,216.1112525952327
