PrincipalComponent,coi,c1i,a1i,c2i,a2i
1,0.19008894046376615,0.6093048888968788,64.7213264041478,0.7655151101498555,230.22583548509616
2,0.11375624814720776,3.719735741533508e-19,39.71560722299052,0.8750585936038493,211.31309738605134
