PrincipalComponent,coi,c1i,a1i,c2i,a2i
1,0.22553996635612547,1.1586459349720775,65.23705840989886,1.0010820709648025,218.7670423924954
2,0.02866114351208684,0.011588411801481976,39.43912501479955,0.05757349086047084,221.6026936065675
