PrincipalComponent,coi,c1i,a1i,c2i,a2i
1,0.18614621831330555,0.8810612441202409,49.46884612509123,0.9220761557777971,215.9496080422243
2,0.03518353590334622,0.028267966960118476,35.06478200724216,0.19499294320341928,216.84434175649892
