PrincipalComponent,coi,c1i,a1i,c2i,a2i
1,0.19338233624531817,0.5185661760382579,47.219426478723605,0.9161697358492593,214.57980268805298
2,0.08405221790043564,0.03663340720008796,34.088592397129815,0.6574510785152582,216.81441664390422
