PrincipalComponent,coi,c1i,a1i,c2i,a2i
1,0.1591945104659188,1.0286373937836404,49.35309729308243,1.0558027624848259,215.97303127096694
2,0.02721340369783218,0.017475670837608474,35.02342378205507,0.05817750509963965,216.79529266110387
