PrincipalComponent,coi,c1i,a1i,c2i,a2i
1,0.1809100171594742,0.5276947125313299,49.64298801309393,0.8495210027812701,216.55843396820157
2,0.09564315099205864,0.005217391830179774,35.82405692240104,0.8081099242963551,219.71687263087736
