PrincipalComponent,coi,c1i,a1i,c2i,a2i
1,0.19078881495638594,0.8046954117083629,52.344675479838436,0.8580943936871952,216.34150919231868
2,0.05082612724510909,0.048096667321330534,35.89071701735939,0.30548017080561335,217.67770100322392
