PrincipalComponent,coi,c1i,a1i,c2i,a2i
1,0.19429919226706985,0.4714163051226055,46.138602712167184,0.9324923594156682,214.76158501040027
2,0.0915701372753579,0.02704088527056643,34.01547554814801,0.7472004445402881,217.44849154346025
