PrincipalComponent,coi,c1i,a1i,c2i,a2i
1,0.16216908054390577,1.00518565815876,48.606477989288585,1.0480226249750355,215.92615375186145
2,0.024576158463130767,0.01573336340681363,34.84711549979963,0.06620383318246255,216.60058522465397
