PrincipalComponent,coi,c1i,a1i,c2i,a2i
1,0.15971434143005295,0.9858934989887401,47.840028922202904,1.0516402839343535,215.75669025132538
2,0.023435733744162628,0.015818679022491136,34.6275366517611,0.07435244799420036,216.3572275261474
