PrincipalComponent,coi,c1i,a1i,c2i,a2i
1,0.1702688048253968,0.9312106121250024,46.582453977681055,0.9987325311146709,215.33111863174386
2,0.027501654576817802,0.015156042917774157,34.229356754462266,0.12903495526847203,215.9224925482432
