PrincipalComponent,coi,c1i,a1i,c2i,a2i
1,0.15583906522385518,0.9944676734176147,46.75871241904552,1.1407294348728574,215.4149038936193
2,0.039243464438958264,0.016613299435333632,34.2959438068922,0.07114417440201877,215.96526458146795
