PrincipalComponent,coi,c1i,a1i,c2i,a2i
1,0.15649602274587715,1.0314214078636932,48.727953193593734,1.0785001340413718,215.8905663587875
2,0.02945298353349464,0.018982422690081695,34.86800173022656,0.0553087697403783,216.60819398203412
