PrincipalComponent,coi,c1i,a1i,c2i,a2i
1,0.1637134279424799,0.9658916330957308,47.22634309811713,1.169517139321217,215.33787414987628
2,0.052087922561369286,0.017368376250419346,34.37438225445397,0.11578645139509923,216.0582666426413
