PrincipalComponent,coi,c1i,a1i,c2i,a2i
1,0.15327929055446204,0.864854440363856,40.24015068298246,1.1929942316109894,213.57839219686858
2,0.06618526856608775,0.04817220916924002,32.23290535674105,0.23473307008721353,213.8066985166651
