PrincipalComponent,coi,c1i,a1i,c2i,a2i
1,0.1476318463495577,0.8083291905039139,37.26581838657582,1.1804237802726154,212.89446559662647
2,0.06544236632239979,0.09120281811636012,31.400040482077557,0.2668930026762787,212.85776299595037
