PrincipalComponent,coi,c1i,a1i,c2i,a2i
1,0.239181358626364,0.3477428576130479,46.431715336264396,1.012584353888342,215.41510430408275
2,0.12827539183858241,0.0,35.5757461720433,0.9259211045504543,222.74284595644855
