PrincipalComponent,coi,c1i,a1i,c2i,a2i
1,0.24441031095198626,0.519821519420414,57.404823583619255,0.9073250636426271,213.66825311240305
2,0.13299229030305995,0.016119957733025304,36.17505271405128,0.6726848371007884,217.76451299077198
