PrincipalComponent,coi,c1i,a1i,c2i,a2i
1,0.22212435393961483,0.8106659234613426,55.27836428684314,1.0999532259919957,216.02013446774356
2,0.08500933832658071,0.023104019025853274,36.357372969282444,0.24717275087859836,218.34991868703833
