PrincipalComponent,coi,c1i,a1i,c2i,a2i
1,0.24980193366382156,0.41039500043757154,55.989708431809774,0.9464868213987537,215.45693400562917
2,0.13269348916236007,0.0,37.58022808469188,0.853555034252154,224.32979793532323
