PrincipalComponent,coi,c1i,a1i,c2i,a2i
1,0.23376007737436078,0.8379577143150531,56.76369386028213,1.105448739228195,216.27027354445033
2,0.07784933290569034,0.022024560403790167,36.749321105207535,0.22051455515934967,218.7873423506402
