PrincipalComponent,coi,c1i,a1i,c2i,a2i
1,0.24392545597036736,0.8616615396859434,56.310297483404874,1.1562157286406847,216.2411927345943
2,0.06474076074886748,0.015606194583964767,36.65867385515123,0.18228884253303973,218.6336351531085
