PrincipalComponent,coi,c1i,a1i,c2i,a2i
1,0.24067186500897372,0.6169854557456983,59.39195431398503,0.9065353685144169,215.28851443706893
2,0.114745217850373,0.04787344163762056,37.24330323873543,0.5153027098432575,218.86852683351637
