PrincipalComponent,coi,c1i,a1i,c2i,a2i
1,0.22678978836025693,0.6774461873590452,55.27671058492462,0.9661684294556196,215.5095064804961
2,0.10977145070661355,0.04253301023816282,36.28097450777767,0.40907698307430257,218.09407930084976
