PrincipalComponent,coi,c1i,a1i,c2i,a2i
1,0.21729833237408372,0.726613016730912,52.658122070817406,1.0392005277224328,215.56654453202333
2,0.10083594589643097,0.03750551516023257,35.62447198601673,0.33175419770853415,217.56368016901297
