PrincipalComponent,coi,c1i,a1i,c2i,a2i
1,0.2777385577863722,0.7910367155457017,49.872077684418635,1.3972445028369067,214.75727372314986
2,0.033251768603569605,0.018549134737446717,34.81294898596065,0.08431756688417735,216.53197643419165
