PrincipalComponent,coi,c1i,a1i,c2i,a2i
1,0.29432591360362453,0.7555713118749263,48.3866716413503,1.5240905988326536,214.10770092202205
2,0.031486971822732746,0.011912076870467069,34.308520486811574,0.05428444512283091,215.95207594482562
