PrincipalComponent,coi,c1i,a1i,c2i,a2i
1,0.28581328140413803,0.6935814278348368,39.104107366267215,1.6308175172224977,212.57591954975146
2,0.04630005262723069,0.001226776102854818,31.79021233443938,0.0891239142024305,213.1869863040318
