PrincipalComponent,coi,c1i,a1i,c2i,a2i
1,0.2973956078327985,0.7157226887466692,44.86454620697261,1.618196455929908,213.25198117643728
2,0.037397754305701615,0.0012816633087570054,33.2872428603167,0.06294413399963768,214.81591148743334
