PrincipalComponent,coi,c1i,a1i,c2i,a2i
1,0.28424679248372164,0.6629472428004208,36.60890688097179,1.6113595994055352,212.30400309674098
2,0.04732806612150099,0.024120957030449672,31.12468898403261,0.11426235744618003,212.48470387461782
