PrincipalComponent,coi,c1i,a1i,c2i,a2i
1,0.25578218278329123,0.5524298769306482,51.48697217458955,1.3922196216157248,211.36876629021415
2,0.08802721432129343,0.04104693594395451,33.867182552893944,0.3451881418592334,216.6921027180493
