PrincipalComponent,coi,c1i,a1i,c2i,a2i
1,0.25408298396114165,0.18343390413814645,28.96008382115392,1.3781914471822834,210.25629953331887
2,0.13039703475054026,0.05400178605686358,28.871795510418913,0.6483390003287679,209.78300242910097
