PrincipalComponent,coi,c1i,a1i,c2i,a2i
1,0.24534786881077114,0.40400841130713205,44.370751759285156,1.333005938247778,209.00308379711316
2,0.10130267554477627,0.07829779205583903,31.09533673174928,0.4377607134144435,214.71398687586375
