PrincipalComponent,coi,c1i,a1i,c2i,a2i
1,0.2523621716837896,0.33471929268496853,43.47582883580701,1.316744281335973,206.33210219766033
2,0.1101586106347982,0.07823637379085584,30.617315907359252,0.48524409490541937,213.89926251195837
