PrincipalComponent,coi,c1i,a1i,c2i,a2i
1,0.27786418673845614,0.06931947601873621,29.00434199853016,1.4302876550855095,210.28887624765017
2,0.14642514014057514,1.8941102364928892e-18,28.91133703791472,0.8514466503163591,209.77587623051602
