PrincipalComponent,coi,c1i,a1i,c2i,a2i
1,0.27188185945178694,0.09860877260694643,28.987259116457714,1.4108805300135696,210.27716359544974
2,0.15041962575942627,2.168404344971009e-19,28.895225416548758,0.7950948705136436,209.77199810490646
