PrincipalComponent,coi,c1i,a1i,c2i,a2i
1,0.2376350354636283,0.25199698618898075,28.949334599866933,1.3782086290904814,210.2502897531166
2,0.11162311542328929,0.08188893492479977,28.865089355268836,0.5461177682350876,209.80149619242619
