PrincipalComponent,coi,c1i,a1i,c2i,a2i
1,0.24725735976259222,0.4970607370304119,50.104257210310045,1.3472985491733287,210.2647998053858
2,0.0940834125692706,0.0547393650314802,32.99964398126441,0.39545670874578953,216.376755358665
