PrincipalComponent,coi,c1i,a1i,c2i,a2i
1,0.2546663683439745,0.5222524939407821,51.718311345532214,1.3516833848528904,210.60962883520583
2,0.09122304216084409,0.05058668581157842,33.501078428369226,0.37663807798416205,216.7693381552489
