PrincipalComponent,coi,c1i,a1i,c2i,a2i
1,0.2660497281537058,0.0779213037932116,29.007998461917094,1.435244068260121,210.27881819040414
2,0.14137277815265614,0.0,28.915239801299084,0.8600584172989082,209.76760833462717
