PrincipalComponent,coi,c1i,a1i,c2i,a2i
1,0.26060210257815164,0.5591445624728894,49.40900486360927,1.4482258379951656,211.56202704606036
2,0.08124231179403708,0.03595733947348295,33.53336561160667,0.3139140740210092,216.05603375202685
