PrincipalComponent,coi,c1i,a1i,c2i,a2i
1,0.3079605201621762,0.47587088812905326,38.07511298902511,1.814415398401176,210.92929719581596
2,0.042381813009247205,0.024788222881274538,31.064241333350573,0.15658955109006215,212.52532981799675
