PrincipalComponent,coi,c1i,a1i,c2i,a2i
1,0.2757730159361591,0.5029366902207886,41.460801950359986,1.6304784823648906,211.211552669364
2,0.06329565932452742,0.03773813504147865,31.76850101865384,0.24169686088214634,213.62313046714738
