PrincipalComponent,coi,c1i,a1i,c2i,a2i
1,0.31481309624948167,0.466975220213992,29.088903946971765,1.9976718326032352,210.5088145921572
2,0.035045281826819,0.008044884974329647,29.01791313571908,0.06677886906970941,210.0542375259282
