PrincipalComponent,coi,c1i,a1i,c2i,a2i
1,0.321751427181561,0.45892485191706517,33.382854892871826,1.9751603394234667,211.02481528649218
2,0.032010781715466806,0.009762709310068687,30.108633274328955,0.08492106998477754,211.30711030052177
