PrincipalComponent,coi,c1i,a1i,c2i,a2i
1,0.30221565502855036,0.5855145540564527,30.81493689928412,1.9826344221692263,250.0
2,0.03653948852438619,0.021482432491285695,39.254098460384355,0.06999771675935022,221.7594288357306
