PrincipalComponent,coi,c1i,a1i,c2i,a2i
1,0.18705163120140061,0.2828722376340086,14.514654246813384,1.3615763298770822,250.0
2,0.11861415524125352,0.16479540807072168,43.53075975611679,0.6246976778954115,216.61557379051519
