PrincipalComponent,coi,c1i,a1i,c2i,a2i
1,0.18699619459096903,0.2617940393692806,14.870965659028016,1.393790339344824,250.0
2,0.1165669614107463,0.13850840289936897,36.87516026770107,0.7078743769303822,219.47931336632095
