PrincipalComponent,coi,c1i,a1i,c2i,a2i
1,0.19211881924424218,0.3301700846241342,16.972116009754426,1.3227998956432434,250.0
2,0.10975515753812855,0.3188046573550137,68.19210929289547,0.358117664223474,216.67880538521152
