PrincipalComponent,coi,c1i,a1i,c2i,a2i
1,0.17800409460365232,0.2702338315934389,12.434296295021017,1.3914439613065108,250.0
2,0.12424236845181663,0.1362625372839172,38.496515201847224,0.6987340429750675,217.83879443791156
