PrincipalComponent,coi,c1i,a1i,c2i,a2i
1,0.21818334972157327,0.4745013908998838,28.89788327575019,1.3269105465708269,210.25560510756287
2,0.04492960122487397,0.20881752774055948,28.829103616233887,0.3276465574316451,209.85297071722732
