PrincipalComponent,coi,c1i,a1i,c2i,a2i
1,0.19644885473105192,0.3742566279798333,20.048688810808855,1.3047155915965571,250.0
2,0.10515846592853739,0.4176472996582939,81.29885218522027,0.1752210910595765,220.79454550012693
