PrincipalComponent,coi,c1i,a1i,c2i,a2i
1,0.19585499569832432,0.46595490405078593,25.151735751924154,1.32958756940013,210.27677041578588
2,0.04669821492307945,0.2134371061775552,29.64834314926793,0.33945708535376357,209.09453205335657
