PrincipalComponent,coi,c1i,a1i,c2i,a2i
1,0.1937607950485128,0.4529382104967942,24.194794666606505,1.2942770953995415,232.71919522242297
2,0.08922678245368412,0.29567007961513014,58.47969198868476,0.24622076545092375,217.74779792176352
