PrincipalComponent,coi,c1i,a1i,c2i,a2i
1,0.21379757682135117,0.5039431627251261,28.92682115385208,1.3605402628068735,210.29353997015568
2,0.04526197480164978,0.19535998603238583,28.858997472562507,0.3102423427893242,209.90096407504652
