PrincipalComponent,coi,c1i,a1i,c2i,a2i
1,0.1947154133827697,0.42320344494091106,22.73907389395714,1.2844032342496738,243.59095109743635
2,0.10364523954958177,0.3695859988372599,75.70739391133019,0.1811382793608331,220.49193949036297
