PrincipalComponent,coi,c1i,a1i,c2i,a2i
1,0.24739854252780297,0.5270342962410481,26.821927338340195,1.6312535214206767,210.8259559340625
2,0.038897462392806205,0.13790499673061313,28.949124436887267,0.17929832241338758,209.6248437434893
