PrincipalComponent,coi,c1i,a1i,c2i,a2i
1,0.23683175760716665,0.5221394296189248,28.976049076812075,1.4826435695200277,210.38330803048063
2,0.041369730254781016,0.16688819286849935,28.907458949598187,0.2421532120573368,209.98515821411218
