PrincipalComponent,coi,c1i,a1i,c2i,a2i
1,0.2599568579169659,0.6211489759749464,22.92461481564311,1.8122351652111173,210.35222205051087
2,0.01847923358223599,0.04916678765453624,27.589168210113698,0.06202799461625476,208.48933118916534
