PrincipalComponent,coi,c1i,a1i,c2i,a2i
1,0.26652751753402154,0.5619877461003292,24.951608110950332,1.7771892053155562,210.59175699436514
2,0.02227562760192093,0.0860503380688697,28.265769740212072,0.10358286887710996,209.06951660484808
