PrincipalComponent,coi,c1i,a1i,c2i,a2i
1,0.25699833431839936,0.7466258628271897,25.349919109549916,1.8212662109976663,250.0
2,0.023103775829093006,0.033669228346888055,38.29244378026417,0.041197295462451065,220.57097003564724
