PrincipalComponent,coi,c1i,a1i,c2i,a2i
1,0.08401469041909924,0.4755355789445498,16.18712043172661,1.2030647736012043,250.0
2,0.11214034098860383,0.29039087002520186,62.045594249282665,0.4902906391759608,212.2800971444716
