PrincipalComponent,coi,c1i,a1i,c2i,a2i
1,0.1052539701391652,0.5052441781634384,18.981909791715808,1.1442708952620637,250.0
2,0.10239292918782396,0.6293348718912426,93.06255556152125,0.03175961837807707,218.48168190020183
