PrincipalComponent,coi,c1i,a1i,c2i,a2i
1,0.13659996437348548,0.5838591638898466,25.21023109477224,1.0859514196569182,235.13318618369053
2,0.0760416293393649,0.5860547965272874,78.93876268836789,0.0,221.42555049120745
