PrincipalComponent,coi,c1i,a1i,c2i,a2i
1,0.12220792647503904,0.5201661893331047,21.31941694665064,1.1074394602888848,240.61301182031085
2,0.09571868896425369,0.6190971593272561,88.05037550410054,0.0,220.472291235253
