PrincipalComponent,coi,c1i,a1i,c2i,a2i
1,0.08270191908501708,0.4562291260159764,15.449388396454808,1.2373544788911053,250.0
2,0.11685059196970804,0.2307645274104246,52.69511848642708,0.5960852723145481,212.46885495288274
