PrincipalComponent,coi,c1i,a1i,c2i,a2i
1,0.13247987196377606,0.5540660643229804,23.857061308780143,1.0797356103863909,236.80202642045248
2,0.0878809163599317,0.5946505192440286,82.76190806835778,1.1022557607182524e-17,221.0075994991495
