PrincipalComponent,coi,c1i,a1i,c2i,a2i
1,0.14573459182820855,0.6214229847966458,27.368130315956165,1.105560562103654,232.3254576146932
2,0.05786184965085937,0.5755815700735522,78.12647245305597,4.310829703574302e-18,221.1746512425819
