PrincipalComponent,coi,c1i,a1i,c2i,a2i
1,0.08550285553262633,0.4478225801433921,16.149466052282698,1.2505216494279736,250.0
2,0.10675823058027492,0.2431065032209712,51.65088031340467,0.5923603574308499,213.70146894815565
