PrincipalComponent,coi,c1i,a1i,c2i,a2i
1,0.1571335670437443,0.66054104354086,29.469617368261147,1.1209763411343203,232.2576838699432
2,0.05382645115916396,0.5542486885962596,78.03886715872282,0.0,221.75551851027603
