PrincipalComponent,coi,c1i,a1i,c2i,a2i
1,0.18736460678862596,0.7000417480003799,28.68418906555794,1.3412643331119787,235.87189654436244
2,0.041745898870769196,0.43644065626949463,75.19394408452966,9.700481356597907e-18,222.1043608140035
