PrincipalComponent,coi,c1i,a1i,c2i,a2i
1,0.18660334743938134,0.6795275700330169,30.531771995657888,1.2110848613912795,232.5694988265561
2,0.043902061887897276,0.4974744398456848,75.83079293321792,0.0,222.02595625246613
