PrincipalComponent,coi,c1i,a1i,c2i,a2i
1,0.16076875287915646,0.6845874686478896,29.926982089483545,1.1362428160802671,232.5101115086115
2,0.05171774833775996,0.5368648794213713,78.5596164944589,0.0,221.9891686198663
