PrincipalComponent,coi,c1i,a1i,c2i,a2i
1,0.20123316267954225,0.7652344212702357,28.46688173351326,1.4716398445576746,245.3119678860221
2,0.028280391791733507,0.3336572867529207,75.49452663061493,0.0,224.56816040795064
