PrincipalComponent,coi,c1i,a1i,c2i,a2i
1,0.20146055664655463,0.8667098325270061,27.79037666322218,1.5190022559015603,250.0
2,0.004289916337121915,0.20934751122454887,60.32858581182233,0.030481352972640898,223.5985806138675
