PrincipalComponent,coi,c1i,a1i,c2i,a2i
1,0.20701903671319857,0.9294637382771989,28.547588494454896,1.5324286338314683,250.0
2,0.006088728846074499,0.10826532734903369,46.53354080996835,0.05283964482920706,222.22508978911344
