PrincipalComponent,coi,c1i,a1i,c2i,a2i
1,0.7008365140639624,1.0019025863878062,63.94201012828348,0.20134688561686814,221.22307429488774
2,0.0740171955676987,0.07113466794924657,38.915353945923904,0.19094604575966953,222.0134101781905
