PrincipalComponent,coi,c1i,a1i,c2i,a2i
1,0.7525847801077992,1.1081472848940193,71.56187479426778,0.1149155880509629,223.12352303603325
2,0.05114432343534368,0.07703326224045,41.01409153119721,0.11333251337280006,224.45790644287587
