PrincipalComponent,coi,c1i,a1i,c2i,a2i
1,0.7803710237944581,1.2063886516194724,77.91135270711585,0.05679466206138632,224.41938941648203
2,0.041459289391782096,0.0816739978029826,42.767714305215286,0.06762017166819047,226.39673760232574
