PrincipalComponent,coi,c1i,a1i,c2i,a2i
1,0.7949953488972746,1.27897554698037,81.9242741339464,0.011859601044468954,225.17369380015683
2,0.03415447894839668,0.09371685620113417,43.96657204098387,0.034079037127641466,227.61001116507754
