PrincipalComponent,coi,c1i,a1i,c2i,a2i
1,0.8092209959500498,1.3201488108185326,83.19942566277408,2.7028227246956946e-17,225.19757938465153
2,0.03279100581126539,0.09733081291311092,44.32857933975701,0.019462348011024394,227.92087057265726
