PrincipalComponent,coi,c1i,a1i,c2i,a2i
1,0.8273927059951021,1.3592522765163653,84.9294976331771,2.3842891065135387e-18,225.01912329115746
2,0.033530562918245535,0.10521515633031536,44.684472070100156,0.004472357021294177,228.26315617155
