PrincipalComponent,coi,c1i,a1i,c2i,a2i
1,0.8366028056221813,1.36705061630265,85.93337250193365,0.0,225.01542949417535
2,0.034792365768508235,0.10672422140062168,44.96321494506744,0.0,228.506842046886
