PrincipalComponent,coi,c1i,a1i,c2i,a2i
1,0.8485506288630588,1.3844951924092428,87.99154379357793,3.492253629923344e-17,224.8225544658538
2,0.03924101821379392,0.10572201004309388,45.481152979186206,0.0,228.96149202370043
