PrincipalComponent,coi,c1i,a1i,c2i,a2i
1,0.8662006077219093,1.4088239266999383,90.33284863374483,3.1421310985482975e-17,224.78370207256168
2,0.05006040271849914,0.1087144178978763,46.32054399061561,4.93064962358525e-18,229.5557221149788
