PrincipalComponent,coi,c1i,a1i,c2i,a2i
1,0.8731042290931902,1.4025876106834054,90.06467285021021,2.1385024084659695e-17,224.69983748323978
2,0.05873505972624088,0.11341542675829627,46.52013995745151,0.0,229.51166533183132
