PrincipalComponent,coi,c1i,a1i,c2i,a2i
1,0.8830943376193837,0.9519974509926213,56.29670646113858,0.4061055975855871,219.10801185792712
2,0.09718862780996583,0.08376787049891811,36.47927188951358,0.22357325459779406,219.30442300531539
