PrincipalComponent,coi,c1i,a1i,c2i,a2i
1,0.8518965184957511,0.8479529770040332,57.83824995572662,0.5421833936415352,219.5904221594798
2,0.13025772357120177,0.1823225376042086,37.9030606445771,0.22589055233955557,219.78490343860327
