PrincipalComponent,coi,c1i,a1i,c2i,a2i
1,0.7832561718551982,0.6796068327947489,45.422539760786684,0.7838039869072674,216.54318566721437
2,0.17425502891527284,0.13715446153742844,33.998228707545636,0.3407787968265478,215.7839847121034
