PrincipalComponent,coi,c1i,a1i,c2i,a2i
1,0.8665990500448028,0.9347985483419463,52.73427088563534,0.2688515385123811,218.37218570140635
2,0.12747884836268542,0.045610376700554414,35.28226075678045,0.25425759280886845,218.39498856348408
