PrincipalComponent,coi,c1i,a1i,c2i,a2i
1,1.019744784321001,1.4044011404405539,100.0,0.010005144481601967,206.37644482643753
2,0.10061698046210897,0.18611706783797938,44.52708164823245,0.043177997582204954,226.25985524644543
