PrincipalComponent,coi,c1i,a1i,c2i,a2i
1,0.838697192484257,0.7620572364136051,35.392868816162995,1.5573008252443894,250.0
2,0.04871622338307022,0.026007048532059894,39.70178718624316,0.0244143569626081,222.96477766319532
