PrincipalComponent,coi,c1i,a1i,c2i,a2i
1,0.7881933943327223,0.833572208401278,34.24565485545197,1.4352643167250903,250.0
2,0.05889731699539294,0.021284987658626686,39.6219863771148,0.03536211476270898,222.74793178476247
