PrincipalComponent,coi,c1i,a1i,c2i,a2i
1,0.45323705438080636,0.41726048194761517,39.336844216768775,0.6049679374290662,216.85400268400358
