PrincipalComponent,coi,c1i,a1i,c2i,a2i
1,0.7174587067607975,0.9309077335061813,83.88051399931389,0.10661416686318322,236.28655126394898
2,0.1505313117818151,0.7978625779738093,82.21516947790087,0.08140135344557724,233.13113328618087
