PrincipalComponent,coi,c1i,a1i,c2i,a2i
1,0.8064252690637295,0.5773438655957459,65.88698146499827,0.7085634636654988,222.40093967718428
2,0.2125011661020388,0.6207579797523199,72.91012852509273,0.15730374819707402,224.3310597892326
