PrincipalComponent,coi,c1i,a1i,c2i,a2i
1,0.9540742263775946,0.5839846249106911,70.15311356819063,0.7851639601995342,219.80140449274094
2,0.17497434362405867,0.2966417341644871,54.20859220477455,2.316000419050085e-19,225.18248895804086
