PrincipalComponent,coi,c1i,a1i,c2i,a2i
1,0.9005596829685486,0.716726949587375,87.24177648352924,0.6065250984015016,220.72710802959142
2,0.21790358290856568,0.35535742079363725,63.54249311679522,0.05721279222008459,229.46134149570656
