PrincipalComponent,coi,c1i,a1i,c2i,a2i
1,0.82065480490848,0.7755995854674274,33.2856900859182,1.2682438010642143,250.0
2,0.058929365639859656,0.05118426720406937,39.82036180975137,0.015076612847333127,222.73516722165192
