PrincipalComponent,coi,c1i,a1i,c2i,a2i
1,0.895904769950602,0.8781585197121595,43.0069034275007,1.3221131967642519,250.0
2,0.02959259390034727,0.01796646852122479,40.96686149765562,3.536464131754358e-18,224.7521555992653
