PrincipalComponent,coi,c1i,a1i,c2i,a2i
1,0.868112376105142,0.6945252905515373,87.1455018303446,0.5642115141212963,216.92582408580364
2,0.25185258275523786,0.4164831911120563,65.64445902777429,0.17797573933353902,225.16116681198974
