PrincipalComponent,coi,c1i,a1i,c2i,a2i
1,0.8538463542569964,0.6397669847303039,84.56810903806519,0.6130637950901451,191.3519183513793
2,0.22001541210975079,0.28611202831097815,30.722630655160835,0.4979413025776265,211.50098138623113
