PrincipalComponent,coi,c1i,a1i,c2i,a2i
1,0.8396503048825965,0.6302244235602408,36.61373225069743,1.0663785264454915,214.98774220486632
2,0.07178219803343323,0.1519793328335319,32.66568627214666,0.007659414669305439,213.61345735109072
