PrincipalComponent,coi,c1i,a1i,c2i,a2i
1,0.8120531887744252,0.7593843172620269,32.97814412183523,1.1238804519150734,250.0
2,0.06929075990305332,0.09989150527727055,42.40179958299045,6.062746308222152e-18,223.2450915270253
