PrincipalComponent,coi,c1i,a1i,c2i,a2i
1,0.8753935115974483,0.5002132409122522,36.903695506954165,1.111803558923309,215.7823265191653
2,0.09395128073338924,0.20497701241467162,37.444387852556154,6.3951000235806315e-19,214.7926487412006
