PrincipalComponent,coi,c1i,a1i,c2i,a2i
1,0.7625089496199235,0.9564607573992644,86.21837849943412,0.15450298053861133,234.25812761270268
2,0.1794225467104035,0.757788502813622,78.59638531312928,0.0817187453800065,233.33763690444903
