PrincipalComponent,coi,c1i,a1i,c2i,a2i
1,0.6605440843337943,0.6648336148587964,62.88136726355832,0.4690326789484447,235.59487988302786
2,0.1936540686341075,0.9637625593038205,89.1293963612524,0.0,227.89565153816423
