PrincipalComponent,coi,c1i,a1i,c2i,a2i
1,0.7636538705075573,0.42911622504765695,48.99869603604011,0.8906129534411197,229.8020963585476
2,0.24617669198116446,0.8830549752812743,88.08853746897104,1.2814808393042205e-17,222.88774819932567
