PrincipalComponent,coi,c1i,a1i,c2i,a2i
1,0.47650320958681014,0.4307295096702501,46.70368928342498,0.6945290574635066,220.28553274610564
