PrincipalComponent,coi,c1i,a1i,c2i,a2i
1,0.7340453993525081,0.6531512853669085,66.37084122587727,0.5062025585039284,234.27528669427252
2,0.19359523982072788,0.9664290382096082,85.15060760793773,2.392470657395212e-18,228.55019920489178
