PrincipalComponent,coi,c1i,a1i,c2i,a2i
1,0.8199152693981633,0.8043464494505786,36.061378477983205,1.5949570341187724,250.0
2,0.051531075772014,0.040567558068932516,40.75496892407303,2.809758432515996e-18,223.24049551462738
