PrincipalComponent,coi,c1i,a1i,c2i,a2i
1,0.8992059831221659,0.4243019692064831,58.81139726339991,0.9864491164888983,223.32891046789277
2,0.2295004264861823,0.406654324575269,61.16185758820268,0.0,224.43596327597297
