PrincipalComponent,coi,c1i,a1i,c2i,a2i
1,0.8786154407910013,0.7766176866146265,37.998328506210676,1.688812297635092,249.99999999999997
2,0.03005690528516171,0.015248264198288527,40.30282889249719,0.00016479686595161373,223.49163202294525
