PrincipalComponent,coi,c1i,a1i,c2i,a2i
1,0.8007716857951012,0.5731692085173654,36.98937734315611,1.21203709945329,241.5827157862624
2,0.16025216107539525,0.20861258093141702,55.420052516035575,0.0,224.46227169062962
