PrincipalComponent,coi,c1i,a1i,c2i,a2i
1,0.8487048738438259,0.41772686496968775,40.238035368104086,1.2114961961300097,220.67488742552382
2,0.1572671187323948,0.2866801406856091,45.99738006045371,2.080234054334101e-18,218.13604287581236
