PrincipalComponent,coi,c1i,a1i,c2i,a2i
1,0.6704183710212337,0.40912271330101524,32.874250256074795,1.010056441835573,237.64754924621258
2,0.2986928917240491,0.8339716555999667,100.0,0.1106570044994989,212.7427804260882
