PrincipalComponent,coi,c1i,a1i,c2i,a2i
1,0.8071244373464395,0.7284240454737417,30.47695675302823,1.8312710544561943,250.0
2,0.03346423511957273,0.020885749921307213,38.669459147330464,0.0,221.69202187797438
