PrincipalComponent,coi,c1i,a1i,c2i,a2i
1,0.7654885327033533,0.622337763430229,28.777498475703204,1.6066047303843536,250.0
2,0.10438794870375474,0.11213396540720338,40.140257112509516,0.019973047078281573,221.75896996531404
