PrincipalComponent,coi,c1i,a1i,c2i,a2i
1,0.7472224178860968,0.504729137734231,30.566718405737426,1.36298344373926,250.0
2,0.16437056292424357,0.27003811876224576,55.35031138180397,2.8189256484623115e-18,224.74656154225178
