PrincipalComponent,coi,c1i,a1i,c2i,a2i
1,0.6620234164921532,0.5592111742453272,53.55318498730529,0.7036060215540032,239.04054921282
2,0.2602623038759768,0.9787365038206303,99.49007038321753,0.0019477477195152674,224.17822432414843
