PrincipalComponent,coi,c1i,a1i,c2i,a2i
1,0.6197110760086069,0.5692886484097148,57.48727549207006,0.646313205981745,239.69405641509664
2,0.2400603071862957,0.9810698456186249,99.59872050672205,0.0,224.25629414052477
