PrincipalComponent,coi,c1i,a1i,c2i,a2i
1,0.7346463413747637,0.5912196305413148,28.19796664935521,1.4206764492415325,250.0
2,0.13657209960792496,0.1801136272936207,41.82353435343978,0.03852883620942903,221.98350161930676
