PrincipalComponent,coi,c1i,a1i,c2i,a2i
1,0.6810476476159226,0.3604312185056385,28.522370382308768,1.0328987974560666,209.9306953500148
2,0.30588323136671336,0.24479722951228367,28.456274261145147,0.7850238929755511,209.5186647909854
