PrincipalComponent,coi,c1i,a1i,c2i,a2i
1,0.44453344185164556,0.2864954302138329,28.90420430390409,0.9632825309900362,210.47023638902832
