PrincipalComponent,coi,c1i,a1i,c2i,a2i
1,0.7594184965269506,0.4064994334028556,27.097372726947764,1.3716208347243906,250.0
2,0.19709795725736604,0.32622701104127416,61.62579088647296,0.0,224.78894307994062
