PrincipalComponent,coi,c1i,a1i,c2i,a2i
1,0.6960257159538357,0.3994589253879122,33.76252832788534,1.045837365881884,250.0
2,0.35456264458706355,0.6044307063489975,98.68657039488089,0.17315486989127768,201.69583672333243
