PrincipalComponent,coi,c1i,a1i,c2i,a2i
1,0.8566437168023888,0.3583869368650001,55.60427214596869,1.0967135896069162,238.64225104864917
2,0.2756260233092804,0.45641776161619285,76.6956638915813,0.0,228.00341311429568
