PrincipalComponent,coi,c1i,a1i,c2i,a2i
1,0.7224062975394667,0.7270291114805648,28.60559052225028,1.4904389838847796,250.0
2,0.10574352278719748,0.07561901338784596,39.66042316809287,0.02552394878652875,221.67944197649024
