PrincipalComponent,coi,c1i,a1i,c2i,a2i
1,0.6221684440740516,0.4356502913734131,28.506696545465307,0.940293512667948,209.901651499363
2,0.3259229993136899,0.2458875422313959,28.431187590972385,0.7612181818977997,209.50429884807937
