PrincipalComponent,coi,c1i,a1i,c2i,a2i
1,0.7050492752994884,0.5894122497299341,30.97380980946369,1.231143275032668,250.0
2,0.17021540973142427,0.23835214161516755,51.31966972854772,0.0326016137505508,224.3196728337945
