PrincipalComponent,coi,c1i,a1i,c2i,a2i
1,0.6912640392444864,0.6817589239286078,28.50335571042818,1.2922120652005717,250.0
2,0.142969428297002,0.1545267174667322,40.92641802897069,0.053609278773045686,221.99505942411636
