PrincipalComponent,coi,c1i,a1i,c2i,a2i
1,0.7389108616773329,0.41474362533915754,48.41235249679885,0.9641380400526363,227.78839565888666
2,0.3181620684455163,0.36854397658358795,59.97085867215945,0.26184667568817616,220.79500777609562
