PrincipalComponent,coi,c1i,a1i,c2i,a2i
1,0.5867254748589829,0.6399101691179274,56.05088065618003,0.529369162971146,238.71578348684838
2,0.22501369370016405,0.7101661530338281,74.38191680013509,0.320445931552581,217.1136712176468
