PrincipalComponent,coi,c1i,a1i,c2i,a2i
1,0.616464161384027,0.6267382851483188,50.61140801595692,0.599843710361525,231.6482452675685
2,0.2573311961277709,0.7047637509469403,76.32553103438278,0.3151954632742468,220.70813112682782
