PrincipalComponent,coi,c1i,a1i,c2i,a2i
1,0.6478750935361487,0.46761638709097153,33.80415441176165,0.938616846235626,248.9521848622207
2,0.3744242599166707,0.6003255261587163,100.0,0.16005332510595585,208.0730248098431
