PrincipalComponent,coi,c1i,a1i,c2i,a2i
1,0.8081251452730348,0.41158025287477507,50.11136842076466,0.9917018792466838,228.90844633366154
2,0.27947979020674685,0.36336598622296473,58.516487845512216,0.11454305138164686,222.7748900103092
