PrincipalComponent,coi,c1i,a1i,c2i,a2i
1,0.618643193899011,0.4781400216285443,32.4317232849959,0.8996927958031219,227.9073265216261
2,0.3078305856308176,0.6114208868942679,80.98517555311514,0.353241124002083,214.434143246668
