PrincipalComponent,coi,c1i,a1i,c2i,a2i
1,0.4060191150286013,0.3626998435464949,28.872405887079474,0.8464731585676378,210.4624684274269
