PrincipalComponent,coi,c1i,a1i,c2i,a2i
1,0.7149881541807324,0.48310732593430483,28.595560887567796,1.2460225924823354,250.0
2,0.21139574566093766,0.30184999716223626,59.64741254000057,0.01947216084828627,225.08046196009698
