PrincipalComponent,coi,c1i,a1i,c2i,a2i
1,0.7775236812622369,0.6404806364852074,31.300683714574866,1.117164925087471,250.0
2,0.12985970056249874,0.13149106476444256,45.32414907463266,6.081765670527974e-19,223.5705161732606
