PrincipalComponent,coi,c1i,a1i,c2i,a2i
1,0.7864002638279866,0.7342919834155729,28.81216332705962,1.168295332506031,250.0
2,0.08222712609100619,0.06684375790175869,38.49567346298272,2.833282133930101e-19,221.71223919836632
