PrincipalComponent,coi,c1i,a1i,c2i,a2i
1,0.8024414170923998,0.44664689479632436,54.81833333225533,0.8496924475078456,215.75030113352656
2,0.274915682565321,0.2589125300693371,37.091655713497175,0.255000100181144,218.22656993376543
