PrincipalComponent,coi,c1i,a1i,c2i,a2i
1,0.6582224488246348,0.6763833074589077,62.587069295747774,0.34471212745506274,237.95415667329874
2,0.18682439568563325,0.5991381153716046,63.57973318883666,0.3731718888104377,216.21063631295257
