PrincipalComponent,coi,c1i,a1i,c2i,a2i
1,0.7629790745711467,0.43556973502526797,52.062460200267125,0.7876696947125766,210.57817537937086
2,0.26934141023127445,0.2965727112500037,26.29456328423019,0.46312428675258077,214.38692883270778
