PrincipalComponent,coi,c1i,a1i,c2i,a2i
1,0.7250115959855082,0.4449220455335311,42.10846743290532,0.8132036399492458,205.35764433099934
2,0.26315580721498966,0.2523068916317518,18.05278700635528,0.6430855260437613,210.99143335769537
