PrincipalComponent,coi,c1i,a1i,c2i,a2i
1,0.6816537498672031,0.7219389242923562,62.01512034004791,0.374964461374721,233.06062919476952
2,0.23292658686853937,0.5280430649043278,60.6708943411588,0.40837903814235377,218.4986105875387
