PrincipalComponent,coi,c1i,a1i,c2i,a2i
1,0.7258235806861044,0.5244039646384467,52.78177263238812,0.672987664827347,212.47719837277688
2,0.2292361980959076,0.3536937367257774,31.709105002439845,0.6063356360499875,216.4460549483107
