PrincipalComponent,coi,c1i,a1i,c2i,a2i
1,0.7971189572277039,0.5040938185006852,29.90079681764797,1.1457376232332048,250.0
2,0.17792574098176872,0.1894161298702212,54.70763120051182,1.0576013867965223e-18,225.14129390537715
