PrincipalComponent,coi,c1i,a1i,c2i,a2i
1,0.4410876848757745,0.3475139150902256,28.801203212855228,0.6520416600953236,210.50203923223137
