PrincipalComponent,coi,c1i,a1i,c2i,a2i
1,0.8693286609375743,0.4231941778035148,51.20113326311993,0.904879536408033,217.53677677065423
2,0.23581596942718558,0.26539290747281,39.912669113250104,0.09467881660673705,218.40759321088862
