PrincipalComponent,coi,c1i,a1i,c2i,a2i
1,0.7382700267364077,0.9011271911306598,70.53067212210205,0.17046627389964944,247.71164470601823
2,0.20992515592534644,0.5539711356022293,76.0843157414276,0.20964146010682427,211.55983562784445
