PrincipalComponent,coi,c1i,a1i,c2i,a2i
1,0.8489126488740573,0.5668111417066336,28.769914024721356,1.0252436674555854,210.70555699888985
2,0.08996848374412132,0.10712850923418844,28.646631018353535,7.231786184940683e-18,210.26435630027117
