PrincipalComponent,coi,c1i,a1i,c2i,a2i
1,0.807804837131293,0.6492034817442648,64.22539943182088,0.5213622715524822,211.9131146025357
2,0.15914932664401396,0.3584224037063513,31.309050866332765,0.4760675649746736,218.7350973642514
