PrincipalComponent,coi,c1i,a1i,c2i,a2i
1,0.8502028012354946,0.7003187310974066,31.625475265406894,0.9690553952438687,213.5217763111923
2,0.05649105027651628,0.0459750361426973,29.894187111096333,0.0,211.76147903670943
