PrincipalComponent,coi,c1i,a1i,c2i,a2i
1,0.6928631804200646,0.8411204257812324,67.46487166500243,0.16631536228125524,250.0
2,0.17805152468362653,0.638661941476333,80.81932561704454,0.15999016077841685,211.7863592969158
