PrincipalComponent,coi,c1i,a1i,c2i,a2i
1,0.43541635885799823,0.3912241028984651,28.725181711231446,0.4983776264595839,210.50171814986336
