PrincipalComponent,coi,c1i,a1i,c2i,a2i
1,0.862214266023152,0.6912650510220696,74.7541964938402,0.49950290028019306,205.11979708121132
2,0.1911184219210913,0.2411573496389166,19.182964002760215,0.3728181450150766,216.27333252865492
