PrincipalComponent,coi,c1i,a1i,c2i,a2i
1,0.8214550969952976,0.612567697843149,60.21886114552443,0.6189631498135493,200.16265306803575
2,0.2006641230244861,0.2160218455613252,14.690638984527524,0.5234372522333753,213.47364997071003
