PrincipalComponent,coi,c1i,a1i,c2i,a2i
1,0.8904068748540286,0.7443193032096178,77.08427071141757,0.5161756474900485,215.7110280130854
2,0.2232408608177794,0.1808954051920443,37.17623657309243,0.1685923194692287,222.93398437998502
