PrincipalComponent,coi,c1i,a1i,c2i,a2i
1,0.44591975164354813,0.364522990364772,28.737042659711054,0.483984239130801,210.50721533892104
