PrincipalComponent,coi,c1i,a1i,c2i,a2i
1,0.9498196433817644,0.6505213886867006,40.60537439960511,0.890562429313345,212.63653528027146
2,0.05507669347876547,0.027934941763887926,31.614838856342168,0.009854523340837,213.70274089939954
