PrincipalComponent,coi,c1i,a1i,c2i,a2i
1,1.0168345962607446,1.0066600607221172,89.85109541236693,0.25136004051670613,219.02052176387
2,0.1506761893950432,0.09178152276650577,44.92573758905537,0.03550219344984032,227.57645165277725
