PrincipalComponent,coi,c1i,a1i,c2i,a2i
1,0.8737935677046129,0.7653367518113301,74.20998327467736,0.48977338386547137,204.98940342919116
2,0.22372711973957424,0.15384664923377778,29.66693616649888,0.4248322415075451,218.48092538540905
