PrincipalComponent,coi,c1i,a1i,c2i,a2i
1,0.9539607819386535,1.1562764673989816,99.98463818693625,0.0764191212479525,218.57451897736368
2,0.18793809947019768,0.11140186798845587,44.65427659352923,0.1444969557485185,229.47920627869013
