PrincipalComponent,coi,c1i,a1i,c2i,a2i
1,0.7417540637103941,1.0495885273619796,75.50115660415553,0.07109237706081047,250.0
2,0.20540909298017995,0.5758089853058296,90.03947043113551,0.06915869740168744,215.07756786007408
