PrincipalComponent,coi,c1i,a1i,c2i,a2i
1,0.9097477647361066,0.9349137528650447,88.9744556156765,0.2781088948046994,211.99973137096967
2,0.20928453098425576,0.17532978147828335,37.736483716140434,0.27700920061522044,223.7223842478106
