PrincipalComponent,coi,c1i,a1i,c2i,a2i
1,0.8301326081728657,0.7807529786344215,72.26760911895207,0.4273251653886376,214.35276726505882
2,0.17601318947354727,0.3037568406697746,39.80805588258291,0.3953881390491702,221.34805868544498
