PrincipalComponent,coi,c1i,a1i,c2i,a2i
1,0.8683269455887793,0.8779724323591683,80.56003466282587,0.39676519959757184,208.1258132927783
2,0.18836406644055365,0.21999643661715126,37.18122104549999,0.3583895830460827,220.98988940311347
