PrincipalComponent,coi,c1i,a1i,c2i,a2i
1,0.9434859062315017,0.846608298669118,90.00826257844028,0.4537986635584174,183.3925396671818
2,0.19513259889987858,0.13016830010231298,24.147609499893644,0.34143996221064793,215.88629460755425
