PrincipalComponent,coi,c1i,a1i,c2i,a2i
1,1.0196478256717785,1.151206885894241,100.0,0.1431626815902215,208.2392197903263
2,0.1456564054952251,0.07267133832700107,40.67940621225688,0.10857161307353433,226.29126285951415
