PrincipalComponent,coi,c1i,a1i,c2i,a2i
1,1.1056705741812014,1.1389537107864507,100.0,0.1264165946133882,208.89883729329426
2,0.09644403988772951,0.05596506804503441,42.90886281508491,0.020977938850078343,226.84668125494855
