PrincipalComponent,coi,c1i,a1i,c2i,a2i
1,0.4994822555184919,0.292214884567055,28.71760130477287,0.5179924121717997,210.5299691428286
