PrincipalComponent,coi,c1i,a1i,c2i,a2i
1,0.9643181566454979,1.0944807340339473,100.0,0.18219146790642277,196.32400096906102
2,0.18854412537761558,0.12561943735794345,33.313470747904496,0.21573449985756996,221.56743656063108
