PrincipalComponent,coi,c1i,a1i,c2i,a2i
1,0.6374189941721486,0.6571829680651702,100.0,0.0,226.3720908140947
