PrincipalComponent,coi,c1i,a1i,c2i,a2i
1,1.0545359893068063,1.2498784322067484,100.0,0.17142565064460824,189.1887430947052
2,0.1773233432780422,0.0671933594733323,36.20181023534919,0.21086352920627724,220.81236445674782
