PrincipalComponent,coi,c1i,a1i,c2i,a2i
1,0.8679940792448655,1.2797508265189395,85.00377035808322,0.0024415008616549654,244.1578454286837
2,0.1997880223665266,0.4240110577224555,100.0,0.0,220.70214612191918
