PrincipalComponent,coi,c1i,a1i,c2i,a2i
1,0.8008151084070517,1.180072224507802,78.61681387970792,0.022480427447467213,250.0
2,0.17254871570576286,0.49857316004139357,100.0,3.686035253719067e-17,212.38669385381303
