PrincipalComponent,coi,c1i,a1i,c2i,a2i
1,0.9803372982188198,1.1753450006484394,95.28758845914616,0.1790364635581526,208.63512811136943
2,0.1642138119475388,0.21308816906805125,43.329254717622746,0.21319336198854097,225.20487572126058
