PrincipalComponent,coi,c1i,a1i,c2i,a2i
1,1.1526492577837542,1.370193227379372,100.0,0.013791727653241263,207.8708006220993
2,0.07512730389381314,0.026130496270196153,42.037870442602355,0.034638433839650415,226.39046465628397
