PrincipalComponent,coi,c1i,a1i,c2i,a2i
1,1.0810198836223235,1.3362237140202613,100.0,0.05989530602591823,199.62561281155064
2,0.14072194816853742,0.0750332729345182,39.65205081803237,0.10748207106370425,223.76746887020784
