PrincipalComponent,coi,c1i,a1i,c2i,a2i
1,1.1747846800888764,0.0,61.9162428227948,1.7918462032867377,117.45477139957698
2,0.03439790748523541,0.04494268010256494,12.312229784250658,0.06209918292482163,191.34319014701265
