PrincipalComponent,coi,c1i,a1i,c2i,a2i
1,0.8602311016088503,1.5082260914504355,86.96208740657642,3.1559919844259275e-17,249.85112701899342
2,0.08977620491766898,0.3811386290302233,100.0,0.021288403048890153,196.9853295738123
