PrincipalComponent,coi,c1i,a1i,c2i,a2i
1,1.0256749324327008,1.6241187583061267,100.0,0.10417004331902041,187.3053293615939
2,0.08671695049556521,0.10011565042519019,37.7673704710755,0.15008193923171262,220.36167249915385
