PrincipalComponent,coi,c1i,a1i,c2i,a2i
1,0.9394095864148565,1.610966245481857,92.10176434064226,7.092104179312092e-17,231.13241663208026
2,0.1106336229903602,0.2568795365460428,97.1020070417725,0.05753784350171694,220.21699517470927
