PrincipalComponent,coi,c1i,a1i,c2i,a2i
1,0.6080188312466349,0.7134096834815402,100.0,0.1764837378837048,167.7082451624403
