PrincipalComponent,coi,c1i,a1i,c2i,a2i
1,0.6019206010801504,0.7172865351840971,100.0,0.06298132703255184,216.2305945267888
