PrincipalComponent,coi,c1i,a1i,c2i,a2i
1,1.0845963666364025,1.1774902677506374,100.0,0.43392207109744774,162.50098187172608
2,0.11719776847003949,0.05531057649412507,30.18915965661978,0.14452208053786342,213.07254826233532
