PrincipalComponent,coi,c1i,a1i,c2i,a2i
1,0.9733071388489878,1.445800673846796,100.0,0.09186913480703934,198.15531466652408
2,0.1304560320372425,0.1701685409114792,42.62058884891135,0.17359534813939934,223.703755467289
