PrincipalComponent,coi,c1i,a1i,c2i,a2i
1,0.8785423726173491,1.4474056264050636,90.20918402147227,7.731166965316018e-17,237.16660327683016
2,0.16957858716993512,0.33562186088225615,99.47024046104006,0.030480700332070426,223.1551129077395
