PrincipalComponent,coi,c1i,a1i,c2i,a2i
1,0.806601077463381,1.3459622816848753,83.91450691641815,0.004920294877648968,250.0
2,0.13765749917249073,0.45355415901239093,100.0,0.0,204.55621194609512
