PrincipalComponent,coi,c1i,a1i,c2i,a2i
1,0.3550925066117058,0.320352309295776,5.515453695044036,0.9451715555922017,133.82629712738245
