PrincipalComponent,coi,c1i,a1i,c2i,a2i
1,0.9770588535603965,1.7647401567278886,98.40441575346588,0.012896206467641978,207.891928804509
2,0.05552497071647146,0.1537684219154584,42.37799885765415,0.12752401415641484,225.67938637355977
