PrincipalComponent,coi,c1i,a1i,c2i,a2i
1,0.8813644150680158,1.4703954599104212,84.69107336726356,0.2307908881433448,214.09302348441923
2,0.06556808824288732,0.13997556658757102,40.911961632164896,0.24728517426785804,224.25405283954743
