PrincipalComponent,coi,c1i,a1i,c2i,a2i
1,0.5268429220964131,1.0452702574859696,100.0,0.0,215.412248679515
