PrincipalComponent,coi,c1i,a1i,c2i,a2i
1,0.9256767225040499,1.9843210954818493,91.15807700476354,0.0,216.9709221878409
2,0.0341745618370766,0.05344872644376716,42.91863850230773,0.06696911653804294,226.68938711749917
