PrincipalComponent,coi,c1i,a1i,c2i,a2i
1,0.832531986548537,1.8300184792030187,86.90589614711025,0.049292722129413366,219.1766817211819
2,0.0328595314463671,0.12082627164686821,42.78710554504891,0.10503876005852866,226.41408340464173
