PrincipalComponent,coi,c1i,a1i,c2i,a2i
1,0.42892594707429643,1.0507246312591358,82.00977700276306,3.796962779868999e-17,231.01282998652604
