PrincipalComponent,coi,c1i,a1i,c2i,a2i
1,0.7520223528344107,2.003921275438394,80.3664828140517,0.0,221.01142638813113
2,0.0196652146740506,0.05175489368121785,42.010564596344565,0.03834558319582427,225.4529181896512
