PrincipalComponent,coi,c1i,a1i,c2i,a2i
1,0.3541029342201653,1.0273054296101716,80.2995135401126,1.2519165367750573e-17,231.43381319956046
