PrincipalComponent,coi,c1i,a1i,c2i,a2i
1,0.6491342021639496,0.9572358861392561,65.42427505442039,0.2743377860510134,221.92551155005924
2,0.1059648856071737,0.16930172568632681,40.39031748535418,0.22021308605217907,222.5225288628157
