PrincipalComponent,coi,c1i,a1i,c2i,a2i
1,0.6006758194274457,0.7754300324313228,56.21937156756892,0.5194106503576185,219.00636559813404
2,0.13091597809214764,0.15864734964386376,37.586117127827066,0.31799066093903827,219.28889945288563
