PrincipalComponent,coi,c1i,a1i,c2i,a2i
1,0.5724934105939883,0.7353815286807333,50.214748246003914,0.5479019296938815,217.44234652324297
2,0.15023471141812303,0.1391087075673923,35.78996692846308,0.3507790839934039,217.37372498702135
