PrincipalComponent,coi,c1i,a1i,c2i,a2i
1,0.7895235621342889,1.3677963423816264,90.07154253971323,0.0,225.12610737158778
2,0.07608011949435363,0.19169176487959455,47.71975565610493,4.2154264824834623e-19,229.80946476042234
