PrincipalComponent,coi,c1i,a1i,c2i,a2i
1,0.7079740519728701,1.0122873994980723,74.91963077877465,0.25913154820992035,223.55734222271153
2,0.13176137580130184,0.25761626931835674,44.82428048949697,0.06810116044604723,225.71947359180814
