PrincipalComponent,coi,c1i,a1i,c2i,a2i
1,0.6579409132217434,0.8563181874749053,44.82716753096136,0.7445296153037151,215.4144601319818
2,0.05912086551606539,0.06991680373745729,33.39266250080986,0.042910793454280546,215.53485829198232
