PrincipalComponent,coi,c1i,a1i,c2i,a2i
1,0.6683745065301803,0.8843925259941343,51.90359058473652,0.5789072536357085,217.16780343864923
2,0.06778903438105209,0.10946730505350509,35.6016323361621,0.05722859118254161,217.85031007994152
