PrincipalComponent,coi,c1i,a1i,c2i,a2i
1,0.3564952242190774,0.5204849118850193,52.30912869862314,0.3589735240341552,221.88411587042413
