PrincipalComponent,coi,c1i,a1i,c2i,a2i
1,0.6998916756946785,1.015531909022903,55.92359867928857,0.8074497663916638,218.24639321209133
2,0.018559212559821753,0.018575055859676972,36.38598890750649,0.0015758127818418385,219.01261125499425
