PrincipalComponent,coi,c1i,a1i,c2i,a2i
1,0.6679530392736681,0.8937002227558103,73.9765380933633,0.39129777748230404,223.612300026144
2,0.15814712901661762,0.30806127160511004,47.21317449728338,0.14299903546313256,225.75157587914538
