PrincipalComponent,coi,c1i,a1i,c2i,a2i
1,0.657271593334453,0.7857581301503038,41.93363647132319,0.970179244157111,214.85597379618352
2,0.04785067459408507,0.04773691016508902,32.65145664163236,0.030493170262073127,214.63502800207414
