PrincipalComponent,coi,c1i,a1i,c2i,a2i
1,0.599849948570774,0.7250458421242226,66.60711170472345,0.39750943885103707,230.12440415843938
2,0.16713216830308794,0.729498470831084,70.3490953092106,0.0,229.16177216764902
