PrincipalComponent,coi,c1i,a1i,c2i,a2i
1,0.649787946853385,1.0208536708853118,86.50688622249034,0.17448604949579694,227.2083274604528
2,0.1749053563740131,0.4056426367503178,54.686263058464704,0.1942830969921952,229.92355176989162
