PrincipalComponent,coi,c1i,a1i,c2i,a2i
1,0.6653163832680982,0.8625939558560518,77.87406827638263,0.34177270831224377,221.9505522751721
2,0.19193550110108407,0.3542644948655416,46.79754328786135,0.3352798323508093,225.39045524997493
