PrincipalComponent,coi,c1i,a1i,c2i,a2i
1,0.7050912712755898,0.97932873664682,64.94935753085771,0.39349330576417973,220.15446388452474
2,0.07950658437655009,0.17171525919764252,39.96545885759821,0.042359140450303985,222.06882683918366
