PrincipalComponent,coi,c1i,a1i,c2i,a2i
1,0.6367935502784027,0.8045253414496696,43.81935816260456,1.1124111265578323,215.28346799614812
2,0.04311081013595709,0.026364629312588938,33.18458364999848,0.048683905188531114,215.18472992724688
