PrincipalComponent,coi,c1i,a1i,c2i,a2i
1,0.6699317765370403,0.6948935347796715,72.3995244493605,0.5449664309936737,225.7079394722229
2,0.18857606369633884,0.5573620746634533,64.3424634432125,0.13024274551881146,228.1187964155489
