PrincipalComponent,coi,c1i,a1i,c2i,a2i
1,0.6610084957886188,0.8485938072075567,48.85457528260893,1.0771782131517837,216.32280636446907
2,0.032493101844276104,0.027405396058468753,34.50372313355094,0.034006570712494764,216.71227919778397
