PrincipalComponent,coi,c1i,a1i,c2i,a2i
1,0.6521800496308945,0.7206866211146038,69.7159530826689,0.43334417872498837,229.0182856554694
2,0.18097225002427622,0.6637453932854795,68.01936634739077,0.04249336319117566,229.1564899875524
