PrincipalComponent,coi,c1i,a1i,c2i,a2i
1,0.6708918312237573,0.9335890817258773,79.06023739903253,0.3159382178041155,225.55091473384996
2,0.16714720189499002,0.34007850277734064,50.350499265759915,0.10752384022015074,227.79812351334886
