PrincipalComponent,coi,c1i,a1i,c2i,a2i
1,0.6297594141552458,0.9921779859319015,94.62678391801568,0.14638727343850214,232.77484175508857
2,0.20418386282862186,0.5420284898680314,68.48112657008367,0.18317111236072584,234.0898205695452
