PrincipalComponent,coi,c1i,a1i,c2i,a2i
1,0.6446049038676938,0.5683071649764491,67.99435526725739,0.6761258088870362,229.49536133612216
2,0.21239740579184554,0.7101170981290255,75.78348387080648,0.07026580210084359,228.91219515985242
