PrincipalComponent,coi,c1i,a1i,c2i,a2i
1,0.6522212394818095,0.9979132253750264,96.19752790171044,0.11826613619903033,242.22314682435538
2,0.2545693748724163,0.6942664020044281,100.0,0.04067146444453188,232.00141508649796
