PrincipalComponent,coi,c1i,a1i,c2i,a2i
1,0.36202335442892136,0.5282375540387134,59.883928389355276,0.43974337309625744,224.85913746850164
