PrincipalComponent,coi,c1i,a1i,c2i,a2i
1,0.6682017153754103,0.9163985055506126,69.9740578947825,0.4527680527092444,221.43812133816175
2,0.11602037624180049,0.2418285127700814,43.42259724928521,0.07243665459117363,223.91887451748238
