PrincipalComponent,coi,c1i,a1i,c2i,a2i
1,0.6781699796488532,0.8494879083089293,51.450977198017455,1.2082303685723164,216.917531038751
2,0.020829764839545517,0.01331072114689095,35.15181111878728,0.0075731403752167465,217.47213738985022
