PrincipalComponent,coi,c1i,a1i,c2i,a2i
1,0.6501905744354658,0.7750644330556254,46.230970320896574,1.25865035585408,215.97573336463643
2,0.03588254730544745,0.035245844908743336,33.94394829246893,0.015379227903916782,215.95631662768005
