PrincipalComponent,coi,c1i,a1i,c2i,a2i
1,0.6394808847334535,0.7849352830164366,48.64955965583453,0.8278781131039424,216.4858482961874
2,0.08500137493320632,0.1279077515629749,34.83878253885734,0.06210339864449309,216.80951457366515
