PrincipalComponent,coi,c1i,a1i,c2i,a2i
1,0.5677933768643476,0.570502974764541,55.800159112976246,0.5937562575347975,229.71532674979636
2,0.1812459778747715,0.8247405933137624,74.19413823401052,5.246693763653826e-18,226.71854185768913
