PrincipalComponent,coi,c1i,a1i,c2i,a2i
1,0.647380224515396,0.7248142719735367,44.94648125227604,1.0796375983350606,215.87657188019398
2,0.0650513887395666,0.08870419682757481,33.767666335125554,0.0320587085745511,215.67781187383235
