PrincipalComponent,coi,c1i,a1i,c2i,a2i
1,0.640564091322523,0.8144116815401947,56.272197249672224,0.651677542325874,218.34822583742022
2,0.09922686206317598,0.17377278069842195,37.7855125218325,0.08303045997697724,219.37223723695746
