PrincipalComponent,coi,c1i,a1i,c2i,a2i
1,0.6386540336266641,0.7988304030429344,77.64250412677524,0.45609216314308365,227.0663269440346
2,0.190894804889598,0.417430309689744,56.97993859909833,0.15556178738980145,228.63221044423176
