PrincipalComponent,coi,c1i,a1i,c2i,a2i
1,0.5971913740740014,0.6806127379085531,72.11772913709558,0.5172230829311825,237.45346973558094
2,0.277897402736394,0.53000072790622,91.02952686982465,0.3308472384378989,211.27471471586625
