PrincipalComponent,coi,c1i,a1i,c2i,a2i
1,0.596066763579857,0.6567648620640045,41.25028908881541,1.0306562651759792,214.79267836008788
2,0.1002408483188216,0.12812817826246956,32.65681688685348,0.1280807282392082,214.4415979745995
