PrincipalComponent,coi,c1i,a1i,c2i,a2i
1,0.6037545797738563,0.4410269630556881,55.54635068718687,0.8528041591237561,224.51716359249625
2,0.22347580645946857,0.5792534189536117,65.2346935052753,0.3212468564397458,222.58346598009882
