PrincipalComponent,coi,c1i,a1i,c2i,a2i
1,0.5915942651790178,0.47696708340695,53.75121100308146,0.7586624290646363,230.0290360900936
2,0.21753270220857748,0.7713178244423902,77.91088148361897,0.09869232237461306,225.58973504404867
