PrincipalComponent,coi,c1i,a1i,c2i,a2i
1,0.5979652838991523,0.655999254095692,47.48012062597855,0.8754204510502508,215.85727009472748
2,0.11276820787239143,0.1774783040218632,34.84956820937994,0.16167764887963534,216.38212216560683
