PrincipalComponent,coi,c1i,a1i,c2i,a2i
1,0.624137609394457,0.7055607434261257,66.83986377487398,0.5936342221088595,221.91139406554623
2,0.18907235961746904,0.3182317228830412,46.11600241319003,0.24273252180708937,223.43599810523327
