PrincipalComponent,coi,c1i,a1i,c2i,a2i
1,0.6433480362297205,0.6755920737183729,40.75525366783479,1.5101405352688015,215.46350235272885
2,0.022556446136605734,0.022131773918627473,32.55315095738752,0.0049573831324629955,214.42612011118615
