PrincipalComponent,coi,c1i,a1i,c2i,a2i
1,0.5815075444039887,0.75011436332213,80.82009583114642,0.4352804272553622,227.80643265750643
2,0.22962991088012066,0.45357453270044884,61.00921522477799,0.399110578039937,227.6771516358047
