PrincipalComponent,coi,c1i,a1i,c2i,a2i
1,0.6196414185952822,0.7050436389358894,58.123684965377755,0.7306997766655361,217.69815395677188
2,0.13466635487812137,0.23377516174230797,39.245674270160066,0.17582480686025398,219.69887158095585
