PrincipalComponent,coi,c1i,a1i,c2i,a2i
1,0.3395118863662249,0.3705995634824343,45.5254559665584,0.7377050397867148,219.07114251209774
