PrincipalComponent,coi,c1i,a1i,c2i,a2i
1,0.5402196701671271,0.48099545039885566,50.135419074805895,0.7439373687982017,230.95857438026852
2,0.19958423311419135,0.8716489731187153,81.06224603538293,8.030952535415583e-18,225.5731101910168
