PrincipalComponent,coi,c1i,a1i,c2i,a2i
1,0.6159257438958391,0.613271806143242,38.43128954279982,1.2910370054146552,215.10562977037034
2,0.07171454044843291,0.08775233874296991,32.24006141741725,0.06713217249583957,213.83741948293607
