PrincipalComponent,coi,c1i,a1i,c2i,a2i
1,0.5633074980545556,0.5432027802289793,56.666241078150904,0.7381702659375688,221.23780048811636
2,0.2309046952944221,0.3522786328535957,47.69844289194601,0.3620934430433009,221.11576973972743
