PrincipalComponent,coi,c1i,a1i,c2i,a2i
1,0.5732814295875754,0.6463470801509665,37.19679627464659,1.0432345080172094,213.81242410526332
2,0.10941340125771705,0.11502463878686464,31.45366908482151,0.13836067931422172,213.17930946409732
