PrincipalComponent,coi,c1i,a1i,c2i,a2i
1,0.5637568131489266,0.5480924655330072,57.70863817863467,0.6566513728324085,217.06571176551148
2,0.25633345941779273,0.31989721807504845,41.35901747799657,0.6363361961609887,218.02504639864773
