PrincipalComponent,coi,c1i,a1i,c2i,a2i
1,0.5901280994677742,0.6489385328452426,50.078162936510914,0.7864756877233533,215.91750149639063
2,0.148728277505088,0.22167823947135357,36.69628211466297,0.19940276370790896,217.20888692329453
