PrincipalComponent,coi,c1i,a1i,c2i,a2i
1,0.5531254145570689,0.6463287478962078,69.43580490020582,0.543707722739815,224.32946471789958
2,0.24519866685845293,0.41174473710824155,54.58831784850663,0.4561744680475612,224.05774269190226
