PrincipalComponent,coi,c1i,a1i,c2i,a2i
1,0.5276787467227473,0.5155285881003606,55.13774005981771,0.6953169600293204,230.27440623584883
2,0.22045471306522735,0.7791589687639233,76.06764560584453,0.08230902408884956,226.16902530725002
