PrincipalComponent,coi,c1i,a1i,c2i,a2i
1,0.6035396003225173,0.6213473488770841,35.34642569506683,1.3004479758229273,214.5833081683904
2,0.07451524058872584,0.06254469002114853,31.340889000734094,0.06816229783025075,212.92174424710353
