PrincipalComponent,coi,c1i,a1i,c2i,a2i
1,0.3066183687344922,0.3257761210747951,28.935451127140308,0.8028118144712324,210.4120322221727
