PrincipalComponent,coi,c1i,a1i,c2i,a2i
1,0.6211821586130868,0.6256057990683694,65.11608686949381,0.6115370395919056,220.25091417628198
2,0.21408056977219922,0.3247106055940558,43.37577660533386,0.24222292573532692,222.7835584511686
