PrincipalComponent,coi,c1i,a1i,c2i,a2i
1,0.6073680444689803,0.7828295117013808,82.53675911644527,0.34819341587400565,223.18736821061697
2,0.23025815855850393,0.3863862686108418,48.60679599844203,0.3435718552508044,227.5908850241613
