PrincipalComponent,coi,c1i,a1i,c2i,a2i
1,0.6628920761881089,0.7281584267358155,67.26270362509123,0.5197668866440572,220.34477522873243
2,0.1876132238956905,0.28739967835956426,42.219625186543425,0.12906980812560306,223.02330287296238
