PrincipalComponent,coi,c1i,a1i,c2i,a2i
1,0.6268331575693067,0.6818235977877435,40.32239534934536,0.8441958943805463,213.9299966723306
2,0.09910435528463776,0.12210716576599583,32.18973782402892,0.060892729805889244,214.0391741613639
