PrincipalComponent,coi,c1i,a1i,c2i,a2i
1,0.3373806218657024,0.3425748264978413,28.84631692877201,0.619534522821742,210.4328663993734
