PrincipalComponent,coi,c1i,a1i,c2i,a2i
1,0.5722182981269225,0.6324630217800447,64.36533796996201,0.4442291023365115,225.33426054295185
2,0.20486026564459583,0.5723611413330312,57.89592743011931,0.27121535740902925,225.57664600314192
