PrincipalComponent,coi,c1i,a1i,c2i,a2i
1,0.615733540502249,0.5739269643394378,61.44020566923299,0.5422899026800898,221.46007283228906
2,0.21150954295603655,0.5026051737242645,50.53317084343327,0.3407249926205158,223.20362130407167
