PrincipalComponent,coi,c1i,a1i,c2i,a2i
1,0.6413413683022954,0.7149782141645667,35.90987359421812,0.9712757482680505,213.1798073580175
2,0.07048366222233596,0.05757972173127548,30.830207615484184,0.03413897756188217,212.67006623120156
