PrincipalComponent,coi,c1i,a1i,c2i,a2i
1,0.6577610681119862,0.6903411248873337,51.143404592779106,0.7226412744482091,215.6876631834544
2,0.11972254753514854,0.1988348628951622,35.90829810325372,0.06542076297002929,217.408848346925
