PrincipalComponent,coi,c1i,a1i,c2i,a2i
1,0.6349974413102815,0.5079994882521516,61.07487571398739,0.6736122820811666,217.42084785677054
2,0.2130925179734852,0.43475519182923883,46.24746870200895,0.41162478072832526,221.75549132852763
