PrincipalComponent,coi,c1i,a1i,c2i,a2i
1,0.6273191437277839,0.6062790433410641,67.42801867519475,0.5390636915969714,215.61658427731393
2,0.22227377258669836,0.33465366013186726,35.8364526496391,0.5027933686608822,220.86629634631126
