PrincipalComponent,coi,c1i,a1i,c2i,a2i
1,0.6844396261883284,0.830332627204652,41.50900202808239,0.7096516196908357,214.02980389032317
2,0.05290852662217616,0.05291441804102667,32.267843650590954,0.0,214.33751234797683
