PrincipalComponent,coi,c1i,a1i,c2i,a2i
1,0.654685659902569,0.9170896613984866,78.34292689455557,0.2548138939220669,222.1247565882861
2,0.18571412601096568,0.3255685350829615,44.13439300876504,0.25268708275658247,225.7077940899455
