PrincipalComponent,coi,c1i,a1i,c2i,a2i
1,0.33059202972524854,0.4178568909780389,28.76499470572457,0.45348897665262344,210.43012446701962
