PrincipalComponent,coi,c1i,a1i,c2i,a2i
1,0.6707929631116589,0.8670982929072173,70.54098033153416,0.39397624577989376,221.06626491174367
2,0.18441635324969552,0.2398482178530762,41.71030943530475,0.15710831939661282,223.6915262986295
