PrincipalComponent,coi,c1i,a1i,c2i,a2i
1,0.6710080260566678,0.7831275301918644,73.30113635509478,0.2677495817805299,224.36706079678413
2,0.18428388453602965,0.48817573975348016,52.86787335326348,0.2579082777733495,226.73683483189185
