PrincipalComponent,coi,c1i,a1i,c2i,a2i
1,0.7220536040023368,0.9172583368804644,68.65885258309677,0.35349304837179185,221.00615334733965
2,0.14468634645490333,0.21914352535883583,41.685511708831704,0.04018751292261828,223.3459606995317
