PrincipalComponent,coi,c1i,a1i,c2i,a2i
1,0.6892884573149628,0.7571033744053505,75.28942906814027,0.3677674286320935,220.0707013886339
2,0.18597512316152018,0.3939119788176546,46.429346281369064,0.34867410976531316,225.30428251492134
