PrincipalComponent,coi,c1i,a1i,c2i,a2i
1,0.7132530651435962,0.8702807292579264,52.940912743345955,0.5577019392575691,216.31960369418022
2,0.07987679240777755,0.12105219966834035,35.643093784409245,0.00013799430707825587,217.89091987794285
