PrincipalComponent,coi,c1i,a1i,c2i,a2i
1,0.6671808687427068,0.758730247991528,67.52120598604415,0.4140435597168596,217.1293889043136
2,0.19794386062466657,0.29125354544470283,36.46371583494129,0.389790475937555,221.21026179796556
