PrincipalComponent,coi,c1i,a1i,c2i,a2i
1,0.6567969044736697,0.8178768109677697,65.35157701949879,0.29814892774115054,221.035048141663
2,0.1695226150475677,0.39699678235151864,43.51387392287873,0.2837830343312561,222.62864429343404
