PrincipalComponent,coi,c1i,a1i,c2i,a2i
1,0.3843748997033192,0.48143594171802984,49.323917627471445,0.2652765275252462,220.00593064488373
