PrincipalComponent,coi,c1i,a1i,c2i,a2i
1,0.679144218296799,0.8228303896370662,68.33176287816222,0.36573150218021494,219.1027064927945
2,0.17930144680277377,0.3082474216598112,40.800630981629084,0.34683806066272915,222.47427235418138
