PrincipalComponent,coi,c1i,a1i,c2i,a2i
1,0.7085776591205285,1.1222172598309423,77.74851290401132,0.14663277851886172,223.2824574889896
2,0.1646885645020577,0.13746617979637174,42.53160652623274,0.15249455873757764,225.89110396081898
