PrincipalComponent,coi,c1i,a1i,c2i,a2i
1,0.6672358567272025,0.8732287836727586,64.73057012146212,0.36925312366573687,218.1618949550728
2,0.20245144823912586,0.20322772942878456,37.25322391314071,0.35032504758029176,220.87096592999183
