PrincipalComponent,coi,c1i,a1i,c2i,a2i
1,0.7550947075641736,1.1697656164280217,74.35411613668087,0.10546577001887195,222.91436447906378
2,0.12957258248568881,0.1005041601651257,41.8236984830573,0.05786005455071996,225.04811077368524
