PrincipalComponent,coi,c1i,a1i,c2i,a2i
1,0.6102266880974815,1.0075064946521703,76.36440373898269,0.017346848908618494,240.89793977515515
2,0.21547195829445184,0.6118552738379673,86.35271741491805,1.5329356772896926e-18,229.30444145864377
