PrincipalComponent,coi,c1i,a1i,c2i,a2i
1,0.6544244503535332,1.0162178857840827,72.43714290378385,0.23858268948121697,221.21222248937474
2,0.17941754354836426,0.2221330385495878,40.90725014780117,0.23270985945211797,223.717158627241
