PrincipalComponent,coi,c1i,a1i,c2i,a2i
1,0.6971056720646998,1.176913077782243,76.9144392810658,0.16132047236427524,221.8745122722901
2,0.16527556466522128,0.1924479439979321,41.70592080989127,0.16624085106509473,224.92906465769624
