PrincipalComponent,coi,c1i,a1i,c2i,a2i
1,0.7067059985296381,1.030811522778696,70.97382044532539,0.29089359882203575,219.25327615780773
2,0.19668026871438166,0.17587608465124113,38.950885487166836,0.2798177986150113,222.60090029720467
