PrincipalComponent,coi,c1i,a1i,c2i,a2i
1,0.4391618599304692,0.6846098732208616,76.57009251489058,0.0,231.80180908431964
