PrincipalComponent,coi,c1i,a1i,c2i,a2i
1,0.7048790146508336,0.9408138107773556,70.09335441840598,0.32421505148867796,219.30811126095506
2,0.17787289833282618,0.2713845349338407,40.60882331265792,0.30964424615885294,222.70889344743435
