PrincipalComponent,coi,c1i,a1i,c2i,a2i
1,0.6329063179211798,1.0620365691127696,74.24629323073853,0.01864684326868676,239.85318498151528
2,0.20776616507863938,0.5828048866540606,86.6827078292409,2.1303157664922463e-17,228.66871057731836
