PrincipalComponent,coi,c1i,a1i,c2i,a2i
1,0.8213608205324673,1.3251652688418418,77.4757258496892,0.010419112912271213,223.42132520417871
2,0.08994853366520868,0.06558128725025204,42.11707422389976,0.02376290608197882,225.8534315908615
