PrincipalComponent,coi,c1i,a1i,c2i,a2i
1,0.7658656459754927,1.2634249806230862,80.08367131506863,0.08398578828795462,223.54711559376221
2,0.13116285885302187,0.10824847737379695,42.58550286107778,0.09967114774773435,226.42216710975546
