PrincipalComponent,coi,c1i,a1i,c2i,a2i
1,0.48143633286702847,0.7253724298865278,78.73488204955922,7.548696384498544e-18,233.38546230719936
