PrincipalComponent,coi,c1i,a1i,c2i,a2i
1,0.8021255910068262,1.4552622486082112,86.36016631306725,0.02577246695674181,223.5439579890375
2,0.12027936310299576,0.13396920217777533,44.004868616022826,0.06618269901783011,227.81886371274138
