PrincipalComponent,coi,c1i,a1i,c2i,a2i
1,0.8850763626550219,1.4873741460811905,85.9575286761826,0.0,224.54626733946833
2,0.06973910001499803,0.038505308851207405,43.98377274253482,0.030331343065652067,228.10812587911954
