PrincipalComponent,coi,c1i,a1i,c2i,a2i
1,0.7026319240444784,1.151302028250984,77.58643722507915,0.008050766403528397,238.1043913272611
2,0.18116650095784953,0.5413759388381183,84.3953317446927,2.6545470702910914e-17,230.58787490802612
