PrincipalComponent,coi,c1i,a1i,c2i,a2i
1,0.7878973339683467,1.154712974926681,82.17913486811896,0.20672327113778172,221.3353961373385
2,0.1572613066761668,0.2540017149740707,44.05275731735886,0.21705366994566772,226.32595816917134
