PrincipalComponent,coi,c1i,a1i,c2i,a2i
1,0.7569655033612716,1.2261508575631914,82.68893376801495,6.200569808254512e-18,239.16785998128395
2,0.19864972739027836,0.4606777766823873,86.85755900838161,0.004223000073074888,229.61801532781146
