PrincipalComponent,coi,c1i,a1i,c2i,a2i
1,0.45884786584085596,0.9251497802192286,93.89174709718243,4.079070042624454e-17,233.95620539476903
