PrincipalComponent,coi,c1i,a1i,c2i,a2i
1,0.8634615964917695,1.6685777641294317,98.31963044982668,0.024834186094048073,219.6997142855626
2,0.08042623645001008,0.1501367951103672,46.05604667340061,0.128104538992801,229.48760780594327
