PrincipalComponent,coi,c1i,a1i,c2i,a2i
1,0.9115213160058756,1.8087884644632921,99.23324586536958,0.0,217.77606658783043
2,0.05633090051487081,0.03882888706134777,45.088532864076434,0.04965177031740467,229.10292247762823
