PrincipalComponent,coi,c1i,a1i,c2i,a2i
1,0.7500619314506267,1.4507237834690896,83.73752980559357,3.002288188600391e-17,244.49792586644747
2,0.11217840133101044,0.446700302732856,98.44681510670803,1.1284019156503754e-17,222.52532531983428
