PrincipalComponent,coi,c1i,a1i,c2i,a2i
1,0.8151777648619682,1.4252459376295492,84.33760309247464,0.15316238961894954,221.4972174356993
2,0.08200369563378543,0.21966159618164607,44.41657243778556,0.1802308780102716,226.64482760270292
