PrincipalComponent,coi,c1i,a1i,c2i,a2i
1,0.4780885268124089,0.8219252776118496,93.1756634113569,0.0,237.61144794096214
