PrincipalComponent,coi,c1i,a1i,c2i,a2i
1,0.8533963709217046,1.6075265222426482,98.81003577973482,0.0006762614254368672,221.11767935385043
2,0.1255591982940037,0.0976314350463066,45.95663766658994,0.10382323947611842,230.0206422290468
