PrincipalComponent,coi,c1i,a1i,c2i,a2i
1,0.7125596097872469,1.2872424966274778,83.23127765065362,0.0034103378817408104,242.65453754952043
2,0.1687566772840372,0.5040031505499405,94.06995263276616,5.602696737453957e-17,228.6025418538438
