PrincipalComponent,coi,c1i,a1i,c2i,a2i
1,0.5045479174523596,0.9300333604532187,100.0,0.039162236408849575,225.5831056062264
