PrincipalComponent,coi,c1i,a1i,c2i,a2i
1,0.9281075112125345,1.764112018366907,100.0,0.08617339488408209,214.50999570485013
2,0.06709612086445743,0.07078511211321352,44.28779342921073,0.08329986079136475,228.2418897050798
