PrincipalComponent,coi,c1i,a1i,c2i,a2i
1,0.8934101945205655,1.5826008582771358,90.8790176119058,0.10497926871676988,220.1124349430404
2,0.07272791727632766,0.1336877697163095,44.10541398641733,0.1626642007265192,227.604842315444
