PrincipalComponent,coi,c1i,a1i,c2i,a2i
1,0.503725844037816,0.9500920227752526,100.0,0.06293295100124155,232.2257688949501
