PrincipalComponent,coi,c1i,a1i,c2i,a2i
1,0.9277921252114095,1.8671400405878769,95.88959628195471,0.0,221.86130512993023
2,0.04792723027277169,0.0561450337691588,45.22599686872182,0.0582809298880244,229.32396255577274
