PrincipalComponent,coi,c1i,a1i,c2i,a2i
1,0.8370140761823044,1.6823208377028205,87.48777349181671,0.08338556023229758,222.4736453830965
2,0.05272034827818154,0.12344811544291931,44.02013807515962,0.13453079993307482,227.5013809061105
