PrincipalComponent,coi,c1i,a1i,c2i,a2i
1,0.47424276679043115,0.9655108719063961,88.13665365976532,4.992573916725555e-18,234.15105734106297
