PrincipalComponent,coi,c1i,a1i,c2i,a2i
1,0.8443762056233528,1.8519487386495586,83.9344400796078,0.0,222.65989722110416
2,0.024536774538187082,0.055152792892529535,43.1152012460625,0.04706742887382715,226.80790782613212
