PrincipalComponent,coi,c1i,a1i,c2i,a2i
1,0.40329849682652746,0.9726028453088151,80.89595990688179,2.5477930419928733e-17,232.7696819047965
