PrincipalComponent,coi,c1i,a1i,c2i,a2i
1,0.21453727120494842,0.3239579080096737,63.2834848093635,1.1183188395903705,207.45015584073698
2,0.08643106021036855,0.01130758300068666,37.09685233920018,0.6322192981221131,223.2021618702831
