PrincipalComponent,coi,c1i,a1i,c2i,a2i
1,0.21521287875832834,0.08563774854341802,28.946955271439222,1.3241312374337808,210.23700825445385
2,0.11478546466329534,0.059781704741728676,28.87193384826484,0.6533007278656935,209.82405623620423
