PrincipalComponent,coi,c1i,a1i,c2i,a2i
1,0.21142834227786103,0.12086023274344221,28.894686818933273,1.191512505317706,210.18826733741292
2,0.11351327892139444,0.07633180596945473,28.82188768361517,0.6486781324446509,209.78216971580994
