PrincipalComponent,coi,c1i,a1i,c2i,a2i
1,0.21205395539559904,0.3700639211021884,72.87192808095206,1.0347663419480928,209.76334581516144
2,0.11513555518171589,0.0035150998613157243,41.29440683712477,0.8239800161794965,233.04056146080998
