PrincipalComponent,coi,c1i,a1i,c2i,a2i
1,0.21273322292858202,0.4395912690240109,78.35218944905421,0.9554039745710337,214.01343404413674
2,0.1065019452872411,0.0006109351904942816,43.65608782637035,0.782355247191394,235.52250987119555
