PrincipalComponent,coi,c1i,a1i,c2i,a2i
1,0.21078298160045078,0.42089360720822144,75.11764943499008,0.9797716707397898,213.83503463592737
2,0.110883795082226,5.800423750398136e-19,42.810005083899185,0.8058771290200127,234.39529013194428
