PrincipalComponent,coi,c1i,a1i,c2i,a2i
1,0.21971640103446477,0.27089370332740537,67.50079018482829,1.1463906122931153,203.94992834719298
2,0.12242630071735491,0.0,39.49901476367242,0.8421352307051784,234.96328570769015
