PrincipalComponent,coi,c1i,a1i,c2i,a2i
1,0.21674455501696344,0.2919416088127307,69.24406097558165,1.1243585906338014,205.65745391635616
2,0.12030673177459299,0.0,40.19568246830494,0.8412310415538822,235.0787468619676
