PrincipalComponent,coi,c1i,a1i,c2i,a2i
1,0.21331661406269464,0.09991578194451704,28.91279157636872,1.2666213442350989,210.2176894210502
2,0.09893748693096371,0.09998890697916356,28.840401614087202,0.603904491255879,209.80921508957397
