PrincipalComponent,coi,c1i,a1i,c2i,a2i
1,0.21311198461886385,0.3479112844014971,72.42228450606508,1.0634326686140918,208.41503499822787
2,0.11798145223098874,0.00212725005255452,41.050445746832786,0.8305841856940961,233.6205100658576
