PrincipalComponent,coi,c1i,a1i,c2i,a2i
1,0.19955410320355166,0.17594349865490294,28.966588471054347,1.285059784208204,210.2121630864255
2,0.13025099131286566,0.0,28.885066381702284,0.7712017576447168,209.78478209200279
