PrincipalComponent,coi,c1i,a1i,c2i,a2i
1,0.2190420009131098,0.29245355380645355,56.945214845819336,1.1737883650017809,206.17189958413334
2,0.08076845059406715,0.015397346632240334,34.765183726170854,0.5820481496354597,219.91977464789625
