PrincipalComponent,coi,c1i,a1i,c2i,a2i
1,0.2009737327104876,0.1324538969703429,28.947599290402636,1.3003071595031341,210.2144971141584
2,0.12635865504087723,0.028072638088612854,28.87051641753498,0.7089195219191545,209.79746806407744
