PrincipalComponent,coi,c1i,a1i,c2i,a2i
1,0.22373519515079565,0.49669281331214504,94.04736072118186,0.8860613098589386,208.55384564383866
2,0.09376652949055761,0.016864626647499457,45.76950260275948,0.6926032940090304,237.6111886666457
