PrincipalComponent,coi,c1i,a1i,c2i,a2i
1,0.2125910085759274,0.30690603159715185,57.09527544190386,1.1478199194652363,208.15608050790055
2,0.08351151415082243,0.010969258163430529,35.53777984473178,0.6124915564130208,220.5331637474124
