PrincipalComponent,coi,c1i,a1i,c2i,a2i
1,0.21817473215592914,0.4682124148060027,86.70965407156831,0.922124010967328,210.901260297083
2,0.09990588121930516,0.011925157215172856,44.716244028715636,0.7337457030255281,236.51876981540136
