PrincipalComponent,coi,c1i,a1i,c2i,a2i
1,0.18754449958389655,0.44953497474363324,68.9041166384149,0.9520737104073095,217.45522523671843
2,0.09716957180396185,0.0,42.16290167918986,0.8191838975126225,232.84974399576282
