PrincipalComponent,coi,c1i,a1i,c2i,a2i
1,0.19198015649751596,0.14533272174721745,28.893415034446274,1.1726059331309524,210.16724279372116
2,0.11274441007076555,0.06557511552574745,28.81968930111589,0.6786478972460067,209.76294591440674
