PrincipalComponent,coi,c1i,a1i,c2i,a2i
1,0.17964256139853996,0.2006324507163626,28.95813359636452,1.2660520646391087,210.17888204574112
2,0.12288980534774774,0.0,28.87613835338798,0.7958295012054528,209.75348090964226
