PrincipalComponent,coi,c1i,a1i,c2i,a2i
1,0.19219951606676955,0.47294398294874346,74.81372164092888,0.9244843369459457,216.6270056348643
2,0.09667351552503857,0.0,43.35941723828305,0.7824379900593905,234.36416263462357
