PrincipalComponent,coi,c1i,a1i,c2i,a2i
1,0.21667417268103042,0.5567766316814159,93.54401072597048,0.8263104853330017,215.61551632015664
2,0.08962635952132324,0.0021898987130318888,47.71606606946319,0.6808249341875379,240.4174643849481
