PrincipalComponent,coi,c1i,a1i,c2i,a2i
1,0.1890200556789041,0.3976175616507803,65.53670642389514,1.0165121229299086,214.882140019493
2,0.10747672987074335,0.0,40.78347959342056,0.859918619509417,231.66153739032694
