PrincipalComponent,coi,c1i,a1i,c2i,a2i
1,0.18437753427975345,0.15148402277713444,28.951082463006358,1.2859410839684704,210.2026116002498
2,0.12268706803823913,0.0228595626426009,28.872842247854617,0.7343128569803045,209.78664877841774
