PrincipalComponent,coi,c1i,a1i,c2i,a2i
1,0.19280532504152514,0.12324699284712472,28.914541348050925,1.25175205195683,210.20232122607985
2,0.0992088442527859,0.09043158423202395,28.841020272441458,0.6298104041428028,209.7957014129615
