PrincipalComponent,coi,c1i,a1i,c2i,a2i
1,0.1971183556937611,0.4943115447241413,79.96756450180614,0.8947789045897577,216.07464831347275
2,0.0933889632121039,4.436823136889288e-19,44.461338526366056,0.7484823671465565,235.80158577727056
