PrincipalComponent,coi,c1i,a1i,c2i,a2i
1,0.18587748484849273,0.4340239715079349,66.30628249495747,0.9740593026031856,217.0316188573025
2,0.10090551941669547,0.0,41.39310131920805,0.8410143869200676,231.7884561852723
