PrincipalComponent,coi,c1i,a1i,c2i,a2i
1,0.19687324054358862,0.34190992811524495,65.53672061041989,1.083183000226127,212.64642796703956
2,0.11129193467452592,0.0,40.934065862665335,0.8733307592192783,234.76158921309946
