PrincipalComponent,coi,c1i,a1i,c2i,a2i
1,0.21122907277702502,0.5330971442709138,89.96954723309196,0.8540748454572809,215.2263423356448
2,0.09162016897385095,0.0008271702634680925,46.807852068602166,0.6996489114387362,239.4710256028801
