PrincipalComponent,coi,c1i,a1i,c2i,a2i
1,0.19093856544529822,0.38259925793717303,66.00620958699169,1.0379469111085544,214.18928933228494
2,0.10958438363920454,2.6917417008442837e-18,40.906216766475715,0.8655126847591282,232.5754543848027
