PrincipalComponent,coi,c1i,a1i,c2i,a2i
1,0.20033701784327926,0.327438059543721,65.02097019817826,1.0998370304915173,211.54957927490278
2,0.11373152320092846,3.1154551670733947e-18,40.69907894034512,0.873401353728192,235.23001714228008
