PrincipalComponent,coi,c1i,a1i,c2i,a2i
1,0.22530611113024748,0.5851348955201628,99.99384826585006,0.8023801251892555,212.76370183854766
2,0.08729999667734353,0.008469250293660172,48.56816472483721,0.6487954698347145,241.8845450700867
