PrincipalComponent,coi,c1i,a1i,c2i,a2i
1,0.19727424701748264,0.10662842016004737,28.949402896626065,1.309843255157821,210.2227023999658
2,0.11244004763614443,0.052617791527890596,28.873186985621796,0.6786166751944088,209.81160974415218
