PrincipalComponent,coi,c1i,a1i,c2i,a2i
1,0.2100118718880925,0.29416335491863754,67.19368556351687,1.1257226886775318,208.33409611548356
2,0.12431498748434991,0.0,40.704339974069555,0.854485422707213,236.7316497761135
