PrincipalComponent,coi,c1i,a1i,c2i,a2i
1,0.22241429981353278,0.4555461419542291,87.30521601527022,0.9503106401148107,203.47933735239408
2,0.10984016394075843,0.01508707897622323,41.944486398109525,0.7388590293136102,229.8384410421193
