PrincipalComponent,coi,c1i,a1i,c2i,a2i
1,0.23919877180008214,0.2501959026235334,84.23147154378563,1.1391766980266742,185.87561133286462
2,0.11988843248119944,0.016458209587657032,36.9233477566855,0.7325691183929423,225.8007666127876
