PrincipalComponent,coi,c1i,a1i,c2i,a2i
1,0.22396961288676712,0.6220464622688261,97.03315992696905,0.7727318444931797,209.7501574058559
2,0.09254572013850108,0.01623652334998428,45.71536821273653,0.6467578687823505,233.46226201195617
