PrincipalComponent,coi,c1i,a1i,c2i,a2i
1,0.22549879401386455,0.3748735979041194,84.47446849588671,1.0337896061676324,198.56928890247303
2,0.11455111176196052,0.008775007354413552,40.49176813379024,0.7525253583795638,230.20795860046653
