PrincipalComponent,coi,c1i,a1i,c2i,a2i
1,0.2283130026347892,0.40769588328538314,70.80188947288165,1.0606229974066945,205.81557747317171
2,0.07521087969518442,0.016370781120169733,37.631240787024375,0.5057630987593625,221.77617263600325
