PrincipalComponent,coi,c1i,a1i,c2i,a2i
1,0.2271003806288507,0.6377725417779058,100.0,0.7569272361359121,207.99656231853913
2,0.08670099710613637,0.016722895076871788,45.77322814279114,0.6072026471465916,232.88792638612696
