PrincipalComponent,coi,c1i,a1i,c2i,a2i
1,0.22117860065359937,0.48323129737370835,86.82631844419622,0.9170489603299696,205.79885279417044
2,0.10685501149201469,0.016198029877005433,42.29746252005567,0.7330348972817258,229.64110019317806
