PrincipalComponent,coi,c1i,a1i,c2i,a2i
1,0.21958001979944242,0.40664022172099024,67.27559354514956,1.057459336324918,208.0256331741165
2,0.07729430244540458,0.012231856469175151,37.49387916690675,0.5338345827956944,221.33458710063704
