PrincipalComponent,coi,c1i,a1i,c2i,a2i
1,0.22404712472154303,0.44997510233805516,77.34629985247066,0.9960645209687888,206.99720383217237
2,0.07983136926365474,0.014459218564122574,39.70874824864687,0.5506613465838258,224.5337166952185
