PrincipalComponent,coi,c1i,a1i,c2i,a2i
1,0.21907592005112284,0.5417341816805336,87.08202994027003,0.8575867678080372,211.49924450961026
2,0.103143941243319,0.010334443974471356,43.95469149859698,0.71673139298665,231.8244797261262
