PrincipalComponent,coi,c1i,a1i,c2i,a2i
1,0.2089330317651388,0.12142222410031635,28.93264467118796,1.3001920818888748,210.23817236004172
2,0.10620981327855612,0.07326275819031507,28.85774672451701,0.5916108116542177,209.82452198140908
