PrincipalComponent,coi,c1i,a1i,c2i,a2i
1,0.19443525238470397,0.2080871846940408,28.964204910493656,1.2739909149234139,210.2246558048191
2,0.12520339752870036,0.010044259397111278,28.8794381426283,0.7000032245199418,209.80286770449226
