PrincipalComponent,coi,c1i,a1i,c2i,a2i
1,0.2059802562834872,0.15568607542150525,28.88554213020833,1.1681137989668566,210.19682729915306
2,0.10418336434181379,0.09068251170464428,28.812049689460913,0.5864908739445566,209.7906799349779
