PrincipalComponent,coi,c1i,a1i,c2i,a2i
1,0.2070993743386188,0.13722719089943844,28.89896145476715,1.2408758321380542,210.22199041919674
2,0.09049491197378393,0.1116463115177849,28.82658668383249,0.5441527717897211,209.81072685957682
