PrincipalComponent,coi,c1i,a1i,c2i,a2i
1,0.21945479112217442,0.5692038058625731,89.11999432991969,0.827017897347562,212.39131764191086
2,0.09883107199460035,0.00849653587431728,44.735819217635225,0.6950605025562233,232.96466825465652
