PrincipalComponent,coi,c1i,a1i,c2i,a2i
1,0.19514824954433596,0.16723436443349757,28.934070986990765,1.2811863411832018,210.21504876516883
2,0.11745600908291601,0.04240898185534124,28.85661641118773,0.6424500686194431,209.79866292379944
