PrincipalComponent,coi,c1i,a1i,c2i,a2i
1,0.22820927421987394,0.33853771209401584,82.32877374630095,1.0692946812298392,195.76924647778588
2,0.11789836357098765,0.0069428962235937525,39.36335455282829,0.7556775368433166,229.42084443223882
