PrincipalComponent,coi,c1i,a1i,c2i,a2i
1,0.22943015541236478,0.9410471715074196,100.0,0.5216316371024591,216.1445365316426
2,0.07453319412133289,0.028675718442306136,46.83885475294352,0.4552769624702886,229.80998378339496
