PrincipalComponent,coi,c1i,a1i,c2i,a2i
1,0.18723827578603272,0.24689561964605805,28.872305639902798,1.195638097602017,210.2099653069924
2,0.07272362068350799,0.14028869537373517,28.80191724103982,0.41039868607352425,209.8106142102544
