PrincipalComponent,coi,c1i,a1i,c2i,a2i
1,0.23740144707140434,0.8934431164542936,97.05505384298723,0.5903543199074802,215.40735599670725
2,0.06397824137553734,0.02280868406233285,45.94342777528459,0.37746921582879395,228.80916305238034
