PrincipalComponent,coi,c1i,a1i,c2i,a2i
1,0.17670140741202645,0.27045243147197867,28.91262440163585,1.2536105247453058,210.21737164637932
2,0.09863868194288465,0.07713756828048346,28.836833707143796,0.49109192354319675,209.81085750028097
