PrincipalComponent,coi,c1i,a1i,c2i,a2i
1,0.23521122537619485,0.8123053908495247,89.57546372258294,0.6847162426102067,215.27403034884992
2,0.06222080417908629,0.01920273719715054,44.162114825622766,0.36655933667656876,226.8277282700714
