PrincipalComponent,coi,c1i,a1i,c2i,a2i
1,0.23804431684105448,0.6446968734590258,100.0,0.7990714710709518,197.66799015168922
2,0.104070449475798,0.055843648167431904,42.74481570811117,0.5433303115747561,222.40625390106902
