PrincipalComponent,coi,c1i,a1i,c2i,a2i
1,0.23536673846400458,0.34639544838906405,63.76257705015997,1.1153900854422139,199.39705066605126
2,0.1065009481837846,0.05668628221876492,35.25269816250582,0.5267466114157713,213.9958878611976
