PrincipalComponent,coi,c1i,a1i,c2i,a2i
1,0.23223306591392673,0.7094539118899998,100.0,0.7444896883818873,201.80966337745835
2,0.1011524136154468,0.04261625908191922,43.193268829003586,0.5615822939259686,223.97493170323895
