PrincipalComponent,coi,c1i,a1i,c2i,a2i
1,0.2464507482963997,0.9328962414918307,100.0,0.5497493761677823,215.0783807902551
2,0.061226182864644554,0.022559958236269474,46.52824571302967,0.34373534940654626,229.50675776036425
