PrincipalComponent,coi,c1i,a1i,c2i,a2i
1,0.22968283766276706,0.8014689741015104,100.0,0.6555533663598682,209.32144758512132
2,0.09033524263213233,0.052748224292853106,45.36096797217709,0.5370721325416616,226.45690748402046
