PrincipalComponent,coi,c1i,a1i,c2i,a2i
1,0.1907332135252024,0.22635239082186806,28.90559260814504,1.2617629718175245,210.23014398777235
2,0.08696165506762926,0.10642288237552162,28.83266829759239,0.4511167742159685,209.82487690512525
