PrincipalComponent,coi,c1i,a1i,c2i,a2i
1,0.22523038960641112,0.8392504415612415,92.9586077147803,0.6258354275286754,216.01663556019537
2,0.07995316225749308,0.02739874418391983,45.166542173175976,0.49825160982721145,227.9286741187063
