PrincipalComponent,coi,c1i,a1i,c2i,a2i
1,0.23024625338149615,0.8320923751880477,100.0,0.6175428052662765,211.31110593968282
2,0.08702968930887002,0.053401719006952224,45.879569111094426,0.5310136907824792,227.14838409516517
