PrincipalComponent,coi,c1i,a1i,c2i,a2i
1,0.22307236163374966,0.7726431740785368,89.06128346752479,0.6990942647134508,214.8108189434995
2,0.08312728311521068,0.03652714821285839,43.989601321324486,0.5167065138926433,226.24118713026385
