PrincipalComponent,coi,c1i,a1i,c2i,a2i
1,0.23128270153618757,0.9449581690433487,100.0,0.5206584164580103,216.0297833656382
2,0.06902426680879435,0.02514868278019715,46.79609635179692,0.4220970242039072,229.73322299766335
