PrincipalComponent,coi,c1i,a1i,c2i,a2i
1,0.18797289444052973,0.2587235302723256,28.85566401995675,1.1331281394703707,210.1846312190208
2,0.08475985272550327,0.12561911316836424,28.785315355860796,0.4426777241184866,209.78822727919996
