PrincipalComponent,coi,c1i,a1i,c2i,a2i
1,0.20735977253688653,0.7724461460445508,71.91726661602252,0.856821416103343,216.81908420452072
2,0.06134644676591916,0.028711095257745657,40.55109209376266,0.34323453015352756,222.7296407445032
