PrincipalComponent,coi,c1i,a1i,c2i,a2i
1,0.23269766722032775,0.8973579614641799,100.0,0.6500082576397462,211.46680112195608
2,0.08486806834461426,0.06602940035018424,46.23876893578575,0.4052173445954226,227.69011988511164
