PrincipalComponent,coi,c1i,a1i,c2i,a2i
1,0.2340192984595647,0.9749381194943355,100.0,0.5807771749125492,216.05373054075395
2,0.07235006240991235,0.0703272244089187,47.53957915694656,0.3755276824250846,229.07137189796447
