PrincipalComponent,coi,c1i,a1i,c2i,a2i
1,0.2172607140799673,0.8054795303772458,73.89763195984065,0.8304262489166268,217.14038149414318
2,0.047960767523558705,0.018310071394441303,41.05573840228567,0.24391210976806682,223.40914530032995
