PrincipalComponent,coi,c1i,a1i,c2i,a2i
1,0.17209420863626915,0.30905396031777865,28.912916582124346,1.2672808830709308,210.26297458733697
2,0.0701989379706954,0.12050037922857113,28.84030281169896,0.3432487221960267,209.86389184560454
