PrincipalComponent,coi,c1i,a1i,c2i,a2i
1,0.22172478411138052,0.8094320039544842,83.76842359345152,0.7792818661917738,215.76461187653044
2,0.06875400862608844,0.06274706656999403,43.50544029923711,0.3746287851533924,225.01502471086556
