PrincipalComponent,coi,c1i,a1i,c2i,a2i
1,0.23279600214853238,0.9184157670948672,100.0,0.6350556472050215,213.0910894163326
2,0.07998147480652706,0.06442350747214386,46.65605572250377,0.3971409807193135,228.14673680953987
