PrincipalComponent,coi,c1i,a1i,c2i,a2i
1,0.21198503760486984,0.8242336624628613,75.96025572897261,0.8039369973549296,217.36360884183287
2,0.056357323222228035,0.026319496010284573,41.61955719348812,0.3064526754348354,223.96286006726584
