PrincipalComponent,coi,c1i,a1i,c2i,a2i
1,0.171704220301418,0.3376050197695435,28.867225045181794,1.1424458116277576,210.22274311842284
2,0.06549139810443813,0.1435604765805119,28.796869043033556,0.331243789861616,209.8377236113461
