PrincipalComponent,coi,c1i,a1i,c2i,a2i
1,0.1671803536311558,0.3328006087494088,28.88825425952973,1.1972148313667943,210.25582490561254
2,0.056870644127349324,0.1516909588410723,28.817279531796768,0.30665006053809896,209.8618204676478
