PrincipalComponent,coi,c1i,a1i,c2i,a2i
1,0.20589260373774607,0.7339918237038613,70.03445288618619,0.897577482773811,216.0110463782398
2,0.06416521632713836,0.04095889677445915,39.996831331941166,0.3602789403957336,221.88650436938116
