PrincipalComponent,coi,c1i,a1i,c2i,a2i
1,0.2140792532134212,0.8380604551401436,76.75236544911431,0.7860172370404684,217.56925600530337
2,0.051892570443976084,0.021530302408940057,41.84178407794902,0.2791698802843152,224.23750398293032
