PrincipalComponent,coi,c1i,a1i,c2i,a2i
1,0.2372302453825796,0.8474156757745248,100.0,0.6840444158118265,209.64443348433448
2,0.08860189738230465,0.08156812019647196,46.37480865450789,0.3935269971467603,227.1392952513971
