PrincipalComponent,coi,c1i,a1i,c2i,a2i
1,0.21800049965056215,0.7961883190151688,72.40391054956389,0.8378291366504645,217.18231832938895
2,0.04645963634427973,0.015984066415257184,40.709536604450584,0.23571318753051648,223.040138138678
