PrincipalComponent,coi,c1i,a1i,c2i,a2i
1,0.22550212455656646,0.8221489504506103,75.35948629042764,0.8071948472331123,217.2533571843713
2,0.04609321028899148,0.017145801510170762,41.40931592277678,0.2188871915025618,223.8447262136468
