PrincipalComponent,coi,c1i,a1i,c2i,a2i
1,0.18127245532088493,0.4319041895964374,39.02501529681353,1.1458771889371069,211.54809596389174
2,0.056573659453803944,0.1417015615669166,33.73797302180782,0.23184689481482304,212.80819998937977
