PrincipalComponent,coi,c1i,a1i,c2i,a2i
1,0.20224617317740542,0.800055843482524,61.5892240315776,0.958139186861039,216.9074956680368
2,0.037173878535198636,0.005789757871342929,38.12492446584863,0.1482162066964606,220.24802958753793
