PrincipalComponent,coi,c1i,a1i,c2i,a2i
1,0.18733592936135227,0.4038054058141313,40.0049484521923,1.2202491229746928,210.3870435675722
2,0.06675604521239449,0.11317922546793968,32.73267528720722,0.26667235182613463,212.62174357738095
