PrincipalComponent,coi,c1i,a1i,c2i,a2i
1,0.20137122201818627,0.72339316331068,64.31843196627094,1.0348192808583052,215.3509377724895
2,0.06181463457422214,0.04864662421839966,38.582914657247535,0.27458452685927165,220.30348682482
