PrincipalComponent,coi,c1i,a1i,c2i,a2i
1,0.18809223536289482,0.44743371939726684,42.97043198999785,1.2082271358839431,210.12186466316575
2,0.07289779682148335,0.0932163587836444,32.8374933052797,0.2873161673236306,213.40702530027755
