PrincipalComponent,coi,c1i,a1i,c2i,a2i
1,0.20085775343544426,0.7997744049164494,62.023931229757416,0.9654569675294339,216.7793290162857
2,0.038438562270029036,0.007631698908717925,38.197040606461265,0.1541406849364551,220.31959349733907
