PrincipalComponent,coi,c1i,a1i,c2i,a2i
1,0.19785997647370818,0.7281882207901567,62.31494891481941,1.0331423909940756,215.4973369582224
2,0.05802829192781645,0.04616224669007043,38.128376840742746,0.26906615130318134,219.85007953806485
