PrincipalComponent,coi,c1i,a1i,c2i,a2i
1,0.2243707950437241,0.8137981838562567,81.43685400693606,0.8736470553183067,215.29349295439133
2,0.07609307779606563,0.052171406646518405,42.558998307195864,0.3042858839596853,224.61016889019382
