PrincipalComponent,coi,c1i,a1i,c2i,a2i
1,0.2122240535717927,0.7340899983338659,70.97637898442822,0.9937793182037925,214.98272849323175
2,0.07008250249717095,0.047045819654737524,40.019104527755296,0.2953406754080999,221.86496101488558
