PrincipalComponent,coi,c1i,a1i,c2i,a2i
1,0.19101152421873363,0.7471872137726943,59.259934878581404,1.0319958957079087,215.92957277430048
2,0.053323944202433776,0.028755814483684708,37.401320804186874,0.25083509015643973,219.26899113123514
