PrincipalComponent,coi,c1i,a1i,c2i,a2i
1,0.19177757684426147,0.7746050262139197,60.40504063176716,1.0022005283123996,216.41119996994524
2,0.05050814142915774,0.017106220758959213,37.75155576879539,0.23520247463309807,219.75196886377014
