PrincipalComponent,coi,c1i,a1i,c2i,a2i
1,0.1971383014866926,0.8143660492879253,63.31582568028353,0.9512733038328858,216.97451331835347
2,0.041995744278173076,0.009662802727584241,38.55620866172652,0.18189404303837492,220.69215050853887
