PrincipalComponent,coi,c1i,a1i,c2i,a2i
1,0.24254284618775407,0.9996670979659364,100.0,0.6146159714648811,216.1031083143117
2,0.08254552018319937,0.07174522609655197,47.395817334764864,0.2995332008029303,229.5885672470895
