PrincipalComponent,coi,c1i,a1i,c2i,a2i
1,0.19530404825564124,0.8033382712237261,62.552235953861626,0.9718758336400608,216.75159748279825
2,0.04613496063096235,0.013430819211773757,38.3291872518921,0.20449930400056893,220.4203396042382
