PrincipalComponent,coi,c1i,a1i,c2i,a2i
1,0.2086691623867483,0.543131488964582,54.556621840066455,1.134504197466389,212.17331229119029
2,0.08240359387940417,0.06805418444621562,35.59495443245504,0.31110184043593797,216.96153491433927
