PrincipalComponent,coi,c1i,a1i,c2i,a2i
1,0.1885020215655969,0.4328327415614573,38.97930235312956,1.0996043799272328,212.99032885478465
2,0.0604031676041474,0.1445728224448774,34.581831941620464,0.24474133912728419,213.15475694932954
