PrincipalComponent,coi,c1i,a1i,c2i,a2i
1,0.2077663581625356,0.805531796235985,62.495901101284005,0.9493626323005994,216.8572855287374
2,0.03687939406568255,0.006760808643628273,38.31795631584499,0.13569918198830225,220.4778448556833
