PrincipalComponent,coi,c1i,a1i,c2i,a2i
1,0.20881282994125305,0.7086350164177527,63.81793087241799,1.0999469754797633,214.7484192954299
2,0.06836364510994236,0.05775795475285617,38.157862985845405,0.24030017952988822,220.17073087369673
