PrincipalComponent,coi,c1i,a1i,c2i,a2i
1,0.1992252690446343,0.7213013104449927,59.98313055201799,1.1497926723971374,214.95285839262385
2,0.056072917087729886,0.04015191307883246,37.32529421475404,0.22032863142366307,219.21069933611037
