PrincipalComponent,coi,c1i,a1i,c2i,a2i
1,0.1875056268564826,0.7526558374892617,56.000822491650865,1.1421793994832274,215.33959558007564
2,0.045210938668613074,0.03796638942515015,36.51429366283573,0.1946670197609523,218.30022434911152
