PrincipalComponent,coi,c1i,a1i,c2i,a2i
1,0.18720714412598385,0.8176608440132977,55.519014902717515,1.050118166285583,216.33245609767172
2,0.028758268126282547,0.0005398396861078678,36.582669123163086,0.09606026208194189,218.54173748431467
