PrincipalComponent,coi,c1i,a1i,c2i,a2i
1,0.1985342566901461,0.5901777453644018,50.63490949778746,1.195566135690346,213.1096286094966
2,0.07095925305781982,0.06493296414045432,34.64431695375261,0.2519071174793199,216.34745119027144
