PrincipalComponent,coi,c1i,a1i,c2i,a2i
1,0.19140613575372156,0.8189135742943833,55.821957941994285,1.0443530800816716,216.2825332678654
2,0.028576447202702793,0.0016459467797680413,36.632517937126174,0.08688987631800472,218.60595668557627
