PrincipalComponent,coi,c1i,a1i,c2i,a2i
1,0.20518842387649505,0.7271158161479723,62.95486201032255,1.120277732380306,214.93139163504145
2,0.06159944649615702,0.04464779917156463,37.99360977192757,0.23148178008827108,219.97661825719183
