PrincipalComponent,coi,c1i,a1i,c2i,a2i
1,0.18095337693009123,0.48503221613877706,37.68448425417368,1.139600258772632,212.978655878469
2,0.045730489924368005,0.14357725764459736,33.238676806034576,0.19763754725490068,212.987751952306
