PrincipalComponent,coi,c1i,a1i,c2i,a2i
1,0.18048787854782336,0.4603596972264996,38.85311440090011,1.2582775202953467,211.38969667262378
2,0.052319469370195514,0.11254933627104885,32.066566503410364,0.2166301480842959,212.769238646021
