PrincipalComponent,coi,c1i,a1i,c2i,a2i
1,0.18005938219410622,0.8001125216078537,54.923977207720306,1.1043760726015552,215.97189774187737
2,0.03939005075621879,0.010656764495249379,36.36685217416249,0.16385054988456035,218.2564487467511
