PrincipalComponent,coi,c1i,a1i,c2i,a2i
1,0.17225602941197338,0.49030691118647046,38.101299360796645,1.178321673958121,212.0637888306173
2,0.04414081003068909,0.13765504013631166,32.583740123186665,0.18838957036383502,212.83086032789288
