PrincipalComponent,coi,c1i,a1i,c2i,a2i
1,0.18144778907747827,0.8205238489016022,56.1873102868824,1.0798109912698937,216.19702803379352
2,0.03568916888838475,0.0074004051601780155,36.71602406282265,0.13834691423547157,218.65427432559096
