PrincipalComponent,coi,c1i,a1i,c2i,a2i
1,0.1857302996816806,0.8165166499237646,55.742004990418614,1.0611833545026321,216.25311840461598
2,0.029721175682050547,0.001928067402722926,36.61691577032255,0.10034944982327695,218.56979002573732
