PrincipalComponent,coi,c1i,a1i,c2i,a2i
1,0.1821763699501394,0.8270060009886236,56.62018402508005,1.0597096173689489,216.34651084429962
2,0.03247195894165892,0.0038565182268112817,36.85429488200743,0.12071789200655585,218.8171857181245
