PrincipalComponent,coi,c1i,a1i,c2i,a2i
1,0.1903703789341984,0.7409279192830399,57.02298581771545,1.1532473654299558,215.1695226542912
2,0.04873221823095847,0.0404447864610894,36.71264615085306,0.19998525000057987,218.5088831363349
