PrincipalComponent,coi,c1i,a1i,c2i,a2i
1,0.1792444066457164,0.5021805766309572,41.25291616985232,1.2531082219920195,211.32255179336093
2,0.060011703283431965,0.09333703135638756,32.305881609194365,0.2325954038277558,213.41244414524425
