PrincipalComponent,coi,c1i,a1i,c2i,a2i
1,0.18344478795662714,0.8815240815235361,57.743740828735355,1.0967670894592394,216.60245085042862
2,0.01885061079852471,0.002415619834921537,37.190222438693056,0.04870388736605094,219.17364010753926
