PrincipalComponent,coi,c1i,a1i,c2i,a2i
1,0.21669388592751193,0.839610060410499,68.51407310213277,1.1330058337038378,215.57516281300263
2,0.04287842116663184,0.03690290553336282,39.433408754040286,0.14889466226833847,221.58981377240949
