PrincipalComponent,coi,c1i,a1i,c2i,a2i
1,0.22048254671467354,0.8294708321688835,69.85424624903638,1.0987015279214813,215.52055574572555
2,0.05037904249513234,0.04721718115589568,39.72020401192735,0.164342597694152,221.93900115125732
