PrincipalComponent,coi,c1i,a1i,c2i,a2i
1,0.20549541278007014,0.670510201568778,54.41868979816399,1.2353717781847102,213.6546157217925
2,0.054868065406139775,0.05458825602909484,35.634844058422395,0.1858999664396472,217.46607016569487
