PrincipalComponent,coi,c1i,a1i,c2i,a2i
1,0.17573797980988728,0.5498699387864359,40.74868033873874,1.2265348946307957,212.28334563650773
2,0.02901498379308613,0.12807946529181874,32.99935922132287,0.14095758881425338,213.60702623913645
