PrincipalComponent,coi,c1i,a1i,c2i,a2i
1,0.1939179424526744,0.8412923731834918,59.62827931190761,1.1826618798060218,215.83133693942472
2,0.029537444647441947,0.02963540197722866,37.46652711359477,0.11536978564101819,219.38069234877327
