PrincipalComponent,coi,c1i,a1i,c2i,a2i
1,0.181500215254647,0.8914212863259613,58.44845829768904,1.123782474425132,216.54839052811434
2,0.02324094101515814,0.005271790310692327,37.349416079497175,0.07331785722802497,219.3229823972488
