PrincipalComponent,coi,c1i,a1i,c2i,a2i
1,0.18127609356430716,0.8711695714385067,57.206693470047625,1.1563510284413137,216.2720723271004
2,0.0256946508388025,0.007757339323991125,36.99049773166665,0.09145103591380667,218.91658116414902
