PrincipalComponent,coi,c1i,a1i,c2i,a2i
1,0.20929399128900367,0.8216205475624454,64.75777229576816,1.177128916630355,215.51535969577213
2,0.038006760701252015,0.032761774100544136,38.56424537832748,0.13783564533297057,220.60443630392845
