PrincipalComponent,coi,c1i,a1i,c2i,a2i
1,0.19802691529718605,0.8322074321213249,60.924944259315275,1.1911289995824685,215.70877378680476
2,0.032091138997059905,0.032307883513071387,37.73839469101689,0.11964723238028147,219.67369559440326
