PrincipalComponent,coi,c1i,a1i,c2i,a2i
1,0.18384029919751527,0.8557353672374616,56.953392500517985,1.1794176391931905,216.04117094415645
2,0.026890668185966533,0.015863817510424476,36.87547142070564,0.10189505971308536,218.7693711112925
