PrincipalComponent,coi,c1i,a1i,c2i,a2i
1,0.18265614271080177,0.5196477081486515,41.635670433719426,1.3088252467199473,211.68887973947244
2,0.03828871770785497,0.10447886148580611,32.66314085469666,0.1657933269445728,213.60460634564816
