PrincipalComponent,coi,c1i,a1i,c2i,a2i
1,0.18120293122249956,0.5631912329603306,43.96480832333898,1.3049199752002423,211.75520764634646
2,0.04627625641050688,0.08591102396038512,32.97877381870163,0.17776304342611363,214.2321527385116
