PrincipalComponent,coi,c1i,a1i,c2i,a2i
1,0.18461104686905644,0.8845412757459544,57.65659599035611,1.0806820213105175,216.70622077557312
2,0.018082206771090206,0.001435833551715168,37.193795269907326,0.04669721052258695,219.18570883345507
