PrincipalComponent,coi,c1i,a1i,c2i,a2i
1,0.1813916974192574,0.8987929804887689,59.018170137308374,1.095109887207007,216.75361024827865
2,0.020828688775298584,0.003363394914464,37.53241658081728,0.0612219490912677,219.53831412104708
