PrincipalComponent,coi,c1i,a1i,c2i,a2i
1,0.1885189747442052,0.8862651284094255,57.954808988204014,1.0708069851076492,216.68165429741416
2,0.018141703876445116,0.0021630623881660946,37.248294342567746,0.041666326986036874,219.2570984928588
