PrincipalComponent,coi,c1i,a1i,c2i,a2i
1,0.1826938495913328,0.536404863062854,39.462291940935685,1.198691247988641,213.13093158518322
2,0.029009521066727776,0.1394672281636157,33.48376503797832,0.1468742118573167,213.56192989701063
