PrincipalComponent,coi,c1i,a1i,c2i,a2i
1,0.19191596348218298,0.8858474128404726,58.55487197637545,1.1717823414712603,216.29483341109898
2,0.023081256208825982,0.015402149069615656,37.30534446414128,0.08432383719802472,219.25047127068294
