PrincipalComponent,coi,c1i,a1i,c2i,a2i
1,0.18888407982480968,0.9191345132146166,59.92812380482865,1.1147437975862924,216.80885364276023
2,0.01993009983756743,0.0062147131509265935,37.758981820207666,0.058693935593385184,219.77463676382447
