PrincipalComponent,coi,c1i,a1i,c2i,a2i
1,0.18955739651436182,0.5503772004201632,40.15136219486638,1.2098120189807329,213.23328054864658
2,0.024692737774776752,0.13962962666921996,33.64420638243501,0.13162880975102706,213.7830851071365
