PrincipalComponent,coi,c1i,a1i,c2i,a2i
1,0.1888543377440957,0.8983949871345551,58.65376675070215,1.1505028981440797,216.51365727230774
2,0.02214192004093675,0.008009580058302553,37.385714600528274,0.07512836462463976,219.35292678904574
