PrincipalComponent,coi,c1i,a1i,c2i,a2i
1,0.2284042474465228,0.8915216704468475,71.89122096350695,1.1028426193779821,216.04502975638113
2,0.037625013910116155,0.03613551682563404,40.32056308386228,0.12654809373544595,222.57964390254367
