PrincipalComponent,coi,c1i,a1i,c2i,a2i
1,0.20347737042576575,0.8776804810103255,61.76513765688954,1.1692415354148087,216.22188929204296
2,0.025744132361498792,0.027737044628038096,38.049444528863404,0.09636598201752263,220.03693569113557
