PrincipalComponent,coi,c1i,a1i,c2i,a2i
1,0.20801482970831206,0.8711607785466486,63.30442715512759,1.175018416690406,216.09028016335807
2,0.027907150579681454,0.030638654646005185,38.37511349232767,0.0999543816880295,220.38995340068945
