PrincipalComponent,coi,c1i,a1i,c2i,a2i
1,0.19048366266538494,0.9105020968202133,59.47523053912284,1.0814265417095652,216.93185468456642
2,0.015970509385165657,0.0045906672585430235,37.67463225067273,0.03729067608538718,219.71008384660783
