PrincipalComponent,coi,c1i,a1i,c2i,a2i
1,0.195514582094507,0.9103820774254676,59.43258753712138,1.059629139369713,216.9460101820748
2,0.015340725165003824,0.004936448022591396,37.65911464292376,0.031336991940461835,219.71088009211547
