PrincipalComponent,coi,c1i,a1i,c2i,a2i
1,0.1824899454702975,0.5659088374044585,41.78275958963122,1.2347852458699244,212.44691285220335
2,0.025912485525991125,0.12795398418618648,33.24700575276893,0.12500711940514778,213.92508855641285
