PrincipalComponent,coi,c1i,a1i,c2i,a2i
1,0.18823176558532362,0.5360762435561133,42.56020147991907,1.3176609567396087,211.84482478592983
2,0.035745592016362966,0.10370363235970324,32.91209310507425,0.1504137852776051,213.88704193338953
