PrincipalComponent,coi,c1i,a1i,c2i,a2i
1,0.19139047072107856,0.909338100018606,59.095196311857954,1.0698948006100473,216.97516081987155
2,0.015269926686364255,0.0038397800715482115,37.59482943506675,0.035765869504277195,219.62932820093243
