PrincipalComponent,coi,c1i,a1i,c2i,a2i
1,0.1886742821340172,0.9243188748003285,60.43001563884816,1.086467271939618,217.01288070629766
2,0.017703128076710078,0.00489412804900149,37.923703467336026,0.048240836569306396,219.97034943985207
