PrincipalComponent,coi,c1i,a1i,c2i,a2i
1,0.2149450557738814,0.6930803339656457,55.837835651475906,1.241211254069486,213.82644799769545
2,0.048963204321055644,0.05559992187588461,35.99938011115647,0.16299938839292624,217.86211658538588
