PrincipalComponent,coi,c1i,a1i,c2i,a2i
1,0.23245439532722334,0.8823071172503801,73.29276872624905,1.0683648313351501,216.00363318976005
2,0.04506773400160997,0.04612079107364073,40.61986258556965,0.14156587068123486,222.9423426994037
