PrincipalComponent,coi,c1i,a1i,c2i,a2i
1,0.21992294709894494,0.8651655718537606,67.49029034620133,1.1567398130656386,215.92421885965115
2,0.03321505270744611,0.031656978229851494,39.28752300033076,0.11640223755372898,221.41407521664615
