PrincipalComponent,coi,c1i,a1i,c2i,a2i
1,0.18822208182242073,0.580187858723984,44.96303723383409,1.3139084787368114,211.95474777917718
2,0.04241350693827538,0.08594944060859294,33.2693624027575,0.16044114730251813,214.5385344030201
