PrincipalComponent,coi,c1i,a1i,c2i,a2i
1,0.1924282265168333,0.9326440467265843,59.85346746965964,1.0972643083088531,217.0802715223773
2,0.012427102949962627,0.006686395107048615,37.807045827434514,0.024393452069881874,219.84087398576946
