PrincipalComponent,coi,c1i,a1i,c2i,a2i
1,0.19332072350683355,0.9315177835945186,59.5510656178631,1.0842689884061845,217.11552196154193
2,0.011639967608732607,0.006732644657657764,37.74453356655497,0.02336261108136784,219.7792604840609
