PrincipalComponent,coi,c1i,a1i,c2i,a2i
1,0.19290480754627182,0.6082920813363659,45.73096387256093,1.3414350054047839,212.30695882028192
2,0.03734049281381283,0.08024617601444384,33.49372906057351,0.13694370234373865,214.82514471561362
