PrincipalComponent,coi,c1i,a1i,c2i,a2i
1,0.19137033724000682,0.9429285359352955,60.178928999183476,1.1365780061649782,216.96393980442508
2,0.01545849671197259,0.006473291264437363,37.8598171109201,0.0404279989836568,219.86878651388912
