PrincipalComponent,coi,c1i,a1i,c2i,a2i
1,0.19567555521604374,0.9144923545161673,58.987172943054595,1.1949191521314406,216.48403810649418
2,0.018407333567646955,0.011769783381121009,37.45871841852241,0.06239000483581839,219.40644193596512
