PrincipalComponent,coi,c1i,a1i,c2i,a2i
1,0.23327077461166973,0.9149703050024587,71.06876190061269,1.1429895905205576,216.2511526058152
2,0.030328979168550183,0.030230524219411532,40.182526050715104,0.09806452751485753,222.40900598061657
