PrincipalComponent,coi,c1i,a1i,c2i,a2i
1,0.19132503068001055,0.9528468575266662,61.15543331376857,1.0981466194922989,217.24728598184782
2,0.013711242057053088,0.00619663361304181,38.15878672571303,0.032359450496041886,220.21355716147147
