PrincipalComponent,coi,c1i,a1i,c2i,a2i
1,0.22490204808745032,0.895664144847362,67.44769646214759,1.1862991477985132,216.18285717406994
2,0.026554312225790532,0.025930178567093447,39.340184021717306,0.08918639975509114,221.46350923712882
