PrincipalComponent,coi,c1i,a1i,c2i,a2i
1,0.18744124276675456,0.5964782954634243,43.161318309506264,1.2512264755687728,212.7708942478954
2,0.02241817920351329,0.12103706585132337,33.488349324178984,0.10853210305926926,214.36272207987022
