PrincipalComponent,coi,c1i,a1i,c2i,a2i
1,0.19726592619404187,0.9326021528793398,59.901594187581864,1.0729274321244409,217.12738980332915
2,0.011870762310537044,0.008059112715411086,37.82072145262106,0.01981939738681435,219.8736006031418
