PrincipalComponent,coi,c1i,a1i,c2i,a2i
1,0.2125064362998853,0.9037415343616559,63.56612142615987,1.1993617458540733,216.3325177207662
2,0.022360176241543014,0.024453527981095697,38.48754985458329,0.07521118372062559,220.51595578171694
