PrincipalComponent,coi,c1i,a1i,c2i,a2i
1,0.23750992671216473,0.8988468619099985,71.75366528097669,1.1186166112496467,216.15885532896306
2,0.03621113220610616,0.040474236796003094,40.305514342152414,0.1122070398980293,222.5665230288906
