PrincipalComponent,coi,c1i,a1i,c2i,a2i
1,0.19204821488784515,0.9236562290507426,58.9616513931453,1.1745600183711027,216.67589493527623
2,0.017501427900111718,0.006712894944913391,37.502318820550514,0.05406260029719969,219.46483056989467
