PrincipalComponent,coi,c1i,a1i,c2i,a2i
1,0.19621207274658697,0.5777864164288586,41.232250826486855,1.231093860346002,213.4013273221853
2,0.01844400877034873,0.1334847998927015,33.73993305075824,0.11430935955222317,214.10316234443766
