PrincipalComponent,coi,c1i,a1i,c2i,a2i
1,0.20737112062206156,0.910514031801084,62.10439803175541,1.1923276058541445,216.4105689037005
2,0.020345107522932462,0.022136938611414317,38.16960622345755,0.07225821360932211,220.17119091141907
