PrincipalComponent,coi,c1i,a1i,c2i,a2i
1,0.19176984161067148,0.5651345902199124,43.79208773340268,1.3381345399772326,212.1886332183498
2,0.03296519716690056,0.09755363600690499,33.19429308247372,0.13188571662607254,214.2973908133825
