PrincipalComponent,coi,c1i,a1i,c2i,a2i
1,0.22191673613531118,0.7224724683711866,56.176196162900844,1.273148062350888,214.166638020002
2,0.04076655481267343,0.05011108518871044,36.16808973261976,0.13420674361931306,218.02354569835418
