PrincipalComponent,coi,c1i,a1i,c2i,a2i
1,0.24437822786742233,0.768833938973266,57.00109136702734,1.4564092788392509,214.11240134511397
2,0.012868945104232234,0.02700289461732328,36.38693354088722,0.03334939697013614,218.16779146375285
