PrincipalComponent,coi,c1i,a1i,c2i,a2i
1,0.21368883444534023,0.5820099697210599,40.42312393393063,1.5097691604336658,211.81433727578758
2,0.019535185240973394,0.07233161682217484,32.137639604361226,0.07176676968897516,213.32414556821314
