PrincipalComponent,coi,c1i,a1i,c2i,a2i
1,0.24333626599001112,0.6534462695851742,47.38588359190662,1.5013660743380002,212.9007791402378
2,0.017503471323588187,0.04824743158366147,33.86115139970377,0.05817702650410955,215.38657857989764
