PrincipalComponent,coi,c1i,a1i,c2i,a2i
1,0.21877988614301894,0.8283645137402506,54.18480312655878,1.4072867405835148,214.92008642659624
2,0.010394353695514117,0.01713711407184319,35.94711559742939,0.024730772928508896,217.69573880668747
