PrincipalComponent,coi,c1i,a1i,c2i,a2i
1,0.22389831654325176,0.8130004768732377,54.65667161792369,1.4289359636837295,214.74864903049493
2,0.011011256405758108,0.019124505114196208,36.01191560822738,0.025152739599749094,217.75992598832144
