PrincipalComponent,coi,c1i,a1i,c2i,a2i
1,0.2062002701137948,0.8450784644221496,52.57518527540979,1.3808497854483333,215.16932533717807
2,0.011021981460959653,0.009676134442649373,35.63039794351202,0.02359788677227219,217.36262981155676
