PrincipalComponent,coi,c1i,a1i,c2i,a2i
1,0.19936476360454042,0.8617312012143072,53.911528756393125,1.2304387323446486,215.8781397035139
2,0.010561772612539865,0.009369996964318467,36.110502686424596,0.017421594370049767,217.94989618617421
