PrincipalComponent,coi,c1i,a1i,c2i,a2i
1,0.20694776426081474,0.5481080402910588,38.879529928203304,1.4881462816662099,211.75602029732048
2,0.02214371691208679,0.08473694532717904,31.89796680592452,0.07823698341171699,212.9278765619008
