PrincipalComponent,coi,c1i,a1i,c2i,a2i
1,0.1983031847879889,0.8628516373286708,54.07262012724723,1.2463958135845117,215.81760741483902
2,0.011013345634258487,0.00860730227543705,36.13478140643719,0.01684917947566393,217.9690151031963
