PrincipalComponent,coi,c1i,a1i,c2i,a2i
1,0.1990297819217072,0.8681863065207038,53.81912764066877,1.308669748172888,215.59463900363804
2,0.01133667978421932,0.006693715566606267,36.027430300416256,0.018821938676664846,217.82159474992463
