PrincipalComponent,coi,c1i,a1i,c2i,a2i
1,0.19745276467007972,0.8733835844206753,54.576255855218626,1.2680656764584315,215.82438554905605
2,0.011048293409349163,0.007210783381026828,36.25985018293251,0.017798085450902886,218.09083804416352
