PrincipalComponent,coi,c1i,a1i,c2i,a2i
1,0.20222111172350152,0.8607051056955627,53.97976749339027,1.219859797243453,215.8290500984987
2,0.01140662468940842,0.009951357150065716,36.10737447197223,0.017170778421986107,217.95501295774358
