PrincipalComponent,coi,c1i,a1i,c2i,a2i
1,0.20165624357405315,0.8531465275726599,52.787623952405895,1.351834913122442,215.3794554258342
2,0.011380756470406456,0.00691223129515893,35.734009641384574,0.022297513416234926,217.4857997945569
