PrincipalComponent,coi,c1i,a1i,c2i,a2i
1,0.23649240389479262,0.7777408733471695,55.935974890238356,1.4579595104731273,214.31449110824082
2,0.01206583360487146,0.022140179262904448,36.19804523098965,0.030181264266741267,217.95965878126137
