PrincipalComponent,coi,c1i,a1i,c2i,a2i
1,0.21844345859872105,0.5662631699174799,38.289548820995,1.3606924348048783,212.89881190694916
2,0.005225977292735391,0.12213075540773012,32.64409106487951,0.06669873371350507,213.21276715711426
