PrincipalComponent,coi,c1i,a1i,c2i,a2i
1,0.25087434989198837,0.7443714143416215,56.424788738143306,1.450464987131522,213.8987847709629
2,0.014732087432765873,0.037213485697729025,36.20402139898118,0.040835422443953655,217.96346425954854
