PrincipalComponent,coi,c1i,a1i,c2i,a2i
1,0.21295295953088983,0.8400494593462973,54.6435145267932,1.3331737274079383,215.3287870164311
2,0.014049967697901062,0.006426198140784097,36.141169950355774,0.035860756894916614,217.9478878184024
