PrincipalComponent,coi,c1i,a1i,c2i,a2i
1,0.2626621983528595,0.6223442817741105,44.86692497105909,1.6363445413826645,212.24042532179885
2,0.011535987655870434,0.03448517861457567,33.11114782939809,0.02498019605151535,214.54142941360502
