PrincipalComponent,coi,c1i,a1i,c2i,a2i
1,0.214366632057261,0.8347817920395171,53.63072306486032,1.3795842068262705,215.07910028619983
2,0.013940411695614436,0.00444943513238825,35.846942969549985,0.03356396088785843,217.60875239929203
