PrincipalComponent,coi,c1i,a1i,c2i,a2i
1,0.23473412139940458,0.5612927876267612,38.57390967089841,1.6341874563159748,211.38977794447857
2,0.013386936889318574,0.05587962542217978,31.567489454796785,0.03833758147736042,212.72072412279311
