PrincipalComponent,coi,c1i,a1i,c2i,a2i
1,0.2406893397400177,0.7805043293023038,53.66085710413249,1.52711355681703,214.07128067924847
2,0.011245152246886513,0.009678808716872827,35.59627475470572,0.02075119467703935,217.29260216696423
