PrincipalComponent,coi,c1i,a1i,c2i,a2i
1,0.23462741305467003,0.7964134304268954,53.24502046195821,1.502453557204497,214.2857364888545
2,0.011380403165311968,0.00813265329470246,35.55382823618462,0.022515154456790438,217.25243681903132
