PrincipalComponent,coi,c1i,a1i,c2i,a2i
1,0.2217335871279871,0.813122772256398,52.026536348874565,1.4650947683932938,214.62536395503824
2,0.012950516500202541,0.0039144457631486475,35.359844707202654,0.027944029148486062,217.04988844480138
