PrincipalComponent,coi,c1i,a1i,c2i,a2i
1,0.21657817754039305,0.8260383370343747,53.994875056155735,1.2808678602614918,215.32173789602274
2,0.01529880494380476,0.010554504139836883,35.974875845882536,0.039584914051476405,217.79518178499202
