PrincipalComponent,coi,c1i,a1i,c2i,a2i
1,0.22119395999221808,0.5700549466841017,37.773065572451436,1.4898145692735147,211.91914651138245
2,0.010557211640477189,0.08586192247764303,31.710864470652602,0.04755942159495427,212.70673087259763
