PrincipalComponent,coi,c1i,a1i,c2i,a2i
1,0.22739551553107823,0.5320865721925755,37.39141048240388,1.6023242484794182,211.4095212671744
2,0.01786802049696118,0.06608463058306834,31.380399982098723,0.05044795911930181,212.43286004809107
