PrincipalComponent,coi,c1i,a1i,c2i,a2i
1,0.26165534991899003,0.7281509245723928,54.884715269733654,1.580248523845363,213.18753725163688
2,0.010492688668365972,0.01640636774986933,35.64925175342435,0.016419898754264643,217.34278627979964
