PrincipalComponent,coi,c1i,a1i,c2i,a2i
1,0.21435676161083128,0.8274582660285177,54.06593000793361,1.291188985400602,215.40000984356024
2,0.014070031777156756,0.010501202931567541,36.01681552764722,0.03879223593517082,217.83430655785085
