PrincipalComponent,coi,c1i,a1i,c2i,a2i
1,0.25316735767153625,0.7409925061740772,54.32668751399775,1.5699155058104528,213.49993258567557
2,0.010958450321827268,0.012330078329870224,35.60364304554768,0.01887688364784897,217.2939921864597
