PrincipalComponent,coi,c1i,a1i,c2i,a2i
1,0.21344684054888105,0.8265891390586467,54.023550846860104,1.310887974468563,215.30210334664505
2,0.014346290565070969,0.00906762078542326,35.98414786561238,0.037662999198574736,217.79124598884442
