PrincipalComponent,coi,c1i,a1i,c2i,a2i
1,0.23237959326989727,0.5529098394878723,36.982480501679554,1.4602272178081637,212.57055822680914
2,0.007555050769430788,0.10149507216844657,32.04119523241725,0.052964400476337624,212.74550588391264
