PrincipalComponent,coi,c1i,a1i,c2i,a2i
1,0.26832652847868477,0.699246812612313,53.333370987031564,1.5923209720760827,212.92453034240077
2,0.010180425038741723,0.025227695227238504,35.23264702774749,0.015408616016033992,216.87730974541253
