PrincipalComponent,coi,c1i,a1i,c2i,a2i
1,0.2172444098252427,0.8189210233649495,52.35364451986813,1.431012119864912,214.83580831534715
2,0.01331121395281376,0.003779874599290564,35.490644591360685,0.031287637932559335,217.2031796392259
