PrincipalComponent,coi,c1i,a1i,c2i,a2i
1,0.19495232668814905,0.9244641414387078,58.15143012479208,1.1217220932602427,216.868654987128
2,0.0092137954708624,0.009881653287703513,37.354813663466956,0.01567298469891973,219.33882869135212
