PrincipalComponent,coi,c1i,a1i,c2i,a2i
1,0.19325300255996844,0.9348347886278825,58.50667642083622,1.1837175047540698,216.63251487978187
2,0.012249015625619662,0.008174970779272497,37.38480303344072,0.02647247263069023,219.33598512366387
