PrincipalComponent,coi,c1i,a1i,c2i,a2i
1,0.19401005326240367,0.9250656173233158,58.38756273175693,1.1365475349507759,216.80593234266843
2,0.009854953105960684,0.009850656456266085,37.39481982681676,0.01565563745129064,219.37589604442738
