PrincipalComponent,coi,c1i,a1i,c2i,a2i
1,0.19888340995727682,0.9095565891650869,57.449621508711616,1.2457678627177446,216.19735032351645
2,0.014164435773566818,0.012162665300161248,37.02569972395639,0.042131472809981335,218.91911333005814
