PrincipalComponent,coi,c1i,a1i,c2i,a2i
1,0.19483839824933313,0.9174650157583069,57.43938680985652,1.2231503824623586,216.37969328487557
2,0.013608472807063248,0.008138632481339697,37.07329653413767,0.0365495038047304,218.98080226946504
