PrincipalComponent,coi,c1i,a1i,c2i,a2i
1,0.21103797038802605,0.902292726757345,60.07719172736469,1.252250174232006,216.07724171380636
2,0.015231434689626608,0.021140563881168483,37.608504090819395,0.048832164537664736,219.54708206166072
