PrincipalComponent,coi,c1i,a1i,c2i,a2i
1,0.19253851166423733,0.9411088373546758,59.25096377401543,1.1466833481193262,216.88099477543363
2,0.011066543756784503,0.00827713234678456,37.62073636856308,0.021111059043659886,219.609235712042
