PrincipalComponent,coi,c1i,a1i,c2i,a2i
1,0.19836597114554444,0.9245862843741327,58.36857589150951,1.1106225041998523,216.84207228524485
2,0.00965658557098028,0.011181629617520306,37.39165048635958,0.01339649297152563,219.3887483234904
