PrincipalComponent,coi,c1i,a1i,c2i,a2i
1,0.21627935757480984,0.8930915868654377,61.234922725883834,1.2635393784388569,215.95915544025996
2,0.01664750059230794,0.02338460759163037,37.84656466756343,0.050922467179611776,219.8033240940945
