PrincipalComponent,coi,c1i,a1i,c2i,a2i
1,0.24182012801003475,0.8631339943814313,67.0161084026032,1.2208671899086443,215.53799423529634
2,0.027133368843176384,0.03893661971026799,39.037026156579316,0.08263470515492011,221.15739025487105
