PrincipalComponent,coi,c1i,a1i,c2i,a2i
1,0.2372481089748672,0.8842968342117757,66.98256559075216,1.23660345983953,215.69495571910298
2,0.022401578688763822,0.029684944622516946,39.08663173938107,0.06910001632794285,221.18935011877218
