PrincipalComponent,coi,c1i,a1i,c2i,a2i
1,0.22817097931157088,0.719567609601738,53.90427115069981,1.334500865927679,213.89954592226505
2,0.032042939826357426,0.047514438145481994,35.574227151860406,0.1062722970500392,217.3527172768661
