PrincipalComponent,coi,c1i,a1i,c2i,a2i
1,0.19401108010732304,0.5777869894508619,42.863788673097574,1.3733262823791992,212.2192164492536
2,0.030288583115865842,0.09112205996599203,32.92168310440503,0.11409809757983044,214.06636791063494
