PrincipalComponent,coi,c1i,a1i,c2i,a2i
1,0.19779636624652827,0.6174873926076264,44.58190818332715,1.3840149650937024,212.3372464568513
2,0.031186439825522775,0.07606390758617754,33.19743958087265,0.1143028159501597,214.53344848347464
