PrincipalComponent,coi,c1i,a1i,c2i,a2i
1,0.20199118979579944,0.5919929553190794,40.6946985166958,1.2623476268283795,213.34049287221723
2,0.012667942067666157,0.12681994295055418,33.39817821256213,0.09814953373808487,213.93801849256334
