PrincipalComponent,coi,c1i,a1i,c2i,a2i
1,0.21457716362658047,0.5960036627309786,28.999728562103588,1.6187370565756953,210.4424775739938
2,0.010527584024482192,0.028732737771033662,28.92733444668193,0.025060484970042048,210.00392026552623
