PrincipalComponent,coi,c1i,a1i,c2i,a2i
1,0.230639470426677,0.6955898811199556,41.965579211567785,1.6424741268086698,212.36304343724032
2,0.024369753004550833,1.030481220325682e-19,32.44420439974906,0.07720293367096173,213.84714059421583
