PrincipalComponent,coi,c1i,a1i,c2i,a2i
1,0.23050971061166023,0.5467293278044377,29.02557599222353,1.7337072837820093,210.4432476392954
2,0.012222976295168442,0.023753401403447606,28.951863863416726,0.01692925107347169,210.00855130654725
