PrincipalComponent,coi,c1i,a1i,c2i,a2i
1,0.2031128156703606,0.684854383522047,41.17140014800967,1.406704557993015,212.7934560037657
2,0.02469576231717332,0.04291528077176107,32.32474359941004,0.11162982556534391,213.78597771054459
