PrincipalComponent,coi,c1i,a1i,c2i,a2i
1,0.2011821226492201,0.7094251829084389,42.32141205486322,1.451099695093529,212.9831887246627
2,0.024711866997239387,0.027915758324844563,32.63410633293763,0.11247373518377195,214.12947953988677
