PrincipalComponent,coi,c1i,a1i,c2i,a2i
1,0.20203251531587552,0.6896834733777312,41.656350892629995,1.4116239718091566,212.93549415656008
2,0.02405127341236803,0.04089322313485591,32.46489017621922,0.11233037758235347,213.9506171057058
