PrincipalComponent,coi,c1i,a1i,c2i,a2i
1,0.203467703546082,0.716496265704488,41.99025381367642,1.4886867686919258,212.92943914958312
2,0.02524698955114384,0.020413717605063126,32.555118904079436,0.10898033402273104,214.02787947487255
