PrincipalComponent,coi,c1i,a1i,c2i,a2i
1,0.2293253725609437,0.5675807074653207,29.03514086990093,1.7706347298419602,210.45929279046942
2,0.010972770094598645,0.01794821057422386,28.965421077424796,0.011755457340301353,210.0133790701573
