PrincipalComponent,coi,c1i,a1i,c2i,a2i
1,0.21216228825685085,0.7212559557089351,41.60927108865808,1.5620090583813069,212.78552589779198
2,0.026470097239115434,0.0060847793365899384,32.45280659744016,0.09589397249621189,213.88633578389175
