PrincipalComponent,coi,c1i,a1i,c2i,a2i
1,0.24339369633141725,0.6560772998081309,41.5438184780513,1.7026708274042868,211.94685685130122
2,0.0232660658067623,0.0,32.24022976705469,0.06210794165533187,213.6136505329608
