PrincipalComponent,coi,c1i,a1i,c2i,a2i
1,0.20124734158385443,0.6933684967164204,41.73078307624835,1.4270695474162094,212.90459573007885
2,0.02453769823157701,0.036397746705918305,32.47259792714201,0.113200571109862,213.95961990518285
