PrincipalComponent,coi,c1i,a1i,c2i,a2i
1,0.23404467040258545,0.5928954214909186,31.82981510866749,1.5474808043629238,211.3900252970889
2,0.019382030306601898,0.03281219093555243,29.875607977606528,0.04376449855559117,211.00373248805792
