PrincipalComponent,coi,c1i,a1i,c2i,a2i
1,0.22472421346356677,0.7101762878849865,42.031248082718314,1.6124521670261611,212.53377191302832
2,0.025496688728375537,5.913402502949903e-20,32.500046483765395,0.08278062843633982,213.91460213549053
