PrincipalComponent,coi,c1i,a1i,c2i,a2i
1,0.2618957677174131,0.5956839747081647,35.04574461725723,1.7683411743416388,211.26072268284997
2,0.015611203769451276,0.006514668517683868,30.550532705717558,0.017186313569082002,211.76667066014423
