PrincipalComponent,coi,c1i,a1i,c2i,a2i
1,0.25103094723250563,0.6435046641506251,41.14687435789194,1.7295777242716182,211.7015241199477
2,0.022214569250192433,9.751357990610377e-20,32.08167251532461,0.04969851122128282,213.43586917550022
