PrincipalComponent,coi,c1i,a1i,c2i,a2i
1,0.2078213097081509,0.7163634728935538,41.66551089216882,1.5293220644385925,212.89175844882953
2,0.02577042099735031,0.013452953511729326,32.47965833925807,0.10287154164033843,213.93322898515999
