PrincipalComponent,coi,c1i,a1i,c2i,a2i
1,0.260601757815797,0.6273988232985394,39.83448490439331,1.7522522576474173,211.5743788147093
2,0.018862804255992432,0.003627577563445302,31.737616112153944,0.029457985500029867,213.06179972297758
