PrincipalComponent,coi,c1i,a1i,c2i,a2i
1,0.21248151292441658,0.7765922232897325,50.59681671033493,1.404619391480683,214.24787865872733
2,0.021749713767330835,0.008139809358826017,34.91332694488158,0.08306620518624348,216.59951842977392
