PrincipalComponent,coi,c1i,a1i,c2i,a2i
1,0.21338750833332273,0.7580369395067046,49.89801937065381,1.3650390436568256,214.24317943201376
2,0.02158113299090957,0.017630737764698364,34.735852918419006,0.0850868941861589,216.42784712143083
