PrincipalComponent,coi,c1i,a1i,c2i,a2i
1,0.2356747909808669,0.7543555879864059,49.49622186477548,1.5791987583391192,213.38679340627323
2,0.016384246184773056,0.0,34.45362153774043,0.05115537709223828,216.0416856171068
