PrincipalComponent,coi,c1i,a1i,c2i,a2i
1,0.21453578671588924,0.7772393594490837,49.80227412145675,1.4483030269321255,214.09508934372124
2,0.021822692848859106,0.0030790747881638166,34.70260550069468,0.07921098093597877,216.34959316262442
