PrincipalComponent,coi,c1i,a1i,c2i,a2i
1,0.22331332922474367,0.768178660788155,48.70461481218261,1.531715465523649,213.767872974115
2,0.018622796449831263,0.0,34.37028802528832,0.06393483583881104,215.96125243384319
