PrincipalComponent,coi,c1i,a1i,c2i,a2i
1,0.2414854738246836,0.7381754600797694,49.591406697189754,1.608710071978698,213.1555867992946
2,0.01610194199825521,8.886375478024394e-19,34.41602399298208,0.04711467849644314,215.99414484058545
