PrincipalComponent,coi,c1i,a1i,c2i,a2i
1,0.21267048080192782,0.7606732016859188,49.997510153122356,1.3814430108433786,214.1889495373708
2,0.022065118560433014,0.014328250641226982,34.7483718511715,0.08474201339405972,216.4356787323512
