PrincipalComponent,coi,c1i,a1i,c2i,a2i
1,0.2541369932440463,0.6955386653068196,49.60197760556714,1.6657320233730888,212.524491729733
2,0.016265814142415444,1.1995350425001959e-18,34.25614378784696,0.03714628411097214,215.81031682991517
