PrincipalComponent,coi,c1i,a1i,c2i,a2i
1,0.2702864517120874,0.6516138694453796,47.326502457240316,1.7163240261825379,211.91634920158054
2,0.013602999639283036,0.007577683024386211,33.56242692330693,0.015970951695060354,215.04962634123854
