PrincipalComponent,coi,c1i,a1i,c2i,a2i
1,0.2623628361535495,0.6795112221802022,49.45092724960258,1.689427575682963,212.15806298422373
2,0.016694621668403707,0.0,34.12081940143634,0.02941973968328489,215.66008738292066
