PrincipalComponent,coi,c1i,a1i,c2i,a2i
1,0.268881397868523,0.5953986118293427,40.21233512161168,1.7507043117230734,211.49609026153635
2,0.011108406992737125,0.014670661558088743,31.82048496861313,0.012830896536058012,213.13776527184717
