PrincipalComponent,coi,c1i,a1i,c2i,a2i
1,0.24512707914004622,0.5487939676269379,34.900848188170244,1.74189615675176,210.84702229193977
2,0.008995834088223674,0.03336601860162999,30.49725670552303,0.018435825877185442,211.61851684777602
