PrincipalComponent,coi,c1i,a1i,c2i,a2i
1,0.2398111458838204,0.5250510185448408,34.12403757892489,1.70611306377287,210.87198489628364
2,0.012814888974025385,0.04048303922840964,30.357489450880987,0.02974175572645289,211.4315816212624
