PrincipalComponent,coi,c1i,a1i,c2i,a2i
1,0.2293314439460915,0.5695740834704093,34.46884206318532,1.587171846796692,211.2104710775689
2,0.009183997177132433,0.05228988713163246,30.557255016764525,0.03558035823445044,211.62838259681413
