PrincipalComponent,coi,c1i,a1i,c2i,a2i
1,0.2367282341540956,0.5575183380913025,34.346468161129074,1.5421540145942405,211.90583937100408
2,0.012557573382622837,0.06472617442649761,30.88098081975551,0.0509365997034093,211.81633889674424
