PrincipalComponent,coi,c1i,a1i,c2i,a2i
1,0.1994359251902318,0.6390499314905763,37.44480595944697,1.4262707518263886,212.35943500720842
2,0.0193228620577297,0.07347628137819974,31.4594732318375,0.139440795438796,212.71932124730606
