PrincipalComponent,coi,c1i,a1i,c2i,a2i
1,0.20023199083200538,0.63437469176905,37.33882694481992,1.4122193127340985,212.38492388888196
2,0.018698741526833776,0.07898745483106852,31.469473936587278,0.13732178669238754,212.70420952481794
