PrincipalComponent,coi,c1i,a1i,c2i,a2i
1,0.22372230231213405,0.6732897040752425,38.62847342121618,1.5985394207877777,212.14299316852703
2,0.023817821896718838,0.022466990455396043,31.58879699121003,0.11325216267120541,212.94239737927379
