PrincipalComponent,coi,c1i,a1i,c2i,a2i
1,0.2299792552735991,0.6609626393689321,38.634532513110834,1.626756755317804,212.04304311322232
2,0.023558742541589968,0.02004909775866337,31.566677529344947,0.10842963605013776,212.91333780193892
