PrincipalComponent,coi,c1i,a1i,c2i,a2i
1,0.207192525880039,0.669750299842108,37.971161515783294,1.5209859772335375,212.3732104321815
2,0.02174604483696348,0.044539816404219244,31.500576431271202,0.1313596935648264,212.84595574592095
