PrincipalComponent,coi,c1i,a1i,c2i,a2i
1,0.1996269353781677,0.6563700974983782,38.15142286659893,1.4486781018612787,212.4427792990868
2,0.019864021842150265,0.06308292542615249,31.60422429007571,0.14027447587029473,212.91569740557495
