PrincipalComponent,coi,c1i,a1i,c2i,a2i
1,0.20125127822953687,0.6293131767347466,36.819341299303275,1.4081127409934646,212.2350353584142
2,0.019154684921188467,0.0815042502829748,31.342360590829003,0.1357899825139896,212.52919851528262
