PrincipalComponent,coi,c1i,a1i,c2i,a2i
1,0.24288842230265906,0.6255204502084416,38.2310204237361,1.685927519284296,211.73299375103252
2,0.022634630253271296,0.017914415961408272,31.398933203292895,0.09175709954202348,212.7177583139321
