PrincipalComponent,coi,c1i,a1i,c2i,a2i
1,0.20222226951005767,0.6658641223573102,37.9941895206733,1.4839025296904655,212.3680569783941
2,0.02068225715241405,0.053901957580214065,31.525710607192988,0.13740154905637125,212.85046380783618
