PrincipalComponent,coi,c1i,a1i,c2i,a2i
1,0.26393729593722515,0.5851714824595249,32.935469839908855,1.752981330039242,211.24189632151456
2,0.01413585984160269,0.015804971467283168,30.059776578268828,0.029404155267854275,211.23455841347555
