PrincipalComponent,coi,c1i,a1i,c2i,a2i
1,0.26180025699337517,0.6058434885912223,36.8932522976863,1.7377587744065743,211.47254380615504
2,0.01699791111140862,0.017215273490349865,31.03244603989415,0.05068507175841677,212.29703670175633
