PrincipalComponent,coi,c1i,a1i,c2i,a2i
1,0.2395804377577804,0.569008080178929,29.02622952574554,1.7478194666047304,210.45537741522844
2,0.010627547351123385,0.019507763214114952,28.954354089445513,0.013879092127451195,210.01611539794473
