PrincipalComponent,coi,c1i,a1i,c2i,a2i
1,0.2426150224241646,0.5512424872989071,29.00859129056123,1.7179627648133045,210.4598910436971
2,0.009885675698913524,0.02237921191731224,28.942299568847076,0.011968729935781113,210.0127725465114
