PrincipalComponent,coi,c1i,a1i,c2i,a2i
1,0.23901401635662625,0.6088845622403763,31.1752523462567,1.5386908900255167,211.27231977015356
2,0.021370430029258692,0.018654574641008236,29.635343167072133,0.03681892588141487,210.81049708770013
