PrincipalComponent,coi,c1i,a1i,c2i,a2i
1,0.7092883273603253,1.0058128356727014,83.68665900034969,0.22751075111865646,223.78642119327984
2,0.1393805640651316,0.19057914829219025,45.80428989250674,0.2381463052209292,227.54373899917329
