PrincipalComponent,coi,c1i,a1i,c2i,a2i
1,0.6729691281630904,0.8792502565110069,83.74607044101296,0.19957861159856252,226.79880973217806
2,0.14689793344887153,0.36589225907775036,54.9162008679532,0.20830074942527518,229.419940448202
