PrincipalComponent,coi,c1i,a1i,c2i,a2i
1,0.6683231355434084,0.8599753076554317,76.88017733015596,0.32383501601800785,222.14501194316466
2,0.1518281256694291,0.3035639139859054,45.81138869966676,0.3170266513131463,225.41044176186497
