PrincipalComponent,coi,c1i,a1i,c2i,a2i
1,0.7059477682170177,0.9440485014002048,88.25340533017928,0.2484983715782053,224.12793481595295
2,0.1669535295444203,0.25123020078136193,48.74437824163139,0.26400960579141197,228.84607359694186
