PrincipalComponent,coi,c1i,a1i,c2i,a2i
1,0.6916387913878462,0.86926502510192,84.70169524020275,0.30482935877301065,222.97156304237626
2,0.16896109309681004,0.2838370522213692,48.29962329255753,0.3079381453289861,227.5832383570017
