PrincipalComponent,coi,c1i,a1i,c2i,a2i
1,0.7164081116409683,1.0213543630898945,79.0948578807384,0.2427908306420632,223.24434506945605
2,0.12315411849068382,0.1354986520316964,43.532564025419184,0.2462323546633103,226.1972664733419
