PrincipalComponent,coi,c1i,a1i,c2i,a2i
1,0.7077261891892526,0.9938043551262294,86.53200208043052,0.22415732669499494,224.12805130369821
2,0.1498698184861688,0.21840136593492734,47.38343191683242,0.2396281890990135,228.415620781722
