PrincipalComponent,coi,c1i,a1i,c2i,a2i
1,0.7011455046853426,0.9029363184998215,87.96295805894978,0.2748142143966548,223.71734806822525
2,0.17410964336727647,0.27110089694476774,49.21981727218405,0.28638675905656513,228.61968904510914
