PrincipalComponent,coi,c1i,a1i,c2i,a2i
1,0.7149560165870805,1.0198747744894696,80.7330692022445,0.23585266255351287,223.42927829373343
2,0.1276318402785823,0.15378961997719628,44.24544322664922,0.24182611648688024,226.67443050993052
