PrincipalComponent,coi,c1i,a1i,c2i,a2i
1,0.716136258544455,0.8263921659230172,87.42820418669015,0.24305667359158287,225.38899244135612
2,0.16373885087271836,0.325853666291182,53.095329467843335,0.2529764860748071,229.50760442154063
