PrincipalComponent,coi,c1i,a1i,c2i,a2i
1,0.6631841539291572,0.785173947743547,75.36443190744987,0.2454770843010179,224.94197726367824
2,0.14675425475271855,0.3375045111482483,49.660566654289106,0.24151253712986678,226.38662111961196
