PrincipalComponent,coi,c1i,a1i,c2i,a2i
1,0.6960093437398186,0.882401546536636,86.99927321874371,0.2912706986938872,223.30709844898828
2,0.17394829327618994,0.2767840766348766,49.079539541352396,0.29914083403876424,228.24916636135922
