PrincipalComponent,coi,c1i,a1i,c2i,a2i
1,0.7050224062158319,0.9662013372267261,87.97228235355384,0.236534908893453,224.17540414442908
2,0.15969628213298342,0.23633083242505468,48.33246219872851,0.2530394268862678,228.79930545668773
