PrincipalComponent,coi,c1i,a1i,c2i,a2i
1,0.7032417922761475,0.9130388460696917,88.04890962898955,0.2666063208950417,223.89325086370187
2,0.1728249823981366,0.2686425882814897,49.226041029512004,0.27931835536686606,228.7188744724673
