PrincipalComponent,coi,c1i,a1i,c2i,a2i
1,0.7234350469944493,1.0289650528322898,78.66189235130604,0.24225724409413804,223.21097036829713
2,0.11911264377362886,0.11991352821225365,43.217046759152716,0.24532527428225198,226.07526907378454
