PrincipalComponent,coi,c1i,a1i,c2i,a2i
1,0.7065620494551061,0.8314965330306717,86.68781088692894,0.1748822377528832,227.47220723149462
2,0.15627496836590662,0.36409357723819963,55.40342703605105,0.18762174262802261,230.27486763012078
