PrincipalComponent,coi,c1i,a1i,c2i,a2i
1,0.7106655683917631,0.8134762564967017,78.48197476631145,0.30968613344698614,222.73569654502865
2,0.15317266799028678,0.31284977700865446,46.714768034301756,0.304328231668129,226.04988786370097
