PrincipalComponent,coi,c1i,a1i,c2i,a2i
1,0.681670331541179,0.8469688611430447,72.09544462533088,0.42166353801761636,221.9213558085521
2,0.14071167131870546,0.18632906497675208,42.94196717466711,0.28311980277794724,224.18318921740624
