PrincipalComponent,coi,c1i,a1i,c2i,a2i
1,0.6748673056538727,0.8523488993089747,76.56151719732027,0.38928543225663664,223.06320147055197
2,0.15220860241675643,0.2285184671231156,45.615993510225586,0.27308141961819726,225.79280383074183
