PrincipalComponent,coi,c1i,a1i,c2i,a2i
1,0.6364723360793528,0.724545771370327,79.05837388467113,0.29261579371838237,228.8262072034206
2,0.18075595614841897,0.4343913286945913,59.811338903533155,0.19786901258318476,229.55222195829103
