PrincipalComponent,coi,c1i,a1i,c2i,a2i
1,0.6899844362382543,0.8386859176158504,98.28363951254306,0.20194908641781195,231.46911031104918
2,0.20442894990135535,0.4469468797807633,69.46567972763559,0.1776372830713489,235.51305959907828
