PrincipalComponent,coi,c1i,a1i,c2i,a2i
1,0.6352787124429875,0.6852766835100217,74.67689674975273,0.4174781644486854,227.18501543328298
2,0.17329842009847776,0.45920258076337384,60.17543632197387,0.17819322276025104,228.36499486136995
