PrincipalComponent,coi,c1i,a1i,c2i,a2i
1,0.6766234618740965,0.7826834018166585,91.95644726341159,0.2139024025213366,232.49361069913923
2,0.19612613962586467,0.4836209607547396,69.40515633052699,0.1085638565514173,234.6602527688386
