PrincipalComponent,coi,c1i,a1i,c2i,a2i
1,0.6474333143690033,0.8413946510344374,84.78521391368363,0.29711459540933977,226.20610157528006
2,0.18462292224029983,0.39321519358736745,55.965791100991694,0.3026998712939743,229.37458292138015
