PrincipalComponent,coi,c1i,a1i,c2i,a2i
1,0.6712674962526409,0.8582346920327621,81.86125521219171,0.35369550211045875,224.4043642076843
2,0.1671472927743315,0.2711805945511298,49.20171360033816,0.2599665382522912,227.7589486152373
