PrincipalComponent,coi,c1i,a1i,c2i,a2i
1,0.6753142938781836,0.862671687214952,94.10065742861369,0.27791440711086407,227.42109549277882
2,0.20538595349470376,0.36210500473724105,59.052786479989926,0.27017827326268135,232.1742331565933
