PrincipalComponent,coi,c1i,a1i,c2i,a2i
1,0.6739547686359317,0.8610105370254777,94.65041632144431,0.27664743132725117,227.45059207123748
2,0.20725407730580933,0.36479405058733744,59.50110499761006,0.27518112489794305,232.28745943028485
