PrincipalComponent,coi,c1i,a1i,c2i,a2i
1,0.6715766624417491,0.8454533870402469,88.54959607429906,0.3304849952564715,226.0227476661703
2,0.189189335288396,0.3223925109457041,54.63309448631977,0.26165193245742113,230.24125467507386
