PrincipalComponent,coi,c1i,a1i,c2i,a2i
1,0.6756734070014571,0.8496890382031814,73.95987884419513,0.4047132859806819,222.44880709470715
2,0.1461517780375297,0.2062754160661683,44.06517095829066,0.28139123884020995,224.86305656945424
