PrincipalComponent,coi,c1i,a1i,c2i,a2i
1,0.6714628965612851,0.85310605834564,85.45515617435808,0.3414562646850287,225.27058982165124
2,0.17868025316860817,0.3022447551647988,52.16374611310189,0.2547591193866094,229.13625383649918
