PrincipalComponent,coi,c1i,a1i,c2i,a2i
1,0.6748597908918047,0.8512759144001363,90.93334951853652,0.30943203886414633,226.6155042526704
2,0.19758502130539013,0.3388299941851959,56.28581959936343,0.26729788992911674,231.05325903784137
