PrincipalComponent,coi,c1i,a1i,c2i,a2i
1,0.6893782764532348,0.8180945839295231,88.88077785787374,0.2624123495816593,227.25129015170182
2,0.18749800397108243,0.40877760396187907,57.97794907953879,0.2745795769420946,230.83790307108185
