PrincipalComponent,coi,c1i,a1i,c2i,a2i
1,0.6715560702221419,0.8748531545852967,96.45452450227505,0.25255561619810407,227.85491182924594
2,0.20802756353328125,0.37592760893263066,61.167255000428746,0.27816596020187156,232.88645333102005
