PrincipalComponent,coi,c1i,a1i,c2i,a2i
1,0.6685167921250031,0.8650565680326211,94.35232255875599,0.26226301415906467,227.5322498397884
2,0.20291758978157076,0.381895391678874,60.28316547956619,0.2863247940143991,232.25008013903073
