PrincipalComponent,coi,c1i,a1i,c2i,a2i
1,0.7564021860374941,1.1160552079344046,79.62334489344379,0.19062457432686267,223.19816226956272
2,0.09645117692276789,0.09233537427708835,42.909493018752094,0.19853948181891803,226.28314480003283
