PrincipalComponent,coi,c1i,a1i,c2i,a2i
1,0.7477504617150357,1.0854642459424828,85.22070824372767,0.1841446475739221,223.40508201842084
2,0.120359385794218,0.16225889048418968,44.98903633773215,0.20153172989505244,227.71253904564304
