PrincipalComponent,coi,c1i,a1i,c2i,a2i
1,0.746009065822144,0.8705071187731713,82.88176048734647,0.24243862418307344,223.21095591835547
2,0.1361973659766621,0.26611236481300254,47.13578070778357,0.24605128891649886,227.23096321859987
