PrincipalComponent,coi,c1i,a1i,c2i,a2i
1,0.7232331543479719,0.9590734799198924,84.03099469961036,0.2639423982238991,222.1045830622828
2,0.14635410103470084,0.23197356002054453,45.332769372866075,0.27015211669545763,226.8912818642518
