PrincipalComponent,coi,c1i,a1i,c2i,a2i
1,0.7285956701984502,0.9735633798278935,86.24825170544108,0.24928281568154997,222.39137578704242
2,0.1500870039165848,0.22527196606953845,45.99168602210385,0.26064415018221176,227.51826641086888
