PrincipalComponent,coi,c1i,a1i,c2i,a2i
1,0.7006638913904634,0.9129177348849202,78.82141192886057,0.21088867360390692,223.90718495001695
2,0.11740965505315223,0.302242661223115,47.779198303445845,0.21227919206535584,226.67453683115616
