PrincipalComponent,coi,c1i,a1i,c2i,a2i
1,0.6980808634035488,0.9483832821525866,76.6429206725248,0.2845805495571224,221.46762701423447
2,0.1321528826314475,0.2504030976214495,43.37505024550227,0.27993507726279454,224.92102119602507
