PrincipalComponent,coi,c1i,a1i,c2i,a2i
1,0.7352954241840056,0.9954414995031462,87.18526850138689,0.23190898403047314,222.78103198851355
2,0.14899768978650701,0.21924158753627973,46.18906022818995,0.24713697646991142,227.87096334563103
