PrincipalComponent,coi,c1i,a1i,c2i,a2i
1,0.7362134920377912,0.8565674820235716,80.85351365432076,0.19137711147093,224.46615724719868
2,0.12537828297626272,0.30126929879071224,48.182741829006,0.1949146179710464,227.3047157839041
