PrincipalComponent,coi,c1i,a1i,c2i,a2i
1,0.7497054932867767,1.0988653129516535,82.88343460435678,0.18384531711902605,223.38311663782022
2,0.11037750329814978,0.1377778738993207,44.12692912068924,0.1971956044163202,227.14263398220146
