PrincipalComponent,coi,c1i,a1i,c2i,a2i
1,0.6931742002985318,0.8328266151672604,72.41658376748738,0.23704880444946205,222.93693248833202
2,0.11942427595864524,0.28544912976302855,44.88756628437723,0.23029733062111502,224.64524248165887
