PrincipalComponent,coi,c1i,a1i,c2i,a2i
1,0.7628585403743776,1.122343809369775,79.4579235492095,0.1884660959920768,223.20949779230529
2,0.09320948842009377,0.08029226553063748,42.82195885593402,0.1963300826094116,226.2588171524055
