PrincipalComponent,coi,c1i,a1i,c2i,a2i
1,0.7433883064611037,1.0359061239728946,87.03378090702644,0.20816873773482247,223.1675239510915
2,0.1391579091267772,0.19580790941442408,45.82363678709901,0.22619519734896423,227.99796980370863
