PrincipalComponent,coi,c1i,a1i,c2i,a2i
1,0.7404633521949784,0.8893952604345959,77.10638327079,0.2799699218954307,221.80518906422733
2,0.1313536989328065,0.2595451248406421,43.770202605357,0.2751238205324791,225.17423008894895
