PrincipalComponent,coi,c1i,a1i,c2i,a2i
1,0.7552145701372063,1.1147842787881177,80.81838975499453,0.1860361510892548,223.2803871380324
2,0.10011976638515928,0.10717988600713843,43.307466818517675,0.19607540319025954,226.59879076191896
