PrincipalComponent,coi,c1i,a1i,c2i,a2i
1,0.7382520357902118,1.0046833618638065,87.13761987606327,0.22503803887782134,222.93673715240112
2,0.14685779845708727,0.215723889347267,46.17254296295317,0.24102070297961853,227.92872149210072
