PrincipalComponent,coi,c1i,a1i,c2i,a2i
1,0.7593733031685131,1.0319987985905157,79.51501303606601,0.16832303446424968,223.3509185613868
2,0.07447106024540781,0.2387558117617442,44.88968844101795,0.17444862892158378,226.4361510592928
