PrincipalComponent,coi,c1i,a1i,c2i,a2i
1,0.8324051125862175,1.2940476292510694,84.99410874909468,0.08580657618616466,224.2760651340013
2,0.04802825252688358,0.04393832197806352,44.04685845616287,0.11419301771505451,227.95238849862724
