PrincipalComponent,coi,c1i,a1i,c2i,a2i
1,0.8089332080834443,1.1957669801401338,91.70159657679622,0.12568882849096621,223.3585644140396
2,0.0977849069605744,0.1585345620565663,45.73894429677661,0.16663354478939205,229.1613829713086
