PrincipalComponent,coi,c1i,a1i,c2i,a2i
1,0.8208340192612547,1.233162021275012,90.96506744617687,0.10570669915762605,223.8129372580693
2,0.08439282226138493,0.13266402439092145,45.49035622004242,0.14752500918201103,229.1616134054251
