PrincipalComponent,coi,c1i,a1i,c2i,a2i
1,0.813321788181115,1.2049881485703249,91.5508574245147,0.1191876555540834,223.5188431556567
2,0.09454417077798512,0.15418952855072932,45.71477549375614,0.16057051743892778,229.18277036919957
