PrincipalComponent,coi,c1i,a1i,c2i,a2i
1,0.8240144130781506,1.2813307387852433,86.9564914865287,0.08693135292593931,224.16931606336408
2,0.059581343005849274,0.08213901967708429,44.54691951497184,0.12007734548538605,228.38043149014288
