PrincipalComponent,coi,c1i,a1i,c2i,a2i
1,0.8240333655649523,1.273224455756464,88.89305853964663,0.08691690362753733,224.11015815750756
2,0.0671887727616389,0.10131681791869379,45.00019923718731,0.12530083955855267,228.80392773260849
