PrincipalComponent,coi,c1i,a1i,c2i,a2i
1,0.7981233627476674,0.9664236548386351,80.98917341160764,0.15324663924712453,223.6942498355488
2,0.0776975805296165,0.2417836770719136,45.07323060931583,0.1606189579676552,226.880761788952
