PrincipalComponent,coi,c1i,a1i,c2i,a2i
1,0.8273477082329614,1.2912529575576697,85.59650860121452,0.08694542997446839,224.21598631215053
2,0.052414661287304744,0.06043358162050962,44.204838977393784,0.11677463711096729,228.0656215056831
