PrincipalComponent,coi,c1i,a1i,c2i,a2i
1,0.7901516716286441,1.1545287027086788,89.10687653723754,0.1589372564288355,222.78682973380563
2,0.10234285110981826,0.1752691886395234,45.12654767153411,0.18862977822240487,228.3463765961525
