PrincipalComponent,coi,c1i,a1i,c2i,a2i
1,0.8213843352944873,1.2517672092350312,90.34762484283718,0.09673442552237856,223.957560904102
2,0.07610806196372857,0.11690357388735362,45.33068618371288,0.13803926046048393,229.08367747961893
