PrincipalComponent,coi,c1i,a1i,c2i,a2i
1,0.7586009065261379,1.1284871943780272,81.48739479775405,0.1933248204013785,222.2735749022331
2,0.09695690768944067,0.189736566061352,43.44033944256116,0.20363296543626053,226.34578538942472
