PrincipalComponent,coi,c1i,a1i,c2i,a2i
1,0.8109818254653878,1.0089159784751138,85.17412353493343,0.1784805122060153,223.1038000625405
2,0.08861888879651647,0.21272222446182745,45.295339080614895,0.19284259245628058,227.62685123849437
