PrincipalComponent,coi,c1i,a1i,c2i,a2i
1,0.7989243670337408,1.1723988823341849,91.07364706344377,0.14263904236663144,222.99166049271741
2,0.10212908952115522,0.16707459699226443,45.57646557349516,0.1794570643281464,228.8935974766774
