PrincipalComponent,coi,c1i,a1i,c2i,a2i
1,0.8273225632558675,1.2909798295401376,84.86602717333133,0.08907975956822284,224.21214276759457
2,0.04990350921504162,0.05114125888556742,44.02196254360635,0.11689346825655732,227.8954629893953
