PrincipalComponent,coi,c1i,a1i,c2i,a2i
1,0.804312761192051,1.0510536775452914,81.20693078882562,0.19962717476540245,222.3640734216853
2,0.08967143730375593,0.20408120129157942,43.458019185365515,0.20714488313777726,226.3102088184997
