PrincipalComponent,coi,c1i,a1i,c2i,a2i
1,0.7555539603660825,0.9488018145426593,74.13457112002921,0.19106798079155612,222.76547696895628
2,0.07524805036453351,0.22897260976507422,43.093270155527705,0.18818506883321182,224.8775705529688
