PrincipalComponent,coi,c1i,a1i,c2i,a2i
1,0.8690566917537255,1.4470152034586978,93.7043315487848,0.0030054070386290764,224.50241317155525
2,0.03918725298853428,0.06269028436821175,45.92370248409882,0.07092361174743728,230.0814354690615
