PrincipalComponent,coi,c1i,a1i,c2i,a2i
1,0.8687436608974444,1.4356100680519528,95.27209911438558,0.007601943145175822,224.35116752269323
2,0.04582524677271126,0.07494598412078468,46.24678285940809,0.08117861533289099,230.39730992384455
