PrincipalComponent,coi,c1i,a1i,c2i,a2i
1,0.8639031792739499,1.4002756265252432,96.57084337207033,0.025343518026207382,223.87812670630495
2,0.060959143784010315,0.10708259109453089,46.47806990968823,0.10128518443394031,230.5235030776272
