PrincipalComponent,coi,c1i,a1i,c2i,a2i
1,0.8672458197152633,1.4490199495247957,90.8401412535943,0.006668608966768118,224.71493247260662
2,0.028772958738479428,0.034559287933159946,45.34848653808452,0.06321332329075738,229.4745334447967
