PrincipalComponent,coi,c1i,a1i,c2i,a2i
1,0.8664111401128701,1.4463690827883096,90.36907097092451,0.007966684294824446,224.78698692031872
2,0.02719112134968454,0.028877259819982896,45.25121032703883,0.0625567090440267,229.390598428138
