PrincipalComponent,coi,c1i,a1i,c2i,a2i
1,0.8397584689764543,1.3479092710908211,94.57011644656336,0.06610175637832864,223.22384759325396
2,0.07050741529499537,0.12923066869389316,45.96404332768326,0.12834597829746425,229.82413380250483
