PrincipalComponent,coi,c1i,a1i,c2i,a2i
1,0.8533032675873208,1.154648614668506,89.23046724038801,0.11882602610741946,223.44896746474953
2,0.0611037269421757,0.17203715380331375,45.4967183979742,0.15106444346235107,228.69889763975303
