PrincipalComponent,coi,c1i,a1i,c2i,a2i
1,0.8599783495193231,1.3930341284617511,96.89920049035743,0.03011929686250824,223.71660527999066
2,0.0644010912464813,0.11108828268915297,46.50711662916481,0.10671332989342233,230.54498701755313
