PrincipalComponent,coi,c1i,a1i,c2i,a2i
1,0.8705788668166659,1.4471211938081496,90.68530203310677,0.0035581330901380726,224.88118674570737
2,0.025818512428033676,0.02578839264424846,45.33426760717652,0.05952860085300079,229.5020854686168
