PrincipalComponent,coi,c1i,a1i,c2i,a2i
1,0.8452315713235528,1.2119265306114213,86.22314207964723,0.12988359918700693,222.91062347942872
2,0.06620004500692808,0.16165659584579636,44.20533998144546,0.15605532283398507,227.70633964497827
