PrincipalComponent,coi,c1i,a1i,c2i,a2i
1,0.7953985657927896,1.0658778991870623,76.96140409039705,0.1568265782980008,223.08551604529103
2,0.050349237005391394,0.18231680943238784,42.95318257735618,0.16038309213355884,225.63337888839584
