PrincipalComponent,coi,c1i,a1i,c2i,a2i
1,0.8371592999793541,1.0848206314482458,83.14427173869423,0.11946217586533248,223.79417410430113
2,0.052253222530165754,0.19322439283412585,44.55658855812703,0.1352136878777578,227.37598688626153
