PrincipalComponent,coi,c1i,a1i,c2i,a2i
1,0.8494768624993814,1.369614336964952,96.4022698043564,0.04720538316995883,223.36544068058862
2,0.06921444526085492,0.11986834895554971,46.37665039728996,0.11915584526322069,230.32205438657704
