PrincipalComponent,coi,c1i,a1i,c2i,a2i
1,0.8666832983197185,1.4459924632225878,91.86883307769638,0.00651319106980415,224.5826098168547
2,0.03389964977692557,0.048431657348244644,45.51929600992918,0.06687114721419482,229.67091626577593
