PrincipalComponent,coi,c1i,a1i,c2i,a2i
1,0.8704965345739141,1.4234101944544477,96.05124986378152,0.013394458183382169,224.24687907258138
2,0.05230059399463601,0.08811424564566496,46.40155310432194,0.08924641378509074,230.52746429721088
