PrincipalComponent,coi,c1i,a1i,c2i,a2i
1,0.8001386768149265,1.1597330558918846,82.28541248572884,0.12782600417528553,223.5491386460911
2,0.048735385074970515,0.18958177608580148,44.5413448012576,0.1437107160939436,227.10821090182773
