PrincipalComponent,coi,c1i,a1i,c2i,a2i
1,0.8891684355532267,1.520315343658935,95.38765852980492,0.0,223.92784373241327
2,0.033346530528821305,0.03785345677523295,46.078362927688666,0.05503985505546854,230.2774388800982
