PrincipalComponent,coi,c1i,a1i,c2i,a2i
1,0.8932533934679023,1.5170198663020245,96.2156780774372,6.908472051390193e-17,223.75528073875273
2,0.038080550998098796,0.0470209014965296,46.213542733905385,0.06234058306220019,230.40962846297722
