PrincipalComponent,coi,c1i,a1i,c2i,a2i
1,0.8347864991881577,1.4491578150164173,90.12896756386813,0.04767329026033646,223.1840525196478
2,0.04974430811473479,0.1108553694508462,45.018848833419526,0.09975433258584566,228.73962500686955
