PrincipalComponent,coi,c1i,a1i,c2i,a2i
1,0.8776869014199308,1.499669818818949,97.7314539131086,0.0,223.15838906806925
2,0.0512290622715194,0.07242578264300861,46.498530833358174,0.08948272601911318,230.58621023254545
