PrincipalComponent,coi,c1i,a1i,c2i,a2i
1,0.8867725569781775,1.5228857638408422,93.78968225534443,1.0616930732645344e-17,224.05406529946907
2,0.02876142245115819,0.029983436878548007,45.77118835420345,0.046205184103324616,229.9396718637024
