PrincipalComponent,coi,c1i,a1i,c2i,a2i
1,0.8728150746396881,1.3474499453142463,89.38524057521644,0.06884883497575425,223.21803380244822
2,0.047646119228712064,0.1310886137729417,44.86149818608709,0.1126237736905639,228.57042803645643
