PrincipalComponent,coi,c1i,a1i,c2i,a2i
1,0.8897844959142756,1.5087573561301215,97.0732369628779,9.355169032637244e-18,223.46818155635796
2,0.04474910333495138,0.0608939188390765,46.38316498735898,0.07390305186711348,230.5213757381544
