PrincipalComponent,coi,c1i,a1i,c2i,a2i
1,0.8835612603277917,1.5078412597565332,91.53766571284864,0.0,224.57645309018085
2,0.019164524686311725,0.011232810769164738,45.38305170506333,0.03338050081962779,229.58466245173634
