PrincipalComponent,coi,c1i,a1i,c2i,a2i
1,0.8221110656456094,1.2661303334720997,84.10934816548175,0.08997665093949864,223.68314607887933
2,0.03419835693585118,0.15727948077594991,44.53755269035867,0.11469385534688652,227.55302802266442
