PrincipalComponent,coi,c1i,a1i,c2i,a2i
1,0.8706910834250611,1.4936941406218185,97.16865892337694,0.0,223.3119830441839
2,0.04905110280105344,0.09254367665840316,46.4731332551623,0.0863844949576635,230.4975953721231
