PrincipalComponent,coi,c1i,a1i,c2i,a2i
1,0.8184826638894633,1.1668945664477388,79.23338762470144,0.1204898644366075,223.3707902944883
2,0.034995725020958185,0.15388870437138802,43.24059751936556,0.1309804705343349,226.25806873727157
