PrincipalComponent,coi,c1i,a1i,c2i,a2i
1,0.8806269169279388,1.5127870953390972,91.3798111165298,0.0,224.53449697802066
2,0.019958164189105294,0.011733342136877876,45.34483096200749,0.036632961112549656,229.5263580504533
