PrincipalComponent,coi,c1i,a1i,c2i,a2i
1,0.8830223826121664,1.5192944398939445,92.36454093584192,1.516924629407849e-17,224.26030412452042
2,0.024992412813365138,0.021112449707051964,45.51585839561865,0.04246743423642372,229.6720370936289
