PrincipalComponent,coi,c1i,a1i,c2i,a2i
1,0.8865487215771942,1.5068109373258876,97.51514173011024,0.0,223.34202649830698
2,0.04724618780907643,0.06471773341074019,46.4484577748856,0.0782915634928,230.58939559132864
