PrincipalComponent,coi,c1i,a1i,c2i,a2i
1,0.8816963943488242,1.5167413177282931,91.59783638414795,6.218037876664893e-17,224.43303698251395
2,0.02113736284344989,0.014211133026704395,45.367872526900165,0.038062874277839776,229.54189527096065
