PrincipalComponent,coi,c1i,a1i,c2i,a2i
1,0.8763350178417408,1.2746127136082552,91.81017785687821,0.06650306896753451,223.66085780643223
2,0.04562388679915103,0.1452531629706659,45.921931743351564,0.11484403658013438,229.3792597964942
