PrincipalComponent,coi,c1i,a1i,c2i,a2i
1,0.8609182540717365,1.1866662534796888,84.5646960802144,0.08579952354855863,223.86004703074116
2,0.03516546850565362,0.16002367348125002,44.51137467615097,0.10914500786398479,227.71708449309077
