PrincipalComponent,coi,c1i,a1i,c2i,a2i
1,0.8454671412182743,1.348199329597199,84.9171277044784,0.06380493551656521,223.58736837425633
2,0.023856565676502177,0.13498120072609382,44.34633189409744,0.09440482387481633,227.66534021865425
