PrincipalComponent,coi,c1i,a1i,c2i,a2i
1,0.8967772982348052,1.5603691490016336,91.79762941284773,1.8567680472657922e-17,224.17106062457287
2,0.016610541395855268,0.012094332431374671,45.247225232595646,0.017128141978561082,229.45261087538532
