PrincipalComponent,coi,c1i,a1i,c2i,a2i
1,0.9135652041544698,1.5722103899242434,97.22703110588132,0.0,222.75291110240235
2,0.03214095952500122,0.04628208688347356,46.150844773696974,0.04851369509064998,230.30835171212163
