PrincipalComponent,coi,c1i,a1i,c2i,a2i
1,0.8976780601889096,1.5480639544012866,91.85456305503595,5.57950864279541e-17,224.33065653081027
2,0.015384452964235271,0.012747866987564402,45.30395887553296,0.012542147885757943,229.53758696011425
