PrincipalComponent,coi,c1i,a1i,c2i,a2i
1,0.885440700501476,1.2654586834981414,85.13235980841252,0.06244902911737297,223.75970377763613
2,0.023258250307557425,0.13730605135410806,44.28912975240943,0.09079505902458376,227.77696989952577
