PrincipalComponent,coi,c1i,a1i,c2i,a2i
1,0.9053530292400197,1.5747697632107311,93.72337984541933,1.4695461455133117e-17,223.6313720338335
2,0.021618703683416566,0.02020686180216517,45.53787247600541,0.02311450056031136,229.75099265995732
