PrincipalComponent,coi,c1i,a1i,c2i,a2i
1,0.8999183647998966,1.5671604465606523,92.42399245881114,0.0,223.8955786108357
2,0.019248802638125465,0.014493938965596026,45.314042362374664,0.020990672499010824,229.52039798475354
