PrincipalComponent,coi,c1i,a1i,c2i,a2i
1,0.9019977370214642,1.371939310436515,93.11953493171578,0.027313550320533897,223.58889726647809
2,0.03313775480723819,0.1249610648049401,45.9463907026665,0.08754725601596962,229.63819097229236
