PrincipalComponent,coi,c1i,a1i,c2i,a2i
1,0.9163763317065768,1.5767703227282286,96.01489666248013,7.209765423408971e-17,223.20621675917843
2,0.026690795566724167,0.032049963003202016,45.95883312702723,0.035552647150201545,230.1548148046171
