PrincipalComponent,coi,c1i,a1i,c2i,a2i
1,0.9158799861032233,1.5730209104249337,96.79775217813133,1.0566519673210629e-16,222.90318342179816
2,0.030365833111935133,0.04330814403808931,46.06320520793261,0.04473422492023083,230.25042247933166
