PrincipalComponent,coi,c1i,a1i,c2i,a2i
1,0.8666249675113601,1.5602102430208298,91.94804821170813,0.0,223.00395737805593
2,0.03284944959208878,0.08727559136536107,45.19477231718764,0.06722644408013491,229.0913128766426
