PrincipalComponent,coi,c1i,a1i,c2i,a2i
1,0.8952134452670601,1.5546528226715448,91.65022249088074,8.483163211660218e-17,224.3079084698593
2,0.015745847144858615,0.011690598259178031,45.24976841889572,0.015537988080261122,229.46739747408432
