PrincipalComponent,coi,c1i,a1i,c2i,a2i
1,0.9043046782806378,1.4592270481643148,91.47159038252568,0.018951613701557807,223.25240950036002
2,0.030884359193322667,0.11023162100632063,45.167975797371156,0.07801288911772042,229.052208465293
