PrincipalComponent,coi,c1i,a1i,c2i,a2i
1,0.9062281641262135,1.567526942267485,97.47173438490593,3.738704744423214e-17,222.5160481654936
2,0.03495930091453798,0.0524206232702061,46.15980202496143,0.05832162373634348,230.2970524806034
