PrincipalComponent,coi,c1i,a1i,c2i,a2i
1,0.8454341281085637,1.246674966541111,80.42116002365206,0.09486426962308905,223.3983495216289
2,0.021771752136919932,0.13294118089843918,43.245154838206915,0.1104013013161645,226.52177876818124
