PrincipalComponent,coi,c1i,a1i,c2i,a2i
1,0.9098881743810004,1.576508387153966,95.25220693292096,6.426790150486986e-17,223.38494945145553
2,0.02414321274701452,0.025654429065258964,45.839356235916654,0.029469780487968864,230.0449474930018
