PrincipalComponent,coi,c1i,a1i,c2i,a2i
1,0.8982565505586171,1.5642659945694384,96.55692993927505,2.3609584224088395e-17,222.56394807665095
2,0.03594044313948296,0.05910512377045953,45.992894388347246,0.06667798686162804,230.08543670868653
