PrincipalComponent,coi,c1i,a1i,c2i,a2i
1,0.918376003464602,1.6168709084418615,93.38717790421458,1.1804008777570037e-17,223.4603910657776
2,0.019403998539200103,0.012416445439595171,45.303741182570896,0.005649243711320056,229.56166220913076
