PrincipalComponent,coi,c1i,a1i,c2i,a2i
1,0.8742409251770638,1.457278462773584,87.42350669388546,0.024639300423607288,223.51209275653798
2,0.017796748231438345,0.11041782684571844,44.54355803190295,0.06865890251508128,228.1836492257297
