PrincipalComponent,coi,c1i,a1i,c2i,a2i
1,0.9354978228500966,1.564879705043393,92.4652077078629,1.0792800155896902e-16,222.49004603554516
2,0.02726562951443816,0.05587622114256039,45.002870824090586,0.06982320764172792,229.010916363323
