PrincipalComponent,coi,c1i,a1i,c2i,a2i
1,0.9113900973326722,1.5977970487882316,92.78747412426458,0.0,223.83605041810753
2,0.01760886773513546,0.015547548005044428,45.29107142318302,0.0018701030628704696,229.55737672826504
