PrincipalComponent,coi,c1i,a1i,c2i,a2i
1,0.8999519164342705,1.645578684756102,92.69203665640276,5.780987148817897e-17,222.19818894852114
2,0.024605523116395446,0.047688543422025255,44.987835157501706,0.04842121815889868,228.9772934229031
