PrincipalComponent,coi,c1i,a1i,c2i,a2i
1,0.9315480916521341,1.4800039578060655,94.50923542644416,0.0,223.00682701796666
2,0.028975186969665778,0.0813156530102165,45.80736672083038,0.07369890370912509,229.73399684667692
