PrincipalComponent,coi,c1i,a1i,c2i,a2i
1,0.912150269980643,1.3638929924159313,86.95684833200502,0.03303612951121326,223.6308999893189
2,0.01827267423125179,0.11051962290372967,44.35022337905849,0.07144185514435582,228.11569264955597
