PrincipalComponent,coi,c1i,a1i,c2i,a2i
1,0.9374414078658814,1.6451081038771105,98.31168493614383,8.90760205794474e-17,221.68074286227161
2,0.023785942277816465,0.034653293896359544,45.99026142658377,0.026655742958158944,230.18917094483066
