PrincipalComponent,coi,c1i,a1i,c2i,a2i
1,0.9409094896638314,1.6417395623148878,96.8009909978233,0.0,222.47653688235332
2,0.021144466235319233,0.020976811792561154,45.76015870127335,0.011939602348260093,230.05689016817223
