PrincipalComponent,coi,c1i,a1i,c2i,a2i
1,0.925512553297155,1.6295237847719066,94.60230152004416,7.129185632678416e-18,223.20857907516302
2,0.020453707357809662,0.014133620473367494,45.49725314662364,0.006075767962891418,229.7679798444472
