PrincipalComponent,coi,c1i,a1i,c2i,a2i
1,0.9439909920796314,1.644538570780511,97.58958086401022,1.9834819473678168e-17,222.09922721523893
2,0.021971216872391106,0.02810361668484915,45.88269220241389,0.017562677579442916,230.13472576320848
