PrincipalComponent,coi,c1i,a1i,c2i,a2i
1,0.9133789029621294,1.605217297461352,92.86101239100981,0.0,223.68696204970308
2,0.01834110172746114,0.013976738401739708,45.261331731631934,0.00327927634372709,229.51660837155404
