PrincipalComponent,coi,c1i,a1i,c2i,a2i
1,0.9323474200393068,1.6366185844393257,96.109767027583,7.407652048846235e-17,222.7837553046778
2,0.020694971124553162,0.017185715647295086,45.71593660015895,0.008906743425866363,229.9935178960495
