PrincipalComponent,coi,c1i,a1i,c2i,a2i
1,0.9310216157863268,1.6449307890583167,97.48293497395011,0.0,221.7449750526873
2,0.023776316103559236,0.03965086326653614,45.842591681160734,0.03270151426783698,230.00967676260643
