PrincipalComponent,coi,c1i,a1i,c2i,a2i
1,0.9429533375714604,1.645566169273596,98.02886166369962,0.0,221.98511565733386
2,0.022732043347639442,0.029984262965318812,45.9706792311943,0.020215930536906464,230.210391072367
