PrincipalComponent,coi,c1i,a1i,c2i,a2i
1,0.9134188582973717,1.5893787780384283,93.01612211916193,0.0,223.79747993703114
2,0.017635878760025783,0.01761621391205062,45.3393921005027,0.0,229.60318382007534
