PrincipalComponent,coi,c1i,a1i,c2i,a2i
1,0.8751120400284412,1.3463628542858115,82.76971013599831,0.06302120104040883,223.4043586498584
2,0.014471649544759824,0.10853833008686552,43.47441147704438,0.08784895971068661,227.0360539080366
