PrincipalComponent,coi,c1i,a1i,c2i,a2i
1,0.9500735991509924,1.6541995728477008,97.28709223210454,0.0,222.33195044782067
2,0.020791682164204968,0.01904776693959014,45.812445315678474,0.0073493896088717755,230.11192950821047
