PrincipalComponent,coi,c1i,a1i,c2i,a2i
1,0.8861130894268567,1.3753484457503653,84.06380304303978,0.04883815362569726,223.50095426919538
2,0.01394261635124305,0.10382395028279152,43.760171820312706,0.07855723756415468,227.3683900437936
