PrincipalComponent,coi,c1i,a1i,c2i,a2i
1,0.9122900760173797,1.6647017417356287,93.25000967435878,0.0,222.00702957828682
2,0.02137078656315849,0.043072473038905705,45.04734456338118,0.038442943068089146,229.04383232346666
