PrincipalComponent,coi,c1i,a1i,c2i,a2i
1,0.940641952998866,1.6479119028371596,96.57142089287039,0.0,222.75801987351343
2,0.021155137300037874,0.015500607706920182,45.77219492574996,0.005398097475415748,230.09829657622407
