PrincipalComponent,coi,c1i,a1i,c2i,a2i
1,0.947865608591667,1.5859697879370673,93.0611943184945,6.381120724346731e-17,222.32796339768126
2,0.02410830917281158,0.05001969316250471,45.041817532508496,0.058908692314337784,229.08957702440435
