PrincipalComponent,coi,c1i,a1i,c2i,a2i
1,0.9529930644014697,1.6608195781246067,98.45779230194087,0.0,221.6891273444185
2,0.02131153553902101,0.02650916758457576,45.93897659582036,0.014114216105861286,230.20302813348744
