PrincipalComponent,coi,c1i,a1i,c2i,a2i
1,0.9538547307914854,1.6590104178022367,98.02385097291406,3.375522824136956e-17,221.88313264562274
2,0.020800609011711865,0.025077464734278812,45.89297557771289,0.01180054319713872,230.14992120664368
