PrincipalComponent,coi,c1i,a1i,c2i,a2i
1,0.9181461293507607,1.6045221984410802,93.30718902609017,2.2129798872906145e-17,223.66346439880684
2,0.01936059419721036,0.01724945623115322,45.34538552214305,0.0,229.61808766322213
