PrincipalComponent,coi,c1i,a1i,c2i,a2i
1,0.9231121678880025,1.3939203023873334,88.15156350066931,0.018653055244234464,223.6682379273714
2,0.01749403478204624,0.1048897644975195,44.59082162707558,0.06272499102965326,228.40194609292507
