PrincipalComponent,coi,c1i,a1i,c2i,a2i
1,0.9202368546298928,1.6124008197393542,93.37400876398685,0.0,223.5577001780425
2,0.019822580651425586,0.01576846009547599,45.32224611123596,0.0008955312589297243,229.59041180325502
