PrincipalComponent,coi,c1i,a1i,c2i,a2i
1,0.9200497818484241,1.5957665994743362,93.5628078320581,2.664778300513526e-17,223.60325058522028
2,0.02006215900104742,0.017943366577507943,45.406590107379145,1.4134969885852573e-17,229.66617004804928
