PrincipalComponent,coi,c1i,a1i,c2i,a2i
1,0.933096778972228,1.639319393459684,95.02552855072094,1.0692391591547678e-16,223.0824060368052
2,0.021166850349052323,0.013524662461675828,45.51297524870627,0.003418150362253249,229.81621120015575
