PrincipalComponent,coi,c1i,a1i,c2i,a2i
1,0.9253301343086121,1.6255196584141025,93.83975957338379,4.1090862409201196e-17,223.2965272553599
2,0.020941181505152506,0.012630468083595034,45.32808512905868,0.0030919854975949112,229.607172561085
