PrincipalComponent,coi,c1i,a1i,c2i,a2i
1,0.9483709589132617,1.6614671936529393,98.77215930935506,5.23116825752804e-18,221.45260246602635
2,0.021892192576129503,0.03038578627538064,45.98071175642945,0.01978790333149156,230.21774080443998
