PrincipalComponent,coi,c1i,a1i,c2i,a2i
1,0.9423490875508996,1.662411957768919,97.9513716636329,3.5712142098881044e-17,221.47799229958363
2,0.02110814158957914,0.03551952898459371,45.83900582196575,0.024637189808331815,230.0236904713625
