PrincipalComponent,coi,c1i,a1i,c2i,a2i
1,0.8863687756042452,1.4906285608711716,88.71957391509932,0.007758763378528293,223.49108814545693
2,0.01606843073661528,0.10470443829647125,44.742145959741606,0.058476646464028226,228.47105299831722
