PrincipalComponent,coi,c1i,a1i,c2i,a2i
1,0.9382315500837255,1.4468111020645065,90.30502463571445,0.0,223.38401190766547
2,0.018144761468990408,0.09017158697450191,44.8647341424581,0.054938168094276214,228.80862905611778
