PrincipalComponent,coi,c1i,a1i,c2i,a2i
1,0.9018178860455471,1.537655572780313,90.24076042192047,3.631221829944852e-18,222.9767114430898
2,0.018799035281235235,0.07865534820020605,44.846748998114,0.05911591012105261,228.66153889738527
