PrincipalComponent,coi,c1i,a1i,c2i,a2i
1,0.9618710401435213,1.6946237666664932,100.0,4.1600519594282975e-17,220.50519583785652
2,0.02043257612763482,0.025393436539253026,45.912325369314054,0.00948405615308639,230.1951360321413
