PrincipalComponent,coi,c1i,a1i,c2i,a2i
1,0.9655291069947822,1.6271683871526168,94.59443202293873,0.0,221.698465750153
2,0.020499268403097674,0.04067589462396149,45.15274989712812,0.04173784196007386,229.2423671219863
