PrincipalComponent,coi,c1i,a1i,c2i,a2i
1,0.9665493737940795,1.687920505776868,99.3309490578915,8.857113618845331e-17,221.1292844327988
2,0.021160445916661705,0.02057901189315528,45.892794598010006,0.005289767148447921,230.21176208391273
