PrincipalComponent,coi,c1i,a1i,c2i,a2i
1,0.9661390846372256,1.6909093808409388,99.75304744478665,8.30188567356474e-17,220.94493648020995
2,0.020932858484305476,0.021905924625140807,45.93165099024463,0.006581783306102364,230.26059813654402
