PrincipalComponent,coi,c1i,a1i,c2i,a2i
1,0.934866112722608,1.642515147970589,95.18711971164349,8.735293741744602e-17,222.6201690063872
2,0.02386466649797862,0.01479718541921871,45.44130554794977,0.0035113342517130077,229.71158650055136
