PrincipalComponent,coi,c1i,a1i,c2i,a2i
1,0.94303198335789,1.6588663365808842,96.3054664864679,0.0,222.39186295781067
2,0.023768078951870032,0.013765384259549021,45.586368052808766,0.002862464634084973,229.897470512176
