PrincipalComponent,coi,c1i,a1i,c2i,a2i
1,0.9615036563839033,1.6794139291541539,98.59222785514054,1.3410422578670972e-17,221.6347329918784
2,0.02201248410649581,0.01668999800710471,45.85778382833679,0.0032569029728494784,230.19368161034947
