PrincipalComponent,coi,c1i,a1i,c2i,a2i
1,0.9292462248007171,1.627047700958169,94.74163836776313,0.0,222.81179525299362
2,0.023279252674625307,0.01935934639890546,45.434366720819455,0.0023917756017409033,229.68034380351364
