PrincipalComponent,coi,c1i,a1i,c2i,a2i
1,0.9013221171245451,1.4280204319698984,86.60551132244882,0.0268473434760923,223.39083674276526
2,0.01431295863140326,0.09497727894184449,44.16830375815601,0.06691626549987688,227.92318952992454
