PrincipalComponent,coi,c1i,a1i,c2i,a2i
1,0.9287295364245974,1.702781342514195,94.66682745832726,9.527023432315166e-17,221.2957517933541
2,0.01903789278689369,0.03421776568170987,45.06300165246704,0.024521900048963364,229.13828856027897
