PrincipalComponent,coi,c1i,a1i,c2i,a2i
1,0.9584233885660618,1.5445706498950824,96.38723284381955,1.19390235321448e-17,221.96224780459437
2,0.026972819637360146,0.05500728829375401,45.79608403831472,0.05538347492350659,229.8270785350032
