PrincipalComponent,coi,c1i,a1i,c2i,a2i
1,0.95116847528015,1.6702914265518891,97.80393050838437,0.0,221.96151545250382
2,0.022896845337115963,0.014586987274300854,45.79558083541376,0.0029882943292035146,230.11964363239778
