PrincipalComponent,coi,c1i,a1i,c2i,a2i
1,0.9288020997677534,1.6088560180691707,94.96735282662856,7.675420461461276e-19,222.86905901381294
2,0.02320689424264283,0.024548671384147028,45.51503633751154,7.63730098512799e-18,229.76992243786654
