PrincipalComponent,coi,c1i,a1i,c2i,a2i
1,0.9271735388778201,1.6182642424377816,94.72050439816213,8.45327790845225e-17,222.8904471259598
2,0.022513880597292393,0.022514519991166233,45.467014741362235,0.0008143270684474133,229.71057639464405
