PrincipalComponent,coi,c1i,a1i,c2i,a2i
1,0.9372592612004321,1.6223154269223425,95.88198073398986,9.350083849491144e-17,222.4994314234697
2,0.03255347074034548,0.04413302111352898,45.73424319802612,0.009314424166205131,229.84580217728887
