PrincipalComponent,coi,c1i,a1i,c2i,a2i
1,0.9836683827447209,1.7217150264252852,99.94173637364025,1.8052396146158112e-16,220.70518302479192
2,0.02678051160874253,0.017642093802345077,45.83760638859203,0.003931440636322514,230.17810511971325
