PrincipalComponent,coi,c1i,a1i,c2i,a2i
1,0.9795951805450149,1.745330004554113,99.95539266799398,5.004986523575234e-17,220.4468109389679
2,0.02111418522478909,0.01820058510131925,45.7556787161337,0.002646878256400484,230.09104884239497
