PrincipalComponent,coi,c1i,a1i,c2i,a2i
1,0.9230555288166207,1.517964593365757,88.57649596207328,4.469151728979734e-17,223.28721249288574
2,0.020865245890649614,0.06487680681921562,44.36666685738335,0.05177499953735348,228.32356698897354
