PrincipalComponent,coi,c1i,a1i,c2i,a2i
1,0.9644994048856599,1.690237639396231,98.57889943322733,0.0,221.35054337397332
2,0.031395413559088425,0.021090617861273232,45.80932029093566,0.008296574395209685,230.0833524936204
