PrincipalComponent,coi,c1i,a1i,c2i,a2i
1,0.9385325364256463,1.611865698239613,96.19509185338181,0.0,222.48155424837677
2,0.03329296856228705,0.04791999397182836,45.822910369366824,0.008126812719266352,229.9258141028853
