PrincipalComponent,coi,c1i,a1i,c2i,a2i
1,0.9280282253124881,1.6142675835958014,91.06331336711213,7.952478244434392e-18,222.64044943326493
2,0.020747243252045352,0.042342318144584716,44.73762263201708,0.04049778114589456,228.7041672858089
