PrincipalComponent,coi,c1i,a1i,c2i,a2i
1,0.9763458692527047,1.7048568458514448,99.26501803072404,0.0,221.0530490143218
2,0.02965332508634552,0.018879254502765164,45.82326133445103,0.006105643649545038,230.13723850437768
