PrincipalComponent,coi,c1i,a1i,c2i,a2i
1,0.9393746601945472,1.6325315774602045,95.78590452055754,4.8453269880886145e-17,222.3512222440146
2,0.03359775280318037,0.038323913755417875,45.640926138187034,0.011777042907586213,229.7705960292437
