PrincipalComponent,coi,c1i,a1i,c2i,a2i
1,0.9821388399652574,1.7284329591920429,100.0,0.0,220.44420001305346
2,0.025963293025637737,0.017437611839662314,45.78481301510709,0.003291573470921955,230.11384329085914
