PrincipalComponent,coi,c1i,a1i,c2i,a2i
1,0.9544181979470421,1.6735681183062143,97.09085637380076,0.0,221.74218651617213
2,0.033525093464964455,0.02411980959208716,45.626328080316675,0.010576627838456143,229.85621631544137
