PrincipalComponent,coi,c1i,a1i,c2i,a2i
1,0.987398200361866,1.6207009943834685,97.19387182638977,1.556471878377948e-17,221.65034374308846
2,0.02384428085948648,0.028787457758262924,45.64794368302811,0.02702385354884893,229.8567108733706
