PrincipalComponent,coi,c1i,a1i,c2i,a2i
1,0.9455549076666859,1.652339802510007,96.09215292313993,0.0,222.0937755476163
2,0.033969177541077325,0.02945445588218093,45.56561061617087,0.012323144759692864,229.73889807688565
