PrincipalComponent,coi,c1i,a1i,c2i,a2i
1,0.9784552447583115,1.7391297574730138,100.0,0.0,220.12267453627075
2,0.02372623036732764,0.017984317004119982,45.704038676804814,0.0018801213571617947,230.02172071217495
