PrincipalComponent,coi,c1i,a1i,c2i,a2i
1,0.9930568883847204,1.6954265568753604,95.36761673636381,0.0,221.40842440983
2,0.01850122641414014,0.018076764005403815,45.01307685470422,0.01884651162968958,229.26262615088706
