PrincipalComponent,coi,c1i,a1i,c2i,a2i
1,0.9547042954221269,1.7599368270276525,95.39272947397511,1.6748494347179564e-17,221.21241862057806
2,0.017602392775779626,0.018206497807302078,45.010229475613954,0.008391983809865841,229.19928773845257
