PrincipalComponent,coi,c1i,a1i,c2i,a2i
1,1.004987612002618,1.7070234166434326,93.99724932046712,5.0667141403131524e-17,221.725827765248
2,0.0189456866395315,0.01114204758130696,44.71284903006947,0.010523220839963704,228.9948375291877
