PrincipalComponent,coi,c1i,a1i,c2i,a2i
1,0.9401572348509747,1.6004120735743992,94.56228895387962,1.309576642891117e-16,222.47197810588074
2,0.04216665882263819,0.06042521600994986,45.53669975513594,0.025248562472657755,229.5078256294731
