PrincipalComponent,coi,c1i,a1i,c2i,a2i
1,0.9393497688538505,1.5779431514535542,95.07084883456109,1.4376328905336597e-16,222.58868124641342
2,0.04164027748791841,0.07283781320886101,45.81330433873165,0.020549246878486832,229.70001604687425
