PrincipalComponent,coi,c1i,a1i,c2i,a2i
1,0.9630028480323096,1.7618532064922925,93.89064636962556,0.0,221.47662792173142
2,0.021144289889548386,0.014721820224966806,44.68269254351617,0.007947037751054594,228.90621869187154
