PrincipalComponent,coi,c1i,a1i,c2i,a2i
1,0.9664580809236325,1.6659059677882606,97.03965774917455,1.2246530756382748e-17,221.4781679438249
2,0.03968801683667128,0.0336903379091294,45.60745073663102,0.021858368047226587,229.73403951499117
