PrincipalComponent,coi,c1i,a1i,c2i,a2i
1,0.9889841369657004,1.714084552844422,98.64085698944362,0.0,220.67370086992355
2,0.03269959517804194,0.020073767205797045,45.5739337236739,0.013908783144284195,229.83858653627834
