PrincipalComponent,coi,c1i,a1i,c2i,a2i
1,0.9880542778550633,1.7280244097710606,99.03573657324837,0.0,220.388247747228
2,0.029650122679899832,0.018944749720629702,45.556825694484836,0.009475318474914772,229.84228969374084
