PrincipalComponent,coi,c1i,a1i,c2i,a2i
1,0.9879023096821141,1.7067004609739953,98.23633778345881,0.0,220.97355486143286
2,0.0336282027239437,0.021883101765156614,45.59142945314658,0.015207825313020338,229.83317671237782
