PrincipalComponent,coi,c1i,a1i,c2i,a2i
1,0.9791331886675965,1.684295532302129,97.6467336934027,0.0,221.30874563137527
2,0.03718282140718985,0.028165570817124924,45.606358711332135,0.018953706627394293,229.80767744256207
