PrincipalComponent,coi,c1i,a1i,c2i,a2i
1,0.98583168339202,1.7400625322768861,98.30106240961457,0.0,220.56346948354675
2,0.026446685216760853,0.01764020472990935,45.4078919413176,0.007205564195202327,229.70427793941698
