PrincipalComponent,coi,c1i,a1i,c2i,a2i
1,0.938128887925073,1.5891734216075222,94.7414223109314,8.520156660715399e-18,222.57721477996768
2,0.04139074811892205,0.06716007002769292,45.68435516094385,0.02260144399717813,229.60237159963017
