PrincipalComponent,coi,c1i,a1i,c2i,a2i
1,0.955813295032201,1.646123393549581,95.64627006029825,0.0,221.88957232918384
2,0.042169964511323176,0.03948069154179009,45.42459167610117,0.025232846067066095,229.5392447691155
