PrincipalComponent,coi,c1i,a1i,c2i,a2i
1,0.9399955811256059,1.6447894780441765,89.86873973533575,2.2100250481388383e-16,222.62615677587576
2,0.021593577755853906,0.027255992503861744,44.3056123729369,0.01877859921593923,228.37790486505543
