PrincipalComponent,coi,c1i,a1i,c2i,a2i
1,0.9463546357435932,1.6224134480829628,94.64938000528885,0.0,222.25369920113897
2,0.0424132117802483,0.048043600006781144,45.40690395378231,0.0269417419857429,229.44397707135337
