PrincipalComponent,coi,c1i,a1i,c2i,a2i
1,0.9981822427656619,1.6447806876436584,95.8324155373645,0.0,221.81753440323612
2,0.0263873204368401,0.015799936588860038,45.24675384091243,0.009631986265849872,229.53974940580747
