PrincipalComponent,coi,c1i,a1i,c2i,a2i
1,0.9740733318618869,1.5534075303137047,89.58900699557358,0.0,222.8227764380024
2,0.02747268297865792,0.021393013169421517,44.28060351669947,0.03385082753587909,228.39580676300722
