PrincipalComponent,coi,c1i,a1i,c2i,a2i
1,0.9312357404563857,1.5509352723315692,87.10491079674767,7.871686192630346e-17,223.04934896225123
2,0.03001171455074018,0.030464282062067694,43.90329184340336,0.04778608494249658,227.89071257787938
