PrincipalComponent,coi,c1i,a1i,c2i,a2i
1,0.9471728723050591,1.6491013555859275,96.18977544753118,0.0,222.07453338640866
2,0.026385714541876798,0.019246305361144717,45.50756267655696,0.00625148124649105,229.7719008903391
