PrincipalComponent,coi,c1i,a1i,c2i,a2i
1,0.9417312971194743,1.6316030015304215,95.84926284050746,0.0,222.3422695769443
2,0.025967383771006033,0.0255382372622305,45.558614192340016,0.005286170439439971,229.79061680606262
