PrincipalComponent,coi,c1i,a1i,c2i,a2i
1,0.9645563443126952,1.681042275428143,98.78624375082399,4.2160673371312443e-17,221.3590935145862
2,0.024774924658518285,0.016289893231583683,45.82341285600617,0.003598626675791307,230.15428588302498
