PrincipalComponent,coi,c1i,a1i,c2i,a2i
1,0.9409687616931618,1.6124642298892928,96.12607845178094,1.3618906907111677e-16,222.51213815351224
2,0.025631980439925123,0.03282661505087513,45.72222505203326,0.0021564145619525103,229.93174646330155
