PrincipalComponent,coi,c1i,a1i,c2i,a2i
1,0.9392414046587146,1.6223083933210434,95.80325241756044,8.952265057540745e-17,222.4595140853769
2,0.02529371132521856,0.029312563784401613,45.61386216252668,0.0037615337308330656,229.82882887576181
