PrincipalComponent,coi,c1i,a1i,c2i,a2i
1,0.9772603932453986,1.710218622152706,100.0,0.0,220.31225557401544
2,0.021481910958274186,0.019311037519935105,45.779074105621554,0.004188333378753967,230.10292295622656
