PrincipalComponent,coi,c1i,a1i,c2i,a2i
1,0.9558338481719537,1.6674100746240663,97.29975709847493,0.0,221.8545370589725
2,0.025828063358066644,0.017108568083265795,45.64556392525228,0.004692020609633312,229.95641141981758
