PrincipalComponent,coi,c1i,a1i,c2i,a2i
1,0.9729452858958452,1.7193059207473953,100.0,0.0,220.10854812865193
2,0.01872992385149308,0.023742307556204312,45.7471122928205,0.008259505650467592,230.04388556714102
