PrincipalComponent,coi,c1i,a1i,c2i,a2i
1,0.9466519810129765,1.7272985198229467,95.55004551988512,0.0,220.936766566305
2,0.017783653801959287,0.02604602182226039,45.06334681616381,0.01851273240757831,229.19843621775922
