PrincipalComponent,coi,c1i,a1i,c2i,a2i
1,0.9843096373077973,1.6551419295669356,95.51346947436745,0.0,221.24417481074707
2,0.018467836022533296,0.03089619923104789,45.12153769643603,0.03331506327644001,229.29337784317835
