PrincipalComponent,coi,c1i,a1i,c2i,a2i
1,0.9778196365931672,1.574669864296104,97.32856037575584,4.2798875966975534e-17,221.5489049819586
2,0.02445547511914732,0.04403184469717122,45.77941798900128,0.04573333400977907,229.90302834261658
