PrincipalComponent,coi,c1i,a1i,c2i,a2i
1,0.9193293976311291,1.566881088975513,91.02013960221569,6.74673646284187e-17,222.68104877386025
2,0.020673729242781838,0.05776545694317195,44.85532286460211,0.06036067399870455,228.73351029691779
