PrincipalComponent,coi,c1i,a1i,c2i,a2i
1,0.9186640607393126,1.4631482551032526,88.13915467425275,0.013785832064314392,223.28332803608936
2,0.014779346221939337,0.08563739390164567,44.371527305802196,0.061006472746851836,228.23378589404462
