PrincipalComponent,coi,c1i,a1i,c2i,a2i
1,0.9348511329884513,1.613337023829522,92.02777872750133,5.812653838387103e-17,222.42454263103772
2,0.0473527677437453,0.05761409100628141,44.921608575734126,0.057864476874711114,228.8226849407903
