PrincipalComponent,coi,c1i,a1i,c2i,a2i
1,0.9155545212369817,1.565542761312283,89.86319591008208,7.361935138691886e-17,223.02263156035488
2,0.047672894367028124,0.08160050245467075,44.80709976265002,0.05892586167038082,228.52075529036517
