PrincipalComponent,coi,c1i,a1i,c2i,a2i
1,0.9592157242147851,1.672198540026657,93.58624079226654,6.386167427568706e-17,221.91421379866995
2,0.03922340590673604,0.03613302933509928,44.94436397023929,0.04483692945393312,229.00169548929904
