PrincipalComponent,coi,c1i,a1i,c2i,a2i
1,0.923980870914597,1.5915424823592164,90.65290934156583,2.281573309003749e-18,222.78721480012825
2,0.04953285520387358,0.06565539092718635,44.815684540090594,0.06200954279782323,228.61548893413712
