PrincipalComponent,coi,c1i,a1i,c2i,a2i
1,0.9596437239953426,1.6906266673343295,94.06290007874993,1.2099002357635286e-17,221.61929670789056
2,0.03576529985177832,0.032042241669831016,44.97086829832297,0.03736326843542391,229.03273855699
