PrincipalComponent,coi,c1i,a1i,c2i,a2i
1,0.9086541433502299,1.5422249637054382,89.74710021859309,0.0,223.28728132821252
2,0.0477132205658562,0.09581250634410664,45.04951801073303,0.05730687118844514,228.60719522784072
