PrincipalComponent,coi,c1i,a1i,c2i,a2i
1,0.957573095054017,1.6627220307574815,93.13971510344145,1.190281136346542e-16,221.97701180519124
2,0.04108610148986051,0.03791121340874303,44.895202565235365,0.04830078538510745,228.9227689150041
