PrincipalComponent,coi,c1i,a1i,c2i,a2i
1,0.9476891506468494,1.634923834337148,92.61005976418112,0.0,222.28628442811407
2,0.04496064978534857,0.04952924529731764,44.926097673909496,0.0534422301197475,228.89923527182432
