PrincipalComponent,coi,c1i,a1i,c2i,a2i
1,0.9075710493932715,1.5187769603757277,90.20141508211462,1.7272877985666562e-17,223.43959587004917
2,0.04854469331668333,0.10665356478272527,45.444955202581525,0.05453142762797629,228.80784345025563
