PrincipalComponent,coi,c1i,a1i,c2i,a2i
1,0.9063796946676148,1.5303835613088175,89.8971352038506,0.0,223.385097321223
2,0.04775270957410416,0.10107195263266149,45.258502970297215,0.056776370288927694,228.70357516459472
