PrincipalComponent,coi,c1i,a1i,c2i,a2i
1,0.9578214965283175,1.7074153544671375,93.39246824937325,0.0,221.67275362950514
2,0.031912897621754435,0.029032171785799955,44.78951229429532,0.031811802877343934,228.86911282000827
