PrincipalComponent,coi,c1i,a1i,c2i,a2i
1,0.977997494996178,1.697620927304769,89.58670709824013,8.348338691849302e-17,222.2729033363663
2,0.02402238153101671,0.014733705243904244,43.98888457606563,0.01730780134793432,228.104200287052
