PrincipalComponent,coi,c1i,a1i,c2i,a2i
1,0.935464033803282,1.7393131341545929,89.37255071530254,2.0466459200824762e-16,221.90734404272513
2,0.024826669423004794,0.0246177811087483,43.972217733537924,0.025085181417544542,227.95891318424194
