PrincipalComponent,coi,c1i,a1i,c2i,a2i
1,0.9157612416792253,1.664895714366132,86.11026604845536,3.281788217962601e-18,222.7861451062333
2,0.02390102644444146,0.02296982510159,43.49891505843185,0.0007012964016437216,227.51260765968343
