PrincipalComponent,coi,c1i,a1i,c2i,a2i
1,0.976002696255559,1.6516208709828704,91.49449335214926,0.0,222.60537199693528
2,0.02812771264926146,0.013229040298468121,44.52451429661441,0.002236491999110465,228.73008941644676
