PrincipalComponent,coi,c1i,a1i,c2i,a2i
1,0.9064910521204362,1.5837433062808703,83.51496326307728,2.38585123393035e-17,223.0106577205671
2,0.03426732653436766,0.018028073954434953,43.09675977094205,0.024027917906576005,227.01667848546296
