PrincipalComponent,coi,c1i,a1i,c2i,a2i
1,0.3441182204711665,2.9379930254506304e-18,28.99353987810421,1.8844994852607362,210.38257910066758
2,0.006028905736349321,0.02047527101922346,28.92227016558828,0.048572058619399214,209.95907803424814
