PrincipalComponent,coi,c1i,a1i,c2i,a2i
1,0.31015409677990424,0.0706220171405928,28.98007406760775,1.726967518852966,210.37468928071164
2,0.010698291448163186,0.03694726530204281,28.908868342384874,0.10848339801458137,209.9531837597437
