PrincipalComponent,coi,c1i,a1i,c2i,a2i
1,0.22885095408153236,0.17338417501501516,28.94942138699967,1.3251091955687988,210.23003274347417
2,0.09270198832792051,0.07246396931280538,28.86977447306182,0.6516262835705856,209.79647934191453
