PrincipalComponent,coi,c1i,a1i,c2i,a2i
1,0.27525613447339137,0.3599165367930006,100.0,1.1146099763943804,185.7966439728266
2,0.04074107942468034,0.056997752983562584,37.54659487203632,0.44117674523976225,226.35007361745724
