PrincipalComponent,coi,c1i,a1i,c2i,a2i
1,0.28275321408262194,0.12850878618633269,28.978065392049608,1.599305221101674,210.38056399159012
2,0.01480997289188289,0.04897633855215533,28.906375037126416,0.17911561979609852,209.95564969967967
