PrincipalComponent,coi,c1i,a1i,c2i,a2i
1,0.2712312459685483,0.1956237266340647,62.56545297031091,1.3534447785415193,191.0273042856612
2,0.026626320700410187,0.053491739846286954,29.907150972597822,0.3657342058308267,215.83146175772433
