PrincipalComponent,coi,c1i,a1i,c2i,a2i
1,0.21379229896008334,0.2014183881778163,28.97327084938234,1.3279271345529124,210.231011806635
2,0.09395404147884324,0.03459658582446008,28.892996541262153,0.6698976237787319,209.81354902996108
