PrincipalComponent,coi,c1i,a1i,c2i,a2i
1,0.35587794318372046,5.5842245427523255e-18,41.23102728310599,2.1254440589433705,245.1902178458483
2,0.0023598337781977753,0.0030054129052123776,41.06295363585363,0.008999967555597581,223.45570802442316
