PrincipalComponent,coi,c1i,a1i,c2i,a2i
1,0.26984015102049586,0.46377755529203035,100.0,0.9871073488365885,194.9410959439689
2,0.051153929041274894,0.04999294400040597,40.440159805490346,0.4987381354335226,229.56271793774593
