PrincipalComponent,coi,c1i,a1i,c2i,a2i
1,0.243746429014001,0.3129431637507044,58.615798085265524,1.174439334322573,206.02808408607112
2,0.06913260476054475,0.023320947257751592,34.87832818954862,0.5764913586956938,220.23230388241757
