PrincipalComponent,coi,c1i,a1i,c2i,a2i
1,0.27416521276314787,0.2299674438541472,72.78653005266044,1.29029210027542,189.34038928216242
2,0.03190717179021982,0.05331579656104175,32.081073702452876,0.3945113262567828,218.39704414566395
