PrincipalComponent,coi,c1i,a1i,c2i,a2i
1,0.2577992850929474,0.1747220692138969,28.981656047890834,1.5144159150758558,210.37604169288346
2,0.017389407970314456,0.05814044604437173,28.909709369358286,0.25170833714003965,209.95415022442273
