PrincipalComponent,coi,c1i,a1i,c2i,a2i
1,0.26905292497521216,0.4307368290276836,100.0,0.9832644696452831,195.37511397634225
2,0.08781508474372254,0.023790089734882648,44.11078040604747,0.6513760498261149,237.95130919279043
