PrincipalComponent,coi,c1i,a1i,c2i,a2i
1,0.23854944176882706,0.1450058607121855,28.936673062018233,1.3240759690549124,210.23819665377192
2,0.09292670888228574,0.10382562011570834,28.8570763337134,0.6319724836872267,209.7899692385729
