PrincipalComponent,coi,c1i,a1i,c2i,a2i
1,0.17487200316751886,0.0,48.86526301186698,1.1072648925220312,250.0
