PrincipalComponent,coi,c1i,a1i,c2i,a2i
1,0.2511958542457412,0.5429630412588509,100.0,0.9208472412896375,201.32038324221492
2,0.05050809355523339,0.03725195533668869,42.225856547386755,0.5037606764278779,232.44048075179563
