PrincipalComponent,coi,c1i,a1i,c2i,a2i
1,0.25951470324884307,0.46060198226980137,100.0,1.0194568801465567,195.770728212381
2,0.04334075866608835,0.03982464737608579,39.75150413706257,0.45334527125127033,230.8989048777432
