PrincipalComponent,coi,c1i,a1i,c2i,a2i
1,0.2594808042512436,0.36304299454450695,91.28169313552642,1.1414122038515793,194.28604138473705
2,0.03838573632494673,0.04013755050188029,36.81112615617132,0.4238899821114898,227.87380782720604
