PrincipalComponent,coi,c1i,a1i,c2i,a2i
1,0.23002969478108634,0.20236165031598033,28.98709855414733,1.4681981194634643,210.36575006682682
2,0.02519006318165029,0.04392649648924574,28.913988712361572,0.3090894358541395,209.9477688744608
