PrincipalComponent,coi,c1i,a1i,c2i,a2i
1,0.24410331805990276,0.5011244507329465,91.5040002560055,0.917309662874147,209.87888842465543
2,0.09383491037357751,0.00851359863557195,46.15746575408069,0.7055200056047611,240.67851814797646
