PrincipalComponent,coi,c1i,a1i,c2i,a2i
1,0.2465573137012103,0.6090500149533856,100.0,0.8264951392244588,207.63915095273313
2,0.06072055107093315,0.028706687441817837,44.929497850988334,0.5632738077927237,234.87984288780223
