PrincipalComponent,coi,c1i,a1i,c2i,a2i
1,0.16407377923385513,2.776906302214334e-18,48.9280026850551,1.1258625430224454,250.0
