PrincipalComponent,coi,c1i,a1i,c2i,a2i
1,0.25560896779513465,0.15301642474902466,28.98290674737796,1.5545323342551378,210.37256870117378
2,0.021916409330665416,0.03801158246863753,28.910726998191073,0.2349444065187757,209.94945682272194
