PrincipalComponent,coi,c1i,a1i,c2i,a2i
1,0.33750893384784464,2.3103708779787086e-19,41.36741242922469,2.113951367152368,245.5164844064568
2,0.007614155327149175,0.007135601774251204,41.189730098042205,0.03641963664615546,223.58666043666238
