PrincipalComponent,coi,c1i,a1i,c2i,a2i
1,0.3333904195489007,0.0,42.956478635393886,2.22009347528079,250.0
2,0.003836925289070415,0.002749351208845075,42.77554641580813,0.010943334109853967,225.29769989202816
