PrincipalComponent,coi,c1i,a1i,c2i,a2i
1,0.20763417434535053,0.19781773874667438,28.950612800943905,1.3054070785000838,210.21350479578993
2,0.09350745765726998,0.06208489967268453,28.86959645991314,0.6821306380634298,209.7807468319254
