PrincipalComponent,coi,c1i,a1i,c2i,a2i
1,0.24594071281725008,0.6141704193288021,100.0,0.7951579187407184,212.39312840737554
2,0.08024867461527999,0.012896234276216138,48.105747505798156,0.6423257127330283,240.09673636490868
