PrincipalComponent,coi,c1i,a1i,c2i,a2i
1,0.32374302776059666,0.004754446484085078,28.999056123028787,1.8556455204326159,210.37633455732598
2,0.012488956540929842,0.01975700844679966,28.927906915959014,0.09322879916257515,209.9537837886731
