PrincipalComponent,coi,c1i,a1i,c2i,a2i
1,0.21982148927725656,0.16431229291040336,28.940365490125952,1.3137735924857383,210.2282445177239
2,0.09123626672135539,0.09859691919424692,28.859921934595842,0.6530974653868211,209.7800179417073
