PrincipalComponent,coi,c1i,a1i,c2i,a2i
1,0.28316659969288077,0.09078315015210092,28.98434552044468,1.6855624293101998,210.36689330953752
2,0.01757699901017674,0.03040991006905634,28.913010131605777,0.1609659745635503,209.94641294315662
