PrincipalComponent,coi,c1i,a1i,c2i,a2i
1,0.26837130991533575,0.6132693063757112,100.0,0.826288737194515,203.18921710525316
2,0.06533283108856185,0.02986106885858265,43.6962913973412,0.5041972721269519,230.3380883965295
