PrincipalComponent,coi,c1i,a1i,c2i,a2i
1,0.2687807159653618,0.6191398529332793,100.0,0.8492898651100572,200.78381551100907
2,0.04614696834160418,0.04589973965871997,42.61874097074664,0.4276964578904855,227.78699843891832
