PrincipalComponent,coi,c1i,a1i,c2i,a2i
1,0.27193959502577886,0.18870869571203647,28.95847939099731,1.5605517394706943,210.3631667782783
2,0.01080627285637731,0.03799980417754559,28.88586006076031,0.1321218931253998,209.94634692507066
