PrincipalComponent,coi,c1i,a1i,c2i,a2i
1,0.22203623530931405,0.21431895358475475,28.93624425067909,1.3052811959771875,210.23100281393346
2,0.08486201010574579,0.08063417071835911,28.85711236686705,0.5857266803031416,209.80105352332953
