PrincipalComponent,coi,c1i,a1i,c2i,a2i
1,0.23213773811566318,0.18422654206230912,28.91915678533368,1.2982125132655833,210.23172264422817
2,0.08470314892117674,0.11363152294422015,28.84085602154752,0.5721542126171231,209.78778145445244
