PrincipalComponent,coi,c1i,a1i,c2i,a2i
1,0.24647535243573832,0.23448873889542368,28.965060358861155,1.4813033562351126,210.36720036499437
2,0.014301826620622994,0.047021469663511374,28.891963324587685,0.1993878597628838,209.94790491601458
