PrincipalComponent,coi,c1i,a1i,c2i,a2i
1,0.284506072141355,0.4155514176445803,100.0,1.106889645214172,185.29728076822016
2,0.026912912465556736,0.04804256940992196,37.73842397606636,0.30117559888300305,222.94267041736563
