PrincipalComponent,coi,c1i,a1i,c2i,a2i
1,0.20776927614601862,0.24364727503288383,28.974825137461078,1.31391738854115,210.2573024359568
2,0.08559013598835374,0.04109122691477683,28.89257282678763,0.5985308137368678,209.8415969663235
