PrincipalComponent,coi,c1i,a1i,c2i,a2i
1,0.2821148593957428,0.477214606276964,100.0,1.0322507409611787,189.3268772173829
2,0.030590272953054665,0.048881254387873746,39.26026635123343,0.3281178754466357,223.91848329530845
