PrincipalComponent,coi,c1i,a1i,c2i,a2i
1,0.16413094279994467,4.717342088906226e-18,28.954833385621196,0.9962001096299367,210.15729770500022
