PrincipalComponent,coi,c1i,a1i,c2i,a2i
1,0.26829385798255984,0.5595296477886509,100.0,0.8698348914182773,198.259977663138
2,0.08191435203808713,0.01960100074133066,43.21028057336987,0.576338799219628,231.0507560152737
