PrincipalComponent,coi,c1i,a1i,c2i,a2i
1,0.27282295536175655,0.5599860664568234,100.0,0.9352049274259516,195.29165452798767
2,0.037634019879367396,0.05053673527846538,41.14071522662935,0.37380044255872585,225.85359304398497
