PrincipalComponent,coi,c1i,a1i,c2i,a2i
1,0.29959132086817425,0.13112724942628975,28.963038661509923,1.6811075009798389,210.36768649909425
2,0.006551438645448271,0.02554016726371904,28.891315324985623,0.06867615753086095,209.94748369832047
