PrincipalComponent,coi,c1i,a1i,c2i,a2i
1,0.3388213620647063,0.049412465299675336,28.97698927063308,1.8322678649178716,210.37689663560857
2,0.0027884920023155658,0.010626054054099467,28.90579364216104,0.019792768036903854,209.95456099665734
