PrincipalComponent,coi,c1i,a1i,c2i,a2i
1,0.2699960791832778,0.9714231025595895,100.0,0.5712006373959054,213.34609112861585
2,0.02751238036600956,0.04464832273998351,46.37566165756745,0.23635322615739798,229.04895194853194
