PrincipalComponent,coi,c1i,a1i,c2i,a2i
1,0.26766669080741473,0.9604514291462596,100.0,0.5302343234319357,215.22940839621643
2,0.052755991187842036,0.03178581104610449,46.654930774465775,0.34964053698587727,229.6692880625815
