PrincipalComponent,coi,c1i,a1i,c2i,a2i
1,0.27722469793030957,0.940924547713367,100.0,0.6148400740418923,211.60066315646785
2,0.022550967174957574,0.03762843255582314,45.79594953543906,0.20162807746801892,228.56222216289893
