PrincipalComponent,coi,c1i,a1i,c2i,a2i
1,0.32807023092755827,0.284255247614353,100.0,1.369600698132698,165.03393604853005
2,0.0035447028271022776,0.004689703773596035,33.09658220581669,0.017269937852309,214.69442697977104
