PrincipalComponent,coi,c1i,a1i,c2i,a2i
1,0.27677299482490575,0.6924827749437785,100.0,0.7740727067598676,201.11839844038673
2,0.07343363251522393,0.07735388999263265,45.07516054413188,0.4327815493942948,224.55925874042612
