PrincipalComponent,coi,c1i,a1i,c2i,a2i
1,0.3118905478423443,0.6878196108389427,100.0,0.9360024858375293,192.28263604168214
2,0.008100376215831711,0.015147068055607374,40.40899321238178,0.055327563239919955,222.9149379252975
