PrincipalComponent,coi,c1i,a1i,c2i,a2i
1,0.21499356169948483,0.29317930236971945,28.902878267810845,1.2556341211547517,210.23961586710112
2,0.06349059600240187,0.14405105320681422,28.82605439068844,0.4354247511838634,209.81528906998454
