PrincipalComponent,coi,c1i,a1i,c2i,a2i
1,0.27840165008950535,0.9179188731599666,100.0,0.6514000046041926,210.4956993377579
2,0.019769408010935453,0.03440508959068268,45.41027982767051,0.1803075769902059,228.31245028829568
