PrincipalComponent,coi,c1i,a1i,c2i,a2i
1,0.2022250613217953,0.33195410242726414,28.928688766569934,1.2677877203759589,210.25861971393732
2,0.06694601398035485,0.10164563887918879,28.85116616511048,0.44403035168419236,209.8427273594457
