PrincipalComponent,coi,c1i,a1i,c2i,a2i
1,0.15214763773121473,0.09872081121781114,28.91634390461205,0.8365159673280749,210.16283949048395
