PrincipalComponent,coi,c1i,a1i,c2i,a2i
1,0.26791021911970525,0.9061054172070298,100.0,0.5762978056386759,211.94789142521014
2,0.06699071669156768,0.029949659686313312,45.76927996926928,0.4158093009066172,228.87001617585483
