PrincipalComponent,coi,c1i,a1i,c2i,a2i
1,0.2671067040553082,0.9922215189638383,100.0,0.5239218176798881,215.1317238616027
2,0.03511016924595586,0.043654660498429615,46.795405968568815,0.2818504777069743,229.5270881327887
