PrincipalComponent,coi,c1i,a1i,c2i,a2i
1,0.21680631720973875,0.43631010459671005,39.97203822793177,1.2082110425159736,210.75574002668435
2,0.05446308884174395,0.1133539992702264,32.726627425711094,0.33041912550162783,212.76064757873175
