PrincipalComponent,coi,c1i,a1i,c2i,a2i
1,0.19649837529785097,0.3784524179515311,28.920930259855485,1.254008163447266,210.29758208858723
2,0.046922925716346445,0.15514977313242373,28.848241365401837,0.33486606921352735,209.88219991827378
