PrincipalComponent,coi,c1i,a1i,c2i,a2i
1,0.24818030049631778,0.6194808335043485,68.24179667032156,0.9933951285027377,212.23816294222752
2,0.057876410981440723,0.07373820477967111,39.169568943456966,0.3237316843649487,220.4177621427615
