PrincipalComponent,coi,c1i,a1i,c2i,a2i
1,0.2720690246719434,1.0498094898254295,94.085834592873,0.5841057661074343,218.05935244543855
2,0.01204790722914055,0.022133477005339054,45.98399620576276,0.09125442968322113,229.032905762032
