PrincipalComponent,coi,c1i,a1i,c2i,a2i
1,0.11664723919832592,0.1953985706949062,28.900745049572244,0.7343618648848675,210.17213175031208
