PrincipalComponent,coi,c1i,a1i,c2i,a2i
1,0.26948562926602004,1.0928864182978726,100.0,0.46282662737404034,218.6377402187547
2,0.05411161269844216,0.03429664257819529,47.52377344633787,0.28818424312049373,230.6495159391972
