PrincipalComponent,coi,c1i,a1i,c2i,a2i
1,0.2733270513065262,1.0940101653104886,95.95139857988647,0.5258857605504085,218.75722262529652
2,0.013516645628145979,0.026995980414704746,46.636351713244274,0.10614412353163778,229.6936259065978
