PrincipalComponent,coi,c1i,a1i,c2i,a2i
1,0.2676161053562348,1.13633239191565,97.36192089264127,0.47293371607677903,219.74014554363768
2,0.018145665623436488,0.03607948253024547,47.30515274962517,0.13174824695527387,230.31791874213638
