PrincipalComponent,coi,c1i,a1i,c2i,a2i
1,0.2934825027626607,0.9558515731689721,92.38355039770377,0.6902175275614585,215.66386665702453
2,0.00564615052155611,0.012931827079515984,44.885255414391075,0.03809641195488253,227.9142911169585
