PrincipalComponent,coi,c1i,a1i,c2i,a2i
1,0.247207802758778,0.868381920846463,78.10368319409662,0.757667779345429,217.77590334007496
2,0.0399830924925559,0.027126985737781252,42.217327527105546,0.2290314048088104,224.7231253275162
