PrincipalComponent,coi,c1i,a1i,c2i,a2i
1,0.2567988004576048,1.0203570462913572,88.42049700637656,0.5956641588034152,219.35674221132263
2,0.024670733172390318,0.035339000158755164,45.10393441173791,0.1704089656173352,227.85354555081662
