PrincipalComponent,coi,c1i,a1i,c2i,a2i
1,0.30585668363878304,0.9842454861638538,100.0,0.6542749658350675,210.3828594429205
2,0.0025435027278209107,0.004754976024100466,45.217935014452436,0.011575555557354624,228.3235139561771
