PrincipalComponent,coi,c1i,a1i,c2i,a2i
1,0.2306118765180234,0.90396312758966,68.3455739197565,0.850443917354149,218.12792412627786
2,0.019605625663551198,0.01835867599997309,40.02097118323587,0.10025039881086582,222.36335264797353
