PrincipalComponent,coi,c1i,a1i,c2i,a2i
1,0.22210430492494848,0.8260826246941089,62.602183266330265,0.9337907880559676,217.015101787709
2,0.03501494356964821,0.012466059113142778,38.38213594418154,0.15016007290918273,220.54675002879645
