PrincipalComponent,coi,c1i,a1i,c2i,a2i
1,0.1523345133974307,0.5574745083531278,97.5747041207037,0.2683868376294793,231.63780666794017
