PrincipalComponent,coi,c1i,a1i,c2i,a2i
1,0.24389650275900204,0.8802685146132596,69.99066044659706,0.8787776529010711,217.64748306366184
2,0.007716103459815972,0.008604145600562068,40.251464121854255,0.039330158840139205,222.69010237997233
