PrincipalComponent,coi,c1i,a1i,c2i,a2i
1,0.2333399590801453,0.8224643478048783,66.76506000882776,0.9119246080745709,216.92094898195398
2,0.04805900778410061,0.015457017812443208,39.31016236717807,0.20956893556337242,221.59788447195547
