PrincipalComponent,coi,c1i,a1i,c2i,a2i
1,0.2046486231759941,0.5336653532385531,40.74873035184253,1.1975000480601268,212.04427101008392
2,0.05113803946888438,0.09514801723007302,32.433561252215654,0.2651459957496776,213.453327614939
