PrincipalComponent,coi,c1i,a1i,c2i,a2i
1,0.26442580443407304,0.8150505237992597,68.55624044851962,0.9283238153875762,216.70074676089698
2,0.0026476955572765277,0.0023748968749657115,39.63890769731373,0.008308400862664718,222.05615423735415
