PrincipalComponent,coi,c1i,a1i,c2i,a2i
1,0.1995275192843246,0.4712961283012228,34.766420943388404,1.2210189746007318,211.94304784559316
2,0.04634914081389423,0.1436166379283282,32.11580176481214,0.26733675349350833,211.9359872810346
