PrincipalComponent,coi,c1i,a1i,c2i,a2i
1,0.2444339913646348,0.905543529982298,71.13615631067016,0.8467365880199103,218.00871580454273
2,0.009791341573989695,0.011599838911744863,40.618285246736235,0.050602395547553844,223.08148257750312
