PrincipalComponent,coi,c1i,a1i,c2i,a2i
1,0.23828545362241801,0.9269960495944657,71.54852376024938,0.8267587797746117,218.39702415960159
2,0.013781933877469659,0.018244286306577748,40.84050826426559,0.07015482059015728,223.28651871885722
