PrincipalComponent,coi,c1i,a1i,c2i,a2i
1,0.11898596430906423,0.40459859624340644,58.44911421585823,0.5095732429473306,222.12288880887812
