PrincipalComponent,coi,c1i,a1i,c2i,a2i
1,0.20977523767735737,0.8944732054543076,59.70913883128561,0.9730297319467661,217.23530158991855
2,0.014141789384151228,0.010285870605294742,37.773704597854966,0.05605752162943102,219.88272959525054
