PrincipalComponent,coi,c1i,a1i,c2i,a2i
1,0.22098065368579742,0.8768517181465822,60.63509234218535,0.9793954708474104,217.08788431281164
2,0.004942707509752173,0.005156199624665051,37.937800316885834,0.019742164260791315,220.09366233053143
