PrincipalComponent,coi,c1i,a1i,c2i,a2i
1,0.2165151212814344,0.9001948789263216,61.45180690291827,0.9635150760313418,217.414906515281
2,0.008309420414471727,0.010126150267735841,38.221688886332444,0.03341234330467787,220.39168761834028
