PrincipalComponent,coi,c1i,a1i,c2i,a2i
1,0.21980633715902276,0.8542402548621306,59.63090398223902,1.0034115666648087,216.82653729319935
2,0.003396740032987271,0.0032983556268996747,37.62532303581271,0.012567255608788469,219.75464780226847
