PrincipalComponent,coi,c1i,a1i,c2i,a2i
1,0.2151728085275168,0.820793619440518,58.26383152631446,1.0367243013236735,216.268863128128
2,0.039433132605751015,0.009283643047894561,37.17234311108455,0.15186987698776466,219.23525546283753
