PrincipalComponent,coi,c1i,a1i,c2i,a2i
1,0.19105425207939958,0.5346549161835021,35.10636518798763,1.2470941084968796,212.1337481458148
2,0.036540246657149875,0.13596132092203583,31.457298860449104,0.2238610302687956,212.10598019543252
