PrincipalComponent,coi,c1i,a1i,c2i,a2i
1,0.2091054585548773,0.7011555901337686,51.82434970645116,1.1435488847886686,214.4180737233223
2,0.046391755634721324,0.04250767603084459,35.20621273364671,0.2008448345666531,217.0282885073072
