PrincipalComponent,coi,c1i,a1i,c2i,a2i
1,0.20552770749192273,0.8404483226362334,56.00046689185694,1.0337692095025386,216.42288589312537
2,0.026866949687448672,0.005448001222663028,36.698602541050455,0.09758860709937005,218.68536588530748
