PrincipalComponent,coi,c1i,a1i,c2i,a2i
1,0.1949461134207834,0.5998308744499374,40.53325499625211,1.2269308388693085,212.5724317637509
2,0.043348545780188444,0.0862212808028684,32.20071783055912,0.2159391065897198,213.5885847249689
