PrincipalComponent,coi,c1i,a1i,c2i,a2i
1,0.20975889214261745,0.9884550246783806,63.962871565134876,0.954734054243625,218.07678460430995
2,0.0034343995661581844,0.0023807056528794973,38.99760614940418,0.006494188395708072,221.22116078398096
