PrincipalComponent,coi,c1i,a1i,c2i,a2i
1,0.21552922559797097,0.9052744691099585,60.73001895506038,1.0635446230298384,216.7902116164163
2,0.02739947103925217,0.0,37.90360045416514,0.09549658224963826,219.9964938583205
