PrincipalComponent,coi,c1i,a1i,c2i,a2i
1,0.1909924819309477,0.6038747018752542,37.64864632971544,1.28760977671351,212.32821095453463
2,0.026260024501746967,0.11469171228953513,31.77194602322933,0.1849864563788175,212.79802618958004
