PrincipalComponent,coi,c1i,a1i,c2i,a2i
1,0.21053427018934853,0.7955873459467077,55.40633254806134,1.1608278295226917,215.1382443598369
2,0.03653637169567605,0.024370641567427416,36.20833384191307,0.14886303942710705,218.14591569200658
