PrincipalComponent,coi,c1i,a1i,c2i,a2i
1,0.20230842553316714,0.9181093958985586,58.08930346851653,1.059388805125153,216.883535572536
2,0.01628341681062949,1.2584768032905596e-19,37.319873679984745,0.04824104579445392,219.34320627633127
