PrincipalComponent,coi,c1i,a1i,c2i,a2i
1,0.1959403525704713,0.6776637102582339,43.494608950705334,1.2615081350155732,213.1430643680796
2,0.033678350882414214,0.06531414579093954,32.94063282002589,0.17046122472935543,214.50654772895908
