PrincipalComponent,coi,c1i,a1i,c2i,a2i
1,0.20480043184850713,0.9797203658797529,62.10972702693641,0.9784628058879777,217.7940077141284
2,0.007337824086984066,0.0023799049302102287,38.49278592311477,0.01865512613327332,220.65196082496624
