PrincipalComponent,coi,c1i,a1i,c2i,a2i
1,0.2130795225792148,0.9613566899020587,63.2740673505931,0.9635433422859835,217.8501919445025
2,0.0013697932498927478,0.00010277860377498496,38.77211051704231,0.0012662432825773927,220.98523085960417
