PrincipalComponent,coi,c1i,a1i,c2i,a2i
1,0.10546522473209165,0.4779548001828002,62.71601004796937,0.48543958092890527,224.23065890677105
