PrincipalComponent,coi,c1i,a1i,c2i,a2i
1,0.10980244681976513,0.5116505317685361,66.01030934155871,0.4558579683486948,225.63771482160786
