PrincipalComponent,coi,c1i,a1i,c2i,a2i
1,0.21083169764985532,0.9468653440410627,59.642770683774074,1.0471422795376752,217.2078656808731
2,0.012433219497491455,0.0,37.76248469993042,0.036101517920224147,219.835064870742
