PrincipalComponent,coi,c1i,a1i,c2i,a2i
1,0.21961899588933267,0.8261004400228907,57.14421676391777,1.1532729779407462,215.47695888781806
2,0.032644533717379146,0.022019042551630143,36.685968804747624,0.13221484246662385,218.6790131467095
