PrincipalComponent,coi,c1i,a1i,c2i,a2i
1,0.19737811019242885,0.6224964091904808,38.57341259906772,1.2949861696894032,212.49095466248187
2,0.02402839619687552,0.1108142453737921,31.977947026992194,0.17078088341802983,213.07345492586506
