PrincipalComponent,coi,c1i,a1i,c2i,a2i
1,0.20333544297488657,0.699126656962329,44.591083081644726,1.2663713475629408,213.31812002173436
2,0.030675575362963177,0.06176859989494137,33.22207734005234,0.15451201634757755,214.82908278576977
