PrincipalComponent,coi,c1i,a1i,c2i,a2i
1,0.21589892890103266,1.024497593031159,65.66888805392628,0.9270614728952586,218.47237940853472
2,0.0023864464732242133,0.0007728848048363171,39.49184369510317,0.002625316450919363,221.76933730285546
