PrincipalComponent,coi,c1i,a1i,c2i,a2i
1,0.21128167540202009,1.0142462902104572,63.73857544206903,0.9562940383840414,218.16316700523393
2,0.0052309880102123976,0.0013785659524010267,38.96390278897603,0.011095812422844492,221.17722282630564
