PrincipalComponent,coi,c1i,a1i,c2i,a2i
1,0.22377357991091643,0.935877881677278,62.26383516848903,1.0531300567292825,217.1046264275466
2,0.023164659165782503,2.9496204201948677e-19,38.33451522333156,0.08010941841808261,220.47017304312695
