PrincipalComponent,coi,c1i,a1i,c2i,a2i
1,0.10896135388780323,0.5418155071622618,67.18096609357744,0.45092935826230174,226.35993227196855
