PrincipalComponent,coi,c1i,a1i,c2i,a2i
1,0.22296197145810415,0.855808869991089,57.315449688654255,1.1806979908364457,215.68882125736022
2,0.02790492400791739,0.01531851203409999,36.793607520265326,0.10898346143013904,218.765958218868
