PrincipalComponent,coi,c1i,a1i,c2i,a2i
1,0.20695324374008509,0.7330474355911757,45.52685772544396,1.2882774112036932,213.62702361994803
2,0.02748567941772611,0.0522875298968365,33.513050209653464,0.13288877708403216,215.146334894235
