PrincipalComponent,coi,c1i,a1i,c2i,a2i
1,0.22629461228381978,0.953417455571588,61.69890237758252,1.0894224974130837,217.1290278953995
2,0.016563127682066355,0.0,38.214707948138525,0.0575662283845806,220.31325894291243
