PrincipalComponent,coi,c1i,a1i,c2i,a2i
1,0.2133270137804785,1.0424471702100209,64.17878597968704,0.9629639588273644,218.35914112388278
2,0.002380536649243137,2.1608214434341508e-20,39.120518663088035,0.003328083181045837,221.33381411981037
