PrincipalComponent,coi,c1i,a1i,c2i,a2i
1,0.20145665728134773,0.6563762796680919,39.671444182907514,1.315319702937833,212.75522899412698
2,0.02124914256651503,0.09871896517094925,32.196037402079604,0.1528313722104242,213.41582582867872
