PrincipalComponent,coi,c1i,a1i,c2i,a2i
1,0.22494442840546408,0.7057948722023011,40.8985311721668,1.4569680891865984,212.81702436294376
2,0.012815819270049487,0.04284480453406658,32.28826525393064,0.06976217094442824,213.71475555773262
