PrincipalComponent,coi,c1i,a1i,c2i,a2i
1,0.11252007209042873,0.456515457618601,54.22197702299664,0.6139296322760415,220.84016777496154
