PrincipalComponent,coi,c1i,a1i,c2i,a2i
1,0.2225111827603652,0.6492969238063523,36.81004799567376,1.45785236761381,212.30993217412444
2,0.007819666882892698,0.08389641058749084,31.398624947637636,0.09278375432942673,212.55422098308657
