PrincipalComponent,coi,c1i,a1i,c2i,a2i
1,0.2371777484925088,0.7791662002371752,49.154549235654976,1.404617745895442,214.12856428208255
2,0.011455710407401771,0.014175821237053318,34.52772315465355,0.04606683955417082,216.19207263574592
