PrincipalComponent,coi,c1i,a1i,c2i,a2i
1,0.23897794864894153,0.8584328158584663,53.62053858603408,1.3114280860747425,215.38795433121481
2,0.004758383848680854,0.0010397768027170027,35.89428736375609,0.012400745189270314,217.70839953712954
