PrincipalComponent,coi,c1i,a1i,c2i,a2i
1,0.12965631789457194,0.417179709931545,53.004308929328225,0.705444454901186,219.35729998725068
