PrincipalComponent,coi,c1i,a1i,c2i,a2i
1,0.2458310033400875,0.6829947577253365,39.61258515998432,1.5832863337337486,212.41534219556462
2,0.007535097799719141,0.029872887783687404,31.8911439857801,0.03196004493606248,213.25997457032457
