PrincipalComponent,coi,c1i,a1i,c2i,a2i
1,0.2582545458660493,0.7420721804185337,47.501668445168285,1.535600749471892,213.3925541673324
2,0.005325032308973602,0.007425046021312671,33.9630199356067,0.013726906918876496,215.54363646552372
