PrincipalComponent,coi,c1i,a1i,c2i,a2i
1,0.10752962955729953,0.5313000701373471,63.50120844005358,0.48907510153910155,224.9338754820002
