PrincipalComponent,coi,c1i,a1i,c2i,a2i
1,0.22697220479070268,0.8531920693009432,55.32052381159856,1.2363178799315055,215.38120860829267
2,0.02170495560385001,0.012449793160266542,36.2619426667934,0.08638868754310583,218.15288536746996
