PrincipalComponent,coi,c1i,a1i,c2i,a2i
1,0.24393690299704535,0.6649912511161797,29.02902192292517,1.7228945613326467,210.47371694798443
2,0.0001885910268904488,0.00932294695710537,28.957452914119052,0.005948022018321393,210.02923002914574
