PrincipalComponent,coi,c1i,a1i,c2i,a2i
1,0.11709799352170977,0.33535874427035967,29.020905792519564,0.8748860630569237,210.28307685464807
