PrincipalComponent,coi,c1i,a1i,c2i,a2i
1,0.13241155593333,0.35136356993912843,42.4112443443294,0.8322484959305079,214.87680781613756
