PrincipalComponent,coi,c1i,a1i,c2i,a2i
1,0.2553217094792494,0.6357534728171355,33.15715575039558,1.6942929313996333,211.64696366399733
2,0.0,0.03279891532688669,30.267307610353885,0.021649198964033195,211.41211106272704
