PrincipalComponent,coi,c1i,a1i,c2i,a2i
1,0.12692318915241999,0.33842641125797834,28.998485712675944,0.8541910401069881,210.2891148218069
