PrincipalComponent,coi,c1i,a1i,c2i,a2i
1,0.7795045640877167,0.8025632885966074,46.22948270688685,0.5940008153856741,216.57817176988723
2,0.14487875066960734,0.08225776260035839,33.78346923242421,0.3461564745423156,216.15439912445322
