PrincipalComponent,coi,c1i,a1i,c2i,a2i
1,0.838697536886839,0.8697850117020572,50.114521346932136,0.46400451619793165,217.62523291819176
2,0.11927407943583473,0.020366475612254197,34.780120922552655,0.31844061983743904,217.52826389571436
