PrincipalComponent,coi,c1i,a1i,c2i,a2i
1,0.9167450979056981,0.9265719010385025,59.74496141762203,0.3660657521832616,219.81875604917266
2,0.09067313455942261,0.004588550092021374,37.34168501194892,0.257090280650594,220.56168961970982
