PrincipalComponent,coi,c1i,a1i,c2i,a2i
1,0.9901938980484073,1.0537209413662212,73.57114148217332,0.19621383696988579,222.60928786659628
2,0.06774709318430464,0.016120455900985688,40.742224971502814,0.19427901990777902,224.69176218723013
