PrincipalComponent,coi,c1i,a1i,c2i,a2i
1,1.0306373196529357,1.1267377844625304,79.75574589796354,0.12402473498050068,223.09649816174866
2,0.04933738019249295,0.041187633826998034,42.048295784841166,0.1342260628395368,226.25193472020598
