PrincipalComponent,coi,c1i,a1i,c2i,a2i
1,1.07671550681069,1.2992152190647916,90.4412077980111,0.0,222.70803433564637
2,0.034180428256344805,0.08186623782820301,44.358804289887765,0.04840858719111846,228.60834128682671
