PrincipalComponent,coi,c1i,a1i,c2i,a2i
1,1.0827789375084544,1.3211468409917206,91.58343726182747,0.0,222.1000500090405
2,0.03303358887621113,0.0910876159418926,44.55514037012711,0.03445822777550513,228.70123624882567
