PrincipalComponent,coi,c1i,a1i,c2i,a2i
1,1.1027451442711864,1.3693215992594285,95.29821521419457,0.0,219.60467639493447
2,0.03568205580051833,0.11797119078998061,45.19618469097193,0.004579076166326107,228.89181195038393
