PrincipalComponent,coi,c1i,a1i,c2i,a2i
1,1.1094263352058675,1.401552663062823,97.27466239747932,3.973643983485459e-17,218.01881732443954
2,0.04234406352039275,0.13271688571250773,46.26981618781905,1.3755444900695747e-17,229.0561036830459
